loan_id,no_of_dependents,education,self_employed,income_annum,loan_amount,loan_term,cibil_score,residential_assets_value,commercial_assets_value,luxury_assets_value,bank_asset_value,loan_status
1,5,Graduate,No,853000,4610000,15,634,1720000,1726000,3120000,1147000,Rejected
2,0,Not Graduate,No,356000,1570000,10,542,805000,211000,290000,156000,Rejected
3,4,Graduate,No,1140000,5000000,10,558,2851000,2443000,2671000,1522000,Rejected
4,0,Graduate,No,1290000,5000000,20,684,904000,814000,157000,509000,Approved
5,2,Graduate,No,197000,1314000,15,807,349000,408000,140000,283000,Approved
6,3,Graduate,Yes,300000,1582000,15,683,535000,471000,614000,372000,Rejected
7,1,Graduate,Yes,761000,4822000,10,617,2262000,918000,198000,246000,Rejected
8,2,Graduate,No,570000,2556000,25,715,1026000,1323000,1264000,140000,Approved
9,2,Graduate,No,692000,4660000,15,630,1108000,1400000,567000,854000,Rejected
10,1,Graduate,No,402000,2804000,20,618,279000,131000,1179000,115000,Rejected
11,5,Not Graduate,No,1240000,3501000,10,569,3128000,2187000,4323000,1573000,Rejected
12,1,Graduate,No,1161000,3980000,10,770,2651000,2292000,3551000,2320000,Approved
13,0,Graduate,No,731000,2646000,5,434,1896000,989000,254000,212000,Rejected
14,4,Not Graduate,No,1456000,4363000,15,718,3495000,1005000,2964000,1418000,Approved
15,2,Graduate,No,949000,4133000,15,611,2943000,556000,506000,1758000,Rejected
16,1,Graduate,No,400000,1263000,15,615,1243000,974000,678000,751000,Approved
17,1,Graduate,No,890000,4960000,15,794,1143000,972000,3003000,96000,Approved
18,0,Graduate,No,375000,979000,5,589,331000,486000,98000,610000,Rejected
19,1,Not Graduate,No,1239000,4485000,15,592,4045000,1853000,1340000,638000,Rejected
20,1,Graduate,No,678000,4063000,10,639,1750000,171000,2253000,1021000,Rejected
21,2,Graduate,No,621000,2727000,10,685,2116000,126000,1045000,461000,Approved
22,2,Not Graduate,No,450000,2038000,5,612,851000,223000,458000,220000,Rejected
23,4,Graduate,No,1550000,5000000,20,516,5238000,253000,5894000,1500000,Rejected
24,4,Not Graduate,No,633000,5000000,25,576,438000,1422000,448000,249000,Rejected
25,1,Graduate,No,530000,2857000,20,759,1160000,196000,1683000,465000,Approved
26,5,Graduate,No,557000,1378000,10,656,1052000,315000,443000,457000,Approved
27,4,Not Graduate,No,989000,2589000,25,688,305000,1328000,3813000,1906000,Approved
28,4,Graduate,No,888000,5000000,25,628,815000,1990000,2811000,983000,Rejected
29,3,Graduate,No,915000,5000000,15,594,724000,112000,1078000,1289000,Rejected
30,1,Graduate,No,926000,5000000,10,793,458000,500000,3645000,362000,Approved
31,1,Not Graduate,Yes,2816000,5000000,20,634,9389000,5050000,1539000,5617000,Approved
32,4,Not Graduate,No,537000,1653000,25,612,1820000,697000,1854000,548000,Approved
33,2,Graduate,No,502000,2354000,20,743,1583000,746000,1420000,99000,Approved
34,4,Graduate,No,412000,2797000,20,589,1427000,17000,321000,510000,Rejected
35,3,Graduate,No,1045000,5000000,20,599,3091000,2265000,2331000,701000,Approved
36,1,Graduate,Yes,1458000,4992000,25,651,4787000,2110000,214000,909000,Approved
37,1,Graduate,No,650000,3624000,5,650,606000,1356000,1518000,434000,Rejected
38,5,Not Graduate,Yes,405000,1192000,10,672,454000,976000,960000,376000,Approved
39,0,Graduate,No,410000,3177000,20,828,1254000,750000,694000,250000,Approved
40,3,Graduate,No,1068000,3752000,10,679,1959000,83000,3541000,1675000,Rejected
41,5,Graduate,Yes,1135000,5000000,15,448,2945000,2019000,4233000,453000,Rejected
42,0,Graduate,No,996000,3373000,15,678,2090000,1403000,2173000,325000,Approved
43,1,Graduate,No,454000,2586000,15,653,580000,118000,1239000,115000,Approved
44,2,Graduate,No,814000,4848000,5,654,986000,550000,544000,692000,Approved
45,4,Graduate,No,755000,2998000,20,671,2034000,319000,3014000,204000,Approved
46,2,Graduate,No,807000,5000000,15,648,1616000,1866000,2781000,80000,Approved
47,0,Graduate,No,1233000,5000000,20,646,1788000,2451000,4687000,770000,Approved
48,0,Graduate,No,810000,5000000,15,702,1842000,1419000,2539000,1588000,Approved
49,1,Not Graduate,No,1088000,4335000,25,604,1788000,2076000,1479000,78000,Rejected
50,1,Graduate,No,731000,4727000,20,569,1331000,1099000,705000,128000,Rejected
51,1,Graduate,No,845000,4527000,25,900,2087000,1807000,1769000,1003000,Approved
52,4,Not Graduate,Yes,1055000,5000000,15,589,1863000,603000,445000,1077000,Rejected
53,0,Graduate,No,271000,1318000,5,659,905000,170000,610000,69000,Approved
54,3,Graduate,No,569000,3187000,20,523,1054000,842000,878000,1021000,Approved
55,4,Not Graduate,No,516000,1452000,20,660,1743000,1045000,1516000,704000,Approved
56,2,Graduate,No,462000,2057000,5,571,1392000,965000,1174000,469000,Rejected
57,2,Not Graduate,No,585000,1794000,20,612,1843000,1428000,621000,650000,Rejected
58,0,Graduate,Yes,1850000,5000000,20,739,5074000,3526000,5477000,2965000,Approved
59,2,Graduate,No,399000,1104000,10,690,892000,232000,524000,96000,Approved
60,1,Graduate,No,1314000,4303000,20,698,2634000,758000,1405000,2457000,Approved
61,1,Graduate,No,234000,1566000,15,499,483000,261000,405000,63000,Rejected
62,2,Graduate,No,563000,2983000,5,806,532000,915000,403000,532000,Rejected
63,0,Graduate,Yes,778000,1666000,25,549,767000,998000,1064000,415000,Approved
64,1,Graduate,No,1025000,5000000,20,780,420000,173000,1141000,1381000,Approved
65,3,Graduate,No,1111000,5000000,20,737,2984000,1338000,205000,1875000,Approved
66,2,Graduate,No,1172000,5000000,20,699,820000,2394000,1492000,1468000,Approved
67,0,Graduate,No,558000,3871000,25,577,1207000,335000,1072000,272000,Rejected
68,0,Graduate,No,518000,4120000,15,663,384000,822000,1728000,813000,Approved
69,1,Graduate,Yes,1223000,5000000,15,610,627000,825000,983000,2309000,Rejected
70,2,Not Graduate,No,618000,4805000,15,652,1241000,859000,851000,225000,Approved
71,2,Graduate,No,305000,2346000,20,629,944000,534000,65000,166000,Rejected
72,0,Graduate,No,335000,1300000,15,477,482000,174000,132000,363000,Rejected
73,2,Not Graduate,No,385000,2765000,20,745,1248000,712000,573000,575000,Approved
74,5,Not Graduate,No,967000,5000000,15,643,322000,1635000,1982000,288000,Rejected
75,2,Graduate,No,768000,5000000,10,609,1375000,600000,2318000,114000,Rejected
76,2,Graduate,No,1097000,5000000,25,602,844000,2454000,3375000,1268000,Rejected
77,2,Not Graduate,No,530000,2282000,20,680,695000,1034000,1942000,850000,Approved
78,4,Graduate,No,776000,3415000,15,574,292000,1011000,2825000,489000,Rejected
79,4,Graduate,Yes,1051000,5000000,20,458,434000,217000,521000,1247000,Rejected
80,0,Graduate,No,572000,3676000,20,685,1476000,630000,307000,925000,Rejected
81,1,Graduate,No,942000,5000000,20,694,2256000,777000,1919000,100000,Approved
82,0,Not Graduate,Yes,455000,3301000,15,633,440000,299000,1092000,321000,Rejected
83,3,Graduate,No,553000,3499000,20,552,1761000,890000,1345000,355000,Rejected
84,0,Graduate,No,546000,4227000,5,658,1366000,1258000,1090000,797000,Rejected
85,4,Graduate,No,322000,989000,10,526,443000,118000,1264000,434000,Rejected
86,0,Graduate,No,961000,5000000,20,563,1542000,1782000,2004000,1597000,Rejected
87,2,Not Graduate,Yes,516000,1231000,15,586,638000,802000,1934000,578000,Rejected
88,1,Not Graduate,No,706000,3766000,5,722,2088000,1177000,2791000,349000,Rejected
89,2,Graduate,No,957000,2432000,10,619,1800000,2022000,1753000,856000,Rejected
90,2,Not Graduate,No,936000,5000000,15,612,686000,879000,582000,770000,Approved
91,3,Graduate,No,1079000,4684000,20,816,1020000,1563000,1479000,1459000,Approved
92,2,Graduate,No,657000,1636000,15,680,821000,455000,984000,1255000,Approved
93,2,Graduate,No,532000,3133000,20,679,846000,378000,1896000,501000,Rejected
94,3,Graduate,No,665000,4247000,25,619,1461000,853000,2561000,862000,Rejected
95,4,Graduate,No,234000,713000,15,599,792000,4000,178000,93000,Rejected
96,3,Not Graduate,Yes,273000,1683000,20,464,311000,169000,49000,319000,Rejected
97,3,Graduate,No,296000,910000,10,732,400000,112000,989000,435000,Approved
98,2,Graduate,No,366000,1034000,15,688,138000,110000,834000,563000,Rejected
99,4,Not Graduate,No,908000,2619000,10,635,1355000,873000,2751000,1769000,Approved
100,2,Not Graduate,No,389000,2176000,5,638,957000,101000,542000,769000,Approved
101,4,Graduate,No,547000,3650000,5,713,1850000,211000,393000,577000,Rejected
102,3,Graduate,No,1629000,5000000,10,518,4347000,2723000,1844000,2815000,Rejected
103,0,Not Graduate,No,555000,3805000,20,600,376000,904000,160000,826000,Rejected
104,0,Graduate,No,1131000,5000000,20,553,3561000,2672000,1815000,1214000,Rejected
105,3,Graduate,No,382000,2591000,25,801,1140000,879000,186000,41000,Approved
106,3,Graduate,Yes,612000,4810000,20,724,554000,1337000,1168000,1197000,Approved
107,2,Graduate,No,377000,1638000,20,463,1240000,651000,1213000,728000,Rejected
108,5,Graduate,Yes,562000,1630000,10,521,1453000,375000,161000,596000,Rejected
109,2,Not Graduate,Yes,1209000,3400000,20,639,3391000,538000,4349000,872000,Rejected
110,1,Graduate,No,228000,1273000,15,610,403000,541000,132000,61000,Rejected
111,2,Not Graduate,Yes,928000,4902000,25,537,874000,2226000,2467000,146000,Rejected
112,0,Graduate,Yes,817000,2537000,25,815,2334000,1030000,848000,1321000,Approved
113,2,Graduate,No,476000,3471000,10,677,870000,653000,1616000,404000,Rejected
114,4,Graduate,No,273000,2113000,20,690,927000,4000,38000,313000,Approved
115,0,Graduate,No,734000,2583000,20,591,580000,273000,1280000,468000,Rejected
116,4,Graduate,No,496000,1608000,20,711,713000,677000,1910000,619000,Approved
117,3,Not Graduate,No,814000,2673000,10,618,2160000,370000,440000,1245000,Approved
118,0,Graduate,No,710000,3070000,20,626,1513000,850000,2177000,1272000,Rejected
119,4,Graduate,No,1983000,5000000,20,702,3344000,3941000,5818000,2017000,Approved
120,3,Graduate,No,599000,3340000,15,512,1525000,1199000,806000,381000,Rejected
121,2,Graduate,No,360000,866000,20,786,953000,775000,121000,72000,Approved
122,1,Graduate,No,787000,3807000,10,666,1690000,464000,2636000,1350000,Approved
123,1,Graduate,No,808000,2054000,25,759,1067000,872000,2932000,1385000,Approved
124,2,Graduate,Yes,1693000,5000000,10,559,3860000,2653000,1013000,1251000,Rejected
125,1,Not Graduate,No,1205000,5000000,10,572,2464000,1751000,4105000,547000,Approved
126,1,Not Graduate,No,883000,5000000,15,551,2519000,2205000,2958000,1204000,Rejected
127,4,Graduate,No,1812000,5000000,20,671,4333000,1252000,4259000,2764000,Approved
128,3,Graduate,No,323000,2341000,20,656,610000,58000,1019000,471000,Approved
129,3,Graduate,Yes,462000,969000,5,611,166000,448000,117000,87000,Approved
130,5,Graduate,No,383000,2545000,10,564,320000,496000,779000,754000,Rejected
131,0,Not Graduate,No,543000,1160000,20,542,748000,526000,2102000,604000,Rejected
132,1,Graduate,No,286000,1094000,15,646,636000,228000,893000,354000,Rejected
133,3,Not Graduate,No,1058000,5000000,5,610,3000000,680000,1212000,146000,Rejected
134,2,Graduate,No,606000,3722000,25,592,2043000,648000,1534000,44000,Rejected
135,0,Not Graduate,No,269000,816000,10,782,597000,463000,250000,80000,Approved
136,3,Not Graduate,No,362000,1790000,20,643,953000,135000,350000,294000,Rejected
137,0,Not Graduate,No,858000,5000000,15,758,1964000,1857000,719000,1624000,Approved
138,2,Not Graduate,No,1207000,5000000,20,605,2024000,1935000,1015000,1774000,Rejected
139,2,Graduate,Yes,2563000,5000000,20,671,5769000,688000,5247000,5122000,Approved
140,2,Graduate,Yes,4652000,5000000,15,645,7360000,274000,6086000,6400000,Approved
141,1,Graduate,No,916000,4578000,20,506,1605000,118000,2871000,224000,Rejected
142,0,Not Graduate,No,368000,1074000,25,771,1183000,83000,1320000,517000,Approved
143,4,Not Graduate,No,175000,400000,20,639,368000,282000,350000,228000,Rejected
144,4,Graduate,No,833000,4657000,15,713,518000,1959000,705000,1481000,Approved
145,2,Not Graduate,No,413000,2751000,15,586,816000,138000,1649000,459000,Rejected
146,0,Graduate,No,534000,1184000,25,636,1789000,380000,151000,282000,Rejected
147,2,Graduate,No,470000,3150000,5,576,291000,1017000,1054000,695000,Rejected
148,1,Graduate,No,639000,3986000,5,755,2178000,808000,611000,971000,Approved
149,1,Graduate,No,1400000,5000000,10,676,4845000,1495000,5260000,1474000,Rejected
150,0,Graduate,No,775000,2688000,20,681,1623000,917000,1060000,182000,Approved
151,0,Not Graduate,No,631000,2752000,10,765,861000,160000,2421000,541000,Approved
152,1,Graduate,No,357000,971000,15,748,117000,196000,1390000,603000,Approved
153,1,Graduate,No,236000,810000,20,715,83000,568000,892000,152000,Approved
154,3,Graduate,No,510000,1947000,10,529,786000,820000,1628000,753000,Rejected
155,2,Graduate,Yes,676000,2648000,15,591,1897000,484000,2022000,368000,Rejected
156,2,Graduate,No,2209000,5000000,15,565,7324000,5230000,8429000,1526000,Approved
157,0,Not Graduate,No,762000,2387000,10,712,606000,757000,741000,539000,Approved
158,4,Graduate,No,1326000,5000000,25,665,2467000,467000,4321000,417000,Rejected
159,0,Not Graduate,No,506000,3392000,10,532,964000,1221000,275000,372000,Rejected
160,1,Not Graduate,No,324000,1318000,20,634,491000,539000,490000,473000,Approved
161,2,Not Graduate,No,374000,2875000,15,523,758000,704000,624000,311000,Rejected
162,3,Graduate,No,437000,1500000,10,645,1425000,25000,1740000,277000,Approved
163,3,Graduate,No,2792000,5000000,10,509,4756000,1976000,3774000,3955000,Approved
164,2,Not Graduate,No,410000,2821000,20,695,304000,969000,928000,433000,Rejected
165,1,Graduate,No,1207000,5000000,15,682,2932000,469000,3103000,1086000,Approved
166,1,Graduate,No,389000,1326000,10,812,156000,849000,1067000,623000,Approved
167,2,Graduate,No,1283000,5000000,25,722,4245000,2471000,729000,1020000,Approved
168,1,Graduate,No,899000,4499000,15,614,2974000,851000,2050000,999000,Approved
169,1,Graduate,No,632000,3617000,25,720,376000,1401000,1628000,71000,Rejected
170,0,Not Graduate,No,682000,3024000,10,531,1407000,1573000,2471000,485000,Rejected
171,4,Graduate,No,457000,2097000,10,568,1303000,990000,1752000,234000,Rejected
172,0,Graduate,No,935000,3351000,20,678,1671000,952000,951000,1662000,Approved
173,1,Not Graduate,No,521000,2715000,15,467,955000,765000,480000,47000,Rejected
174,4,Graduate,No,316000,1048000,10,647,1076000,242000,874000,447000,Approved
175,3,Graduate,No,305000,2198000,10,563,316000,99000,613000,465000,Rejected
176,2,Not Graduate,Yes,783000,5000000,5,659,1554000,1766000,2349000,547000,Approved
177,3,Not Graduate,No,1954000,5000000,20,558,1305000,4793000,6661000,1077000,Rejected
178,0,Graduate,Yes,777000,5000000,15,686,985000,114000,110000,289000,Rejected
179,3,Graduate,No,648000,1323000,25,652,1959000,1114000,2286000,383000,Approved
180,1,Graduate,No,843000,3428000,10,769,2186000,2001000,957000,1545000,Approved
181,5,Not Graduate,No,1636000,5000000,15,651,3695000,2486000,6349000,220000,Approved
182,1,Not Graduate,No,807000,3889000,15,585,536000,95000,1435000,759000,Rejected
183,2,Graduate,Yes,536000,3480000,20,629,1620000,20000,1836000,303000,Rejected
184,2,Not Graduate,No,1437000,5000000,25,536,1802000,1811000,1264000,2022000,Rejected
185,0,Graduate,No,925000,3959000,20,685,1861000,2174000,1987000,649000,Approved
186,1,Graduate,No,1899000,5000000,5,700,1988000,1324000,659000,1376000,Approved
187,3,Graduate,No,789000,4468000,15,860,1551000,691000,2340000,129000,Approved
188,1,Graduate,No,316000,1165000,20,597,663000,629000,1193000,577000,Rejected
189,5,Not Graduate,No,288000,820000,5,627,400000,577000,976000,307000,Rejected
190,1,Graduate,No,2047000,5000000,20,601,3928000,4829000,5636000,378000,Approved
191,2,Graduate,No,2146000,5000000,15,668,3432000,4499000,1210000,3253000,Approved
192,2,Graduate,No,623000,4829000,15,682,1577000,925000,2453000,979000,Approved
193,2,Not Graduate,No,546000,1806000,15,645,1114000,1281000,787000,518000,Approved
194,3,Graduate,No,1810000,3813000,15,742,5629000,2780000,4648000,3546000,Approved
195,3,Not Graduate,No,341000,1577000,25,598,156000,513000,397000,167000,Rejected
196,2,Graduate,No,391000,2972000,20,734,151000,15000,1301000,663000,Approved
197,2,Not Graduate,No,1063000,3008000,25,696,960000,1210000,1675000,1808000,Approved
198,2,Graduate,No,542000,1465000,20,649,368000,58000,880000,578000,Approved
199,2,Graduate,No,698000,1685000,15,623,1384000,1568000,82000,770000,Approved
200,0,Not Graduate,No,629000,4145000,20,856,592000,16000,1474000,169000,Approved
201,0,Graduate,No,872000,5000000,15,581,306000,669000,940000,270000,Rejected
202,2,Not Graduate,Yes,1748000,5000000,20,675,2105000,4348000,6459000,1529000,Approved
203,4,Graduate,Yes,742000,1721000,10,586,1432000,1475000,2340000,1366000,Rejected
204,0,Graduate,No,1064000,5000000,25,802,2751000,2015000,4057000,498000,Approved
205,2,Not Graduate,Yes,185000,868000,20,725,315000,330000,300000,181000,Rejected
206,1,Not Graduate,No,678000,1998000,20,592,2292000,87000,1818000,119000,Approved
207,2,Graduate,No,405000,1527000,20,694,380000,292000,754000,257000,Rejected
208,3,Graduate,Yes,317000,1587000,20,672,617000,633000,1156000,246000,Rejected
209,3,Not Graduate,No,396000,1575000,20,606,440000,887000,540000,763000,Approved
210,3,Graduate,Yes,563000,4402000,20,714,1622000,493000,778000,240000,Approved
211,3,Not Graduate,No,1270000,5000000,10,683,1144000,824000,1940000,313000,Approved
212,0,Graduate,No,296000,1253000,20,668,1000000,175000,604000,46000,Rejected
213,2,Graduate,No,714000,4312000,15,646,1852000,978000,2543000,763000,Approved
214,1,Not Graduate,No,511000,3017000,20,687,1064000,372000,465000,543000,Approved
215,4,Graduate,No,566000,1140000,20,669,1134000,30000,1494000,244000,Approved
216,3,Graduate,Yes,1343000,5000000,10,655,1961000,1312000,1737000,715000,Approved
217,0,Graduate,No,993000,3438000,20,596,365000,1375000,419000,667000,Approved
218,1,Not Graduate,No,1670000,5000000,15,794,5391000,2648000,6378000,114000,Approved
219,2,Graduate,No,633000,3949000,20,561,1800000,543000,2003000,1040000,Rejected
220,5,Not Graduate,No,445000,2378000,20,686,326000,349000,1697000,693000,Approved
221,0,Graduate,Yes,605000,2548000,20,623,418000,429000,1005000,408000,Approved
222,2,Graduate,No,820000,2464000,20,800,1054000,1278000,2503000,959000,Approved
223,1,Graduate,No,785000,3951000,10,573,2153000,557000,2072000,542000,Rejected
224,3,Graduate,No,346000,1355000,10,588,661000,793000,870000,35000,Rejected
225,3,Graduate,No,742000,5000000,20,568,1776000,523000,191000,890000,Rejected
226,1,Graduate,No,812000,4227000,10,677,260000,1606000,308000,1183000,Approved
227,3,Graduate,Yes,3596000,5000000,10,533,11708000,2874000,3098000,2521000,Approved
228,0,Not Graduate,No,2371000,5000000,10,609,1968000,3762000,7169000,1235000,Approved
229,3,Graduate,No,402000,2800000,15,467,531000,703000,1292000,227000,Rejected
230,1,Graduate,No,581000,1359000,25,670,1935000,253000,1525000,425000,Approved
231,2,Graduate,No,270000,1023000,10,607,714000,256000,229000,260000,Rejected
232,1,Graduate,No,477000,1178000,15,524,923000,152000,1494000,726000,Rejected
233,2,Not Graduate,No,859000,1881000,25,742,2630000,1097000,466000,376000,Approved
234,1,Not Graduate,Yes,1533000,5000000,25,539,760000,3485000,5498000,2188000,Rejected
235,2,Not Graduate,No,436000,2747000,10,718,237000,650000,698000,842000,Rejected
236,0,Graduate,Yes,458000,2634000,25,590,365000,803000,1345000,184000,Rejected
237,1,Graduate,No,173000,899000,10,786,198000,122000,132000,180000,Approved
238,3,Not Graduate,No,630000,3413000,20,714,1618000,737000,835000,475000,Approved
239,2,Not Graduate,No,351000,2047000,5,564,703000,650000,713000,429000,Rejected
240,2,Graduate,No,496000,3452000,15,572,825000,163000,1010000,877000,Rejected
241,2,Graduate,No,396000,2210000,15,701,1110000,120000,190000,704000,Approved
242,2,Not Graduate,No,658000,4271000,20,628,865000,369000,1473000,601000,Rejected
243,4,Not Graduate,No,223000,822000,5,636,128000,132000,88000,340000,Approved
244,2,Graduate,No,270000,2122000,15,758,424000,650000,1000000,283000,Approved
245,4,Graduate,No,2794000,5000000,20,586,7691000,1108000,4875000,4346000,Approved
246,4,Not Graduate,No,303000,1309000,5,658,551000,80000,549000,538000,Approved
247,2,Graduate,No,343000,2501000,25,731,1175000,118000,806000,493000,Rejected
248,1,Graduate,No,2310000,5000000,15,719,7021000,1172000,7273000,389000,Approved
249,3,Graduate,No,4626000,5000000,10,636,13096000,4264000,1717000,2444000,Approved
250,3,Graduate,No,327000,1371000,10,625,907000,161000,929000,517000,Approved
251,1,Not Graduate,No,551000,2518000,15,502,1190000,121000,2012000,49000,Rejected
252,1,Not Graduate,No,874000,5000000,10,560,2783000,299000,1584000,926000,Rejected
253,0,Graduate,Yes,2153000,5000000,20,677,4710000,4250000,327000,2670000,Approved
254,3,Graduate,No,369000,1765000,20,638,551000,480000,393000,608000,Rejected
255,3,Not Graduate,No,597000,4679000,15,656,553000,1113000,2251000,969000,Rejected
256,1,Graduate,No,1160000,5000000,15,738,3366000,512000,650000,224000,Approved
257,2,Graduate,No,929000,5000000,20,549,1382000,709000,142000,1278000,Rejected
258,3,Graduate,No,548000,1905000,15,630,1551000,1346000,2055000,872000,Approved
259,4,Graduate,No,642000,3167000,20,666,2212000,137000,2225000,164000,Approved
260,0,Not Graduate,Yes,286000,623000,25,590,451000,314000,542000,285000,Rejected
261,1,Graduate,No,600000,1232000,10,772,834000,444000,73000,790000,Approved
262,1,Not Graduate,No,589000,3671000,20,727,497000,11000,1400000,423000,Rejected
263,2,Graduate,No,814000,2206000,25,675,1482000,1124000,2674000,629000,Approved
264,0,Graduate,No,488000,2580000,20,803,1168000,671000,593000,122000,Approved
265,1,Not Graduate,No,951000,5000000,25,523,1237000,762000,736000,1484000,Rejected
266,3,Graduate,No,1352000,2965000,15,649,2507000,1596000,4905000,693000,Approved
267,2,Not Graduate,Yes,774000,3632000,20,681,1562000,758000,2395000,695000,Approved
268,0,Graduate,No,880000,5000000,15,572,1039000,1021000,1626000,930000,Rejected
269,1,Not Graduate,No,725000,5000000,5,676,272000,1537000,2631000,160000,Rejected
270,0,Graduate,No,700000,2657000,25,556,693000,1249000,1730000,623000,Rejected
271,1,Graduate,Yes,438000,3436000,15,709,1257000,307000,1656000,152000,Rejected
272,2,Graduate,No,860000,5000000,25,740,1023000,515000,432000,433000,Approved
273,0,Graduate,No,657000,3879000,20,673,226000,1191000,1184000,489000,Approved
274,0,Graduate,No,2729000,5000000,25,493,4530000,1532000,7502000,2743000,Approved
275,4,Graduate,No,1946000,5000000,25,568,4834000,4415000,3290000,1745000,Approved
276,4,Graduate,No,900000,5000000,20,698,2437000,1874000,1318000,171000,Approved
277,0,Graduate,No,426000,1627000,25,652,692000,269000,1198000,312000,Approved
278,3,Graduate,No,340000,2705000,20,421,724000,681000,837000,43000,Rejected
279,0,Graduate,No,1518000,5000000,20,756,4077000,726000,1824000,818000,Approved
280,3,Graduate,Yes,830000,4078000,20,662,2611000,52000,1520000,179000,Rejected
281,4,Not Graduate,Yes,956000,5000000,10,580,2244000,2297000,2731000,360000,Rejected
282,2,Graduate,No,225000,1157000,5,735,565000,428000,573000,232000,Approved
283,2,Graduate,No,1279000,5000000,15,592,788000,1564000,2388000,2377000,Rejected
284,1,Graduate,No,941000,5000000,15,591,1548000,1984000,1048000,404000,Rejected
285,1,Graduate,No,340000,727000,10,680,1069000,64000,186000,502000,Approved
286,2,Graduate,No,515000,1275000,20,801,419000,952000,1739000,70000,Approved
287,0,Not Graduate,No,831000,3340000,20,788,1074000,1987000,2742000,586000,Approved
288,3,Graduate,Yes,724000,5000000,20,681,1788000,1482000,1804000,603000,Rejected
289,2,Not Graduate,No,579000,2542000,25,689,1845000,625000,1348000,151000,Approved
290,0,Not Graduate,No,654000,4791000,25,717,320000,566000,413000,845000,Approved
291,2,Not Graduate,No,594000,2836000,25,543,1833000,1325000,1094000,198000,Approved
292,3,Graduate,No,773000,2886000,20,705,777000,563000,1536000,1246000,Approved
293,2,Graduate,No,1822000,5000000,10,588,5566000,4270000,3461000,2193000,Approved
294,2,Not Graduate,No,132000,708000,25,677,415000,106000,138000,197000,Approved
295,4,Not Graduate,Yes,600000,2498000,10,631,1669000,188000,350000,222000,Rejected
296,0,Graduate,No,785000,1779000,10,693,2556000,463000,2930000,525000,Approved
297,2,Graduate,No,849000,2263000,15,660,2866000,1103000,1927000,1210000,Approved
298,2,Graduate,No,550000,1560000,20,389,1793000,180000,1905000,514000,Approved
299,1,Graduate,No,223000,934000,20,665,433000,212000,607000,286000,Approved
300,5,Not Graduate,No,866000,4888000,5,705,1545000,1961000,2857000,742000,Approved
301,2,Not Graduate,No,2151000,5000000,20,688,1369000,505000,2027000,2927000,Approved
302,1,Graduate,No,258000,617000,10,641,256000,396000,132000,336000,Rejected
303,0,Graduate,No,1227000,4404000,15,790,2930000,1239000,3060000,778000,Approved
304,5,Graduate,No,565000,2515000,15,676,400000,915000,1267000,1000000,Approved
305,4,Not Graduate,No,673000,5000000,15,687,2231000,824000,320000,995000,Rejected
306,0,Not Graduate,No,353000,1538000,20,739,362000,774000,877000,65000,Approved
307,2,Graduate,No,563000,1427000,5,681,327000,567000,456000,70000,Approved
308,0,Graduate,No,1630000,5000000,10,574,1716000,2072000,851000,2358000,Rejected
309,3,Not Graduate,Yes,1022000,5000000,5,443,467000,333000,4029000,1311000,Rejected
310,2,Graduate,No,2158000,5000000,20,609,1794000,2645000,4893000,3998000,Approved
311,0,Not Graduate,Yes,1505000,5000000,25,715,3282000,432000,2086000,2058000,Approved
312,2,Graduate,No,931000,5000000,20,620,1141000,1357000,449000,425000,Approved
313,4,Graduate,No,2175000,5000000,20,718,6229000,2324000,7994000,287000,Approved
314,1,Graduate,No,931000,5000000,25,663,1485000,1823000,3516000,1013000,Approved
315,0,Graduate,No,1199000,2637000,15,759,3099000,1254000,1321000,1220000,Approved
316,4,Not Graduate,No,577000,4044000,5,625,1481000,910000,1037000,1084000,Rejected
317,0,Not Graduate,No,731000,5000000,20,690,537000,108000,1913000,1046000,Rejected
318,2,Graduate,No,445000,3338000,15,693,214000,790000,237000,803000,Rejected
319,2,Graduate,No,1332000,5000000,15,778,3989000,3188000,2923000,2032000,Approved
320,1,Not Graduate,No,325000,2186000,15,505,826000,364000,310000,435000,Rejected
321,0,Not Graduate,No,1164000,3690000,15,611,1001000,29000,1139000,1336000,Approved
322,0,Graduate,Yes,618000,3472000,15,722,1530000,933000,1515000,730000,Approved
323,0,Not Graduate,Yes,1499000,5000000,15,781,2030000,544000,1963000,1558000,Approved
324,2,Graduate,No,1140000,5000000,10,670,549000,1334000,2561000,1922000,Rejected
325,4,Not Graduate,Yes,2286000,5000000,25,625,2359000,185000,2567000,1160000,Approved
326,0,Graduate,No,1126000,4597000,20,714,3061000,1247000,2254000,2066000,Approved
327,3,Graduate,Yes,252000,831000,5,724,391000,551000,941000,288000,Approved
328,2,Not Graduate,Yes,670000,2633000,10,619,1369000,227000,1334000,605000,Approved
329,0,Not Graduate,No,327000,1957000,10,678,241000,407000,672000,151000,Rejected
330,2,Not Graduate,No,500000,3031000,5,750,298000,317000,1011000,294000,Approved
331,1,Graduate,No,1869000,5000000,5,811,1992000,1220000,6430000,2222000,Approved
332,2,Not Graduate,No,1059000,2922000,10,713,1919000,1703000,2922000,366000,Approved
333,1,Not Graduate,No,444000,3069000,20,654,1337000,831000,97000,25000,Rejected
334,3,Graduate,No,362000,2219000,20,645,993000,790000,203000,201000,Approved
335,4,Graduate,No,715000,1561000,20,697,581000,497000,1683000,460000,Approved
336,1,Not Graduate,No,317000,1272000,20,640,168000,56000,972000,598000,Approved
337,4,Graduate,No,453000,2175000,20,666,463000,501000,252000,537000,Rejected
338,1,Graduate,No,857000,3568000,20,560,2595000,1252000,1766000,721000,Approved
339,0,Not Graduate,Yes,1483000,4011000,25,760,2893000,2742000,3864000,2917000,Approved
340,1,Graduate,Yes,1040000,3374000,20,553,2997000,1966000,1730000,797000,Rejected
341,3,Not Graduate,No,158000,339000,20,613,234000,341000,443000,303000,Approved
342,3,Graduate,No,853000,2182000,20,658,1868000,66000,1225000,1609000,Approved
343,5,Graduate,Yes,734000,2641000,20,819,1617000,1800000,1857000,1024000,Approved
344,3,Not Graduate,No,916000,5000000,10,614,2112000,2214000,2827000,984000,Rejected
345,2,Not Graduate,No,2001000,5000000,10,593,3611000,178000,7659000,3306000,Approved
346,4,Graduate,No,183000,832000,15,603,195000,143000,474000,125000,Approved
347,5,Not Graduate,No,477000,2849000,10,791,797000,913000,702000,366000,Rejected
348,3,Not Graduate,No,1028000,5000000,10,411,3515000,1230000,2994000,466000,Rejected
349,2,Not Graduate,No,250000,697000,5,565,293000,3000,809000,137000,Rejected
350,3,Graduate,No,1827000,5000000,15,882,4786000,1620000,3137000,578000,Approved
351,0,Graduate,No,889000,2965000,25,700,2954000,1287000,1346000,1519000,Approved
352,4,Not Graduate,No,1214000,5000000,15,556,2564000,2670000,843000,64000,Rejected
353,5,Not Graduate,No,483000,2304000,15,646,901000,1001000,1323000,424000,Approved
354,3,Graduate,No,1188000,5000000,15,656,816000,2811000,2180000,903000,Rejected
355,1,Graduate,No,1402000,5000000,15,722,3800000,1640000,867000,1130000,Rejected
356,0,Graduate,No,814000,5000000,20,806,2618000,1624000,1864000,1380000,Approved
357,5,Graduate,No,815000,3166000,20,683,2802000,205000,3228000,1346000,Approved
358,4,Graduate,No,834000,4271000,5,604,788000,1081000,250000,1121000,Rejected
359,3,Graduate,No,399000,1948000,20,717,1294000,914000,842000,556000,Rejected
360,4,Graduate,No,636000,4007000,5,591,944000,1334000,2385000,1028000,Rejected
361,2,Graduate,No,634000,4046000,20,562,1446000,1039000,2435000,508000,Rejected
362,4,Graduate,Yes,898000,5000000,25,500,912000,335000,1287000,834000,Rejected
363,0,Not Graduate,No,1341000,4303000,25,517,1468000,610000,1032000,707000,Rejected
364,1,Graduate,No,352000,1652000,10,574,803000,597000,613000,181000,Rejected
365,2,Graduate,No,645000,4429000,20,550,1194000,525000,866000,1208000,Rejected
366,1,Graduate,Yes,1834000,5000000,20,677,6210000,1511000,3635000,2812000,Rejected
367,2,Graduate,No,432000,3415000,25,548,495000,915000,1047000,403000,Rejected
368,3,Graduate,Yes,410000,1717000,15,383,1275000,21000,1269000,52000,Rejected
369,0,Not Graduate,No,798000,3979000,15,561,1415000,783000,2053000,1196000,Rejected
370,3,Graduate,No,1212000,5000000,10,610,885000,722000,4338000,2302000,Approved
371,0,Graduate,No,705000,3244000,5,599,751000,48000,2093000,1309000,Rejected
372,4,Not Graduate,No,1661000,5000000,20,779,4515000,899000,3526000,2396000,Approved
373,1,Not Graduate,No,1222000,3582000,15,598,3599000,563000,691000,1605000,Rejected
374,3,Graduate,Yes,1210000,5000000,15,725,516000,1526000,3914000,346000,Approved
375,2,Graduate,No,1004000,5000000,20,648,1619000,1092000,2897000,218000,Approved
376,1,Graduate,No,3178000,5000000,20,646,5979000,3748000,4484000,1802000,Approved
377,1,Graduate,No,613000,3467000,25,579,1390000,1345000,616000,705000,Rejected
378,0,Graduate,No,190000,1474000,20,645,453000,235000,507000,348000,Rejected
379,1,Graduate,No,1986000,5000000,25,585,5874000,3173000,851000,3473000,Approved
380,1,Graduate,No,520000,2128000,20,664,611000,842000,1649000,336000,Approved
381,0,Graduate,No,751000,5000000,10,630,494000,970000,740000,574000,Rejected
382,3,Not Graduate,No,1640000,5000000,5,570,1471000,1250000,3960000,1074000,Approved
383,1,Graduate,No,247000,875000,25,734,815000,558000,317000,268000,Approved
384,1,Graduate,Yes,310000,1755000,10,686,635000,340000,608000,504000,Approved
385,1,Not Graduate,No,247000,912000,15,612,247000,353000,796000,390000,Approved
386,2,Graduate,No,418000,2465000,20,662,1177000,584000,510000,743000,Approved
387,2,Graduate,No,932000,2388000,10,643,2030000,1928000,213000,995000,Approved
388,3,Graduate,No,984000,5000000,10,576,1452000,1315000,395000,1312000,Rejected
389,2,Graduate,No,838000,3787000,15,656,300000,957000,327000,1601000,Approved
390,2,Graduate,No,279000,1541000,15,597,783000,321000,527000,381000,Rejected
391,1,Graduate,No,156000,336000,20,570,405000,304000,66000,59000,Approved
392,1,Graduate,Yes,725000,4475000,5,512,826000,598000,1239000,498000,Rejected
393,3,Graduate,No,515000,2563000,15,620,592000,1204000,1453000,102000,Approved
394,1,Graduate,No,944000,5000000,10,698,1103000,1998000,3334000,251000,Approved
395,4,Not Graduate,No,1105000,4303000,20,591,2702000,382000,1065000,1115000,Rejected
396,2,Not Graduate,No,766000,2202000,10,864,951000,608000,2696000,1142000,Approved
397,2,Graduate,No,1147000,5000000,10,725,1483000,2597000,4490000,480000,Approved
398,2,Graduate,No,812000,5000000,20,761,1222000,565000,2063000,547000,Rejected
399,4,Not Graduate,No,988000,3326000,10,718,3395000,785000,2939000,698000,Rejected
400,2,Graduate,No,443000,2682000,20,807,785000,241000,879000,748000,Approved
401,2,Graduate,No,623000,1432000,15,583,939000,85000,244000,255000,Rejected
402,4,Not Graduate,Yes,796000,5000000,10,432,1436000,952000,3060000,93000,Rejected
403,2,Graduate,No,1193000,4093000,15,612,3104000,2251000,4517000,1511000,Approved
404,2,Graduate,No,542000,2552000,25,697,1695000,894000,736000,584000,Approved
405,1,Graduate,No,982000,4131000,15,663,3408000,68000,848000,54000,Approved
406,1,Graduate,Yes,589000,1577000,15,673,1093000,771000,209000,908000,Approved
407,3,Graduate,No,649000,2644000,20,762,1150000,536000,1325000,569000,Approved
408,1,Graduate,No,1200000,4921000,15,682,1628000,1925000,4448000,1342000,Approved
409,0,Not Graduate,Yes,192000,985000,20,718,536000,194000,50000,261000,Approved
410,0,Graduate,No,301000,2358000,25,570,722000,738000,748000,45000,Rejected
411,5,Not Graduate,No,267000,1287000,20,557,391000,553000,897000,103000,Rejected
412,2,Graduate,Yes,154000,1153000,15,787,302000,270000,243000,147000,Approved
413,2,Graduate,No,450000,2146000,15,659,431000,580000,1119000,173000,Rejected
414,4,Graduate,No,1139000,3013000,25,597,2871000,1683000,2085000,316000,Approved
415,1,Graduate,No,582000,1968000,15,597,644000,643000,207000,398000,Approved
416,3,Graduate,No,796000,3538000,10,595,1129000,1581000,1646000,702000,Approved
417,3,Graduate,No,1421000,5000000,25,590,736000,3227000,636000,2426000,Rejected
418,2,Graduate,No,1659000,5000000,25,541,1665000,4144000,4598000,2008000,Rejected
419,3,Graduate,No,669000,4062000,15,522,618000,1002000,876000,1246000,Rejected
420,5,Graduate,No,1687000,5000000,15,633,4476000,2876000,5449000,1588000,Approved
421,1,Graduate,No,743000,3676000,20,600,1874000,743000,1775000,722000,Rejected
422,0,Graduate,No,406000,1780000,20,744,821000,9000,1521000,267000,Approved
423,3,Graduate,No,476000,2700000,20,675,732000,837000,1417000,100000,Approved
424,2,Not Graduate,No,267000,734000,15,673,840000,623000,781000,103000,Approved
425,2,Not Graduate,No,393000,1169000,15,587,1230000,845000,506000,72000,Rejected
426,1,Graduate,No,555000,2119000,15,640,1237000,1219000,1012000,789000,Rejected
427,4,Graduate,No,1180000,3572000,10,681,2838000,1186000,3549000,862000,Approved
428,3,Graduate,No,2142000,5000000,20,711,6102000,3821000,6246000,239000,Approved
429,5,Graduate,No,285000,612000,10,642,745000,455000,798000,432000,Approved
430,2,Graduate,Yes,904000,2677000,15,742,922000,1223000,118000,494000,Approved
431,5,Graduate,No,356000,2640000,20,651,680000,135000,60000,638000,Rejected
432,2,Not Graduate,Yes,953000,5000000,15,717,749000,1371000,346000,1577000,Approved
433,2,Not Graduate,No,643000,3167000,15,608,1858000,480000,144000,413000,Rejected
434,3,Graduate,No,213000,1059000,25,496,509000,375000,663000,109000,Rejected
435,2,Graduate,No,1280000,5000000,10,673,4394000,3024000,2858000,2543000,Approved
436,2,Graduate,No,472000,1046000,25,712,348000,859000,977000,778000,Approved
437,1,Graduate,No,495000,2258000,5,699,957000,321000,215000,919000,Approved
438,1,Graduate,Yes,349000,907000,15,686,913000,406000,1089000,29000,Approved
439,3,Graduate,No,458000,2018000,20,620,1409000,647000,212000,557000,Rejected
440,0,Graduate,No,924000,5000000,15,581,2801000,1677000,892000,527000,Rejected
441,3,Graduate,No,619000,4037000,20,697,586000,229000,2039000,483000,Rejected
442,1,Graduate,No,867000,5000000,10,686,2985000,1139000,2429000,197000,Approved
443,1,Graduate,No,886000,5000000,20,602,3048000,1905000,409000,1337000,Approved
444,3,Not Graduate,No,1652000,5000000,10,744,5618000,114000,641000,1776000,Approved
445,1,Graduate,No,560000,3654000,20,575,1268000,1019000,944000,893000,Approved
446,5,Graduate,No,268000,1596000,20,600,794000,590000,657000,74000,Rejected
447,5,Graduate,No,1401000,5000000,15,789,761000,2787000,1488000,2795000,Approved
448,2,Graduate,No,564000,2118000,5,724,630000,1314000,1344000,412000,Approved
449,2,Graduate,No,1445000,5000000,20,620,859000,2828000,2170000,2753000,Approved
450,0,Graduate,Yes,898000,3189000,20,674,1722000,1163000,2151000,1229000,Approved
451,3,Graduate,No,643000,3164000,15,663,2178000,767000,1884000,169000,Rejected
452,0,Graduate,No,878000,2526000,20,417,2087000,70000,2975000,1383000,Rejected
453,4,Graduate,No,2488000,5000000,5,573,4419000,116000,2149000,2845000,Approved
454,5,Graduate,No,2700000,5000000,10,646,7660000,4316000,1166000,1129000,Approved
455,0,Graduate,No,732000,2754000,20,620,1509000,504000,411000,304000,Rejected
456,3,Graduate,No,777000,3880000,10,671,1371000,597000,579000,1483000,Rejected
457,2,Not Graduate,No,1409000,4192000,15,746,3260000,2843000,1923000,2814000,Approved
458,2,Graduate,No,404000,3141000,20,623,783000,112000,86000,474000,Rejected
459,0,Not Graduate,No,869000,4068000,20,560,2045000,617000,2908000,361000,Rejected
460,3,Graduate,Yes,688000,2830000,5,678,1973000,1178000,2347000,491000,Approved
461,0,Graduate,No,858000,1866000,10,622,1527000,66000,2472000,398000,Approved
462,4,Graduate,Yes,407000,2873000,15,637,663000,529000,607000,502000,Approved
463,2,Graduate,No,249000,1433000,20,625,520000,53000,711000,207000,Rejected
464,2,Graduate,No,182000,819000,15,841,582000,347000,426000,143000,Approved
465,4,Graduate,Yes,339000,1177000,20,460,561000,538000,910000,547000,Rejected
466,3,Graduate,Yes,520000,3365000,20,617,1567000,791000,230000,1003000,Rejected
467,2,Graduate,No,579000,4443000,25,650,1317000,320000,2033000,251000,Rejected
468,2,Not Graduate,No,2466000,5000000,15,584,838000,4468000,3600000,2116000,Approved
469,2,Graduate,No,1437000,4037000,10,726,2621000,1084000,1653000,1575000,Approved
470,1,Graduate,No,375000,996000,15,719,365000,535000,609000,199000,Approved
471,4,Graduate,No,878000,1790000,10,646,686000,202000,935000,732000,Approved
472,1,Not Graduate,No,537000,3471000,15,627,564000,129000,2136000,85000,Rejected
473,2,Not Graduate,Yes,582000,4591000,25,640,1501000,282000,1525000,76000,Rejected
474,3,Graduate,No,790000,5000000,15,641,1823000,427000,2841000,1251000,Rejected
475,1,Graduate,No,1047000,5000000,10,643,2113000,331000,3988000,745000,Approved
476,4,Graduate,No,561000,1668000,20,634,1057000,166000,1328000,802000,Approved
477,1,Graduate,No,1398000,5000000,25,671,2160000,3072000,4504000,296000,Approved
478,0,Not Graduate,No,333000,1321000,10,714,1045000,462000,1209000,452000,Rejected
479,2,Graduate,No,703000,2813000,20,545,2309000,1093000,482000,931000,Rejected
480,2,Not Graduate,Yes,3788000,5000000,20,561,10403000,2726000,4355000,6257000,Approved
481,4,Graduate,No,809000,1856000,15,501,989000,112000,1348000,363000,Rejected
482,2,Not Graduate,Yes,1777000,5000000,20,724,5730000,4302000,4494000,1999000,Rejected
483,0,Graduate,Yes,743000,5000000,15,671,2170000,100000,2301000,1343000,Approved
484,1,Graduate,No,1021000,5000000,15,693,712000,2100000,1476000,489000,Rejected
485,1,Graduate,Yes,675000,4516000,15,528,941000,1122000,2286000,198000,Rejected
486,2,Graduate,No,627000,2722000,10,802,845000,639000,1663000,453000,Approved
487,1,Not Graduate,No,422000,1011000,20,598,1112000,788000,654000,815000,Rejected
488,2,Graduate,No,926000,5000000,20,664,1830000,1770000,2551000,331000,Rejected
489,4,Not Graduate,No,402000,2244000,15,723,464000,883000,1376000,114000,Approved
490,2,Graduate,No,1079000,5000000,20,566,1121000,1470000,1522000,2153000,Approved
491,3,Graduate,No,1417000,3820000,10,604,2500000,757000,2280000,1157000,Approved
492,1,Graduate,Yes,888000,3402000,10,665,2159000,1271000,2485000,303000,Approved
493,3,Graduate,No,581000,2419000,20,893,1120000,144000,1032000,662000,Approved
494,1,Not Graduate,Yes,940000,5000000,10,676,1067000,884000,745000,72000,Rejected
495,2,Graduate,No,573000,3854000,20,787,1309000,874000,1966000,504000,Approved
496,1,Graduate,No,1286000,5000000,15,752,4497000,810000,1139000,155000,Approved
497,0,Graduate,No,213000,804000,20,681,184000,461000,226000,245000,Approved
498,1,Not Graduate,No,563000,2794000,15,566,1121000,1374000,1962000,714000,Rejected
499,1,Not Graduate,Yes,192000,417000,15,740,288000,36000,500000,11000,Rejected
500,4,Not Graduate,No,265000,932000,20,523,265000,136000,473000,278000,Rejected
501,1,Graduate,No,1699000,5000000,20,786,5270000,2009000,2700000,3216000,Approved
502,5,Graduate,No,1253000,5000000,10,667,4216000,119000,1021000,1035000,Approved
503,2,Graduate,No,439000,2118000,25,425,624000,102000,160000,839000,Rejected
504,1,Not Graduate,Yes,264000,1105000,15,621,373000,594000,963000,509000,Rejected
505,1,Graduate,No,120000,689000,10,706,71000,14000,33000,62000,Rejected
506,1,Not Graduate,No,492000,3430000,15,630,1120000,304000,168000,579000,Rejected
507,3,Not Graduate,Yes,3376000,5000000,20,711,1300000,3575000,10240000,5635000,Approved
508,0,Graduate,No,929000,3769000,20,578,1754000,48000,3331000,1331000,Approved
509,4,Not Graduate,No,487000,3034000,20,539,384000,987000,1397000,746000,Rejected
510,0,Graduate,No,947000,5000000,20,644,2321000,1965000,989000,529000,Approved
511,1,Graduate,No,254000,1766000,10,653,831000,251000,294000,467000,Rejected
512,0,Graduate,No,577000,1879000,15,620,337000,291000,2221000,294000,Rejected
513,3,Graduate,No,747000,3911000,10,754,2083000,1666000,2114000,977000,Approved
514,2,Not Graduate,No,662000,4899000,20,578,1958000,1123000,2203000,1175000,Rejected
515,4,Graduate,No,1170000,5000000,10,677,1011000,1532000,2154000,879000,Approved
516,1,Not Graduate,No,876000,4011000,20,656,2849000,859000,2741000,987000,Approved
517,0,Not Graduate,No,1081000,5000000,20,518,2472000,1457000,4243000,1510000,Rejected
518,3,Graduate,No,447000,1197000,20,538,899000,279000,667000,832000,Rejected
519,2,Graduate,No,1255000,5000000,5,651,3073000,1411000,1694000,1159000,Approved
520,3,Graduate,No,2018000,5000000,10,818,2466000,3460000,540000,2475000,Approved
521,2,Graduate,No,373000,1083000,25,699,142000,384000,1109000,122000,Approved
522,3,Graduate,No,393000,2471000,20,503,674000,673000,408000,70000,Rejected
523,0,Not Graduate,No,1668000,5000000,15,386,4468000,3080000,1819000,153000,Approved
524,5,Not Graduate,No,618000,4399000,20,712,2002000,1164000,1585000,605000,Approved
525,0,Graduate,No,1743000,5000000,25,642,2922000,2480000,5197000,1942000,Approved
526,3,Not Graduate,No,525000,3798000,15,747,600000,242000,887000,115000,Approved
527,1,Graduate,No,1802000,4300000,25,575,1298000,3156000,6818000,726000,Rejected
528,3,Not Graduate,No,762000,4984000,10,680,2510000,1561000,557000,434000,Rejected
529,4,Not Graduate,No,828000,5000000,25,722,860000,195000,1786000,1480000,Approved
530,4,Not Graduate,Yes,1936000,5000000,10,612,6225000,4336000,4855000,472000,Rejected
531,2,Graduate,Yes,553000,3100000,15,614,491000,1301000,1387000,556000,Rejected
532,2,Not Graduate,No,380000,863000,10,652,136000,635000,1011000,604000,Approved
533,3,Graduate,Yes,523000,3732000,20,696,532000,145000,1345000,914000,Rejected
534,2,Graduate,No,939000,2139000,25,649,1762000,1535000,2993000,1316000,Approved
535,2,Graduate,No,253000,982000,15,733,358000,225000,829000,144000,Approved
536,1,Graduate,No,1059000,5000000,15,611,3394000,804000,4143000,304000,Approved
537,2,Graduate,No,493000,3795000,15,537,1008000,45000,1856000,176000,Approved
538,1,Graduate,No,1476000,5000000,10,818,999000,2675000,3141000,2291000,Approved
539,3,Not Graduate,No,148000,719000,20,599,341000,210000,422000,93000,Rejected
540,1,Graduate,No,420000,1287000,5,602,649000,473000,701000,298000,Rejected
541,2,Not Graduate,No,234000,1153000,25,644,579000,227000,617000,92000,Approved
542,4,Not Graduate,No,409000,1069000,25,656,1152000,421000,53000,367000,Approved
543,2,Graduate,No,822000,5000000,10,617,2839000,931000,1261000,577000,Rejected
544,4,Not Graduate,No,623000,3341000,20,649,1337000,744000,2284000,465000,Approved
545,1,Graduate,No,594000,2630000,25,647,875000,145000,1623000,69000,Rejected
546,2,Graduate,No,631000,1563000,25,665,1065000,600000,106000,601000,Approved
547,2,Not Graduate,No,799000,3541000,20,450,1269000,128000,1709000,214000,Rejected
548,2,Not Graduate,No,363000,2613000,5,810,632000,704000,554000,397000,Approved
549,3,Graduate,Yes,1108000,5000000,5,637,439000,1447000,3606000,1501000,Approved
550,0,Not Graduate,Yes,1077000,2687000,20,699,1175000,2153000,590000,1201000,Approved
551,2,Graduate,No,899000,2661000,15,533,3111000,965000,2208000,302000,Rejected
552,0,Not Graduate,Yes,1005000,4376000,20,610,3286000,385000,2891000,1258000,Rejected
553,2,Graduate,No,849000,2214000,20,593,386000,636000,2057000,726000,Rejected
554,3,Graduate,No,2628000,5000000,15,775,9026000,1536000,3076000,1973000,Approved
555,0,Not Graduate,No,661000,3909000,10,600,1873000,727000,2111000,225000,Rejected
556,2,Graduate,No,573000,1472000,15,714,177000,1130000,1831000,1140000,Approved
557,2,Graduate,No,429000,2886000,25,595,1383000,125000,647000,350000,Rejected
558,3,Not Graduate,No,358000,1507000,15,612,1208000,358000,408000,336000,Rejected
559,0,Not Graduate,No,312000,1082000,5,629,721000,72000,839000,73000,Approved
560,2,Graduate,No,393000,2130000,25,759,1109000,385000,603000,537000,Approved
561,3,Not Graduate,No,669000,1392000,20,489,913000,974000,968000,402000,Rejected
562,2,Graduate,No,870000,4169000,20,538,1854000,150000,1616000,1299000,Rejected
563,3,Graduate,No,724000,5000000,20,484,1912000,121000,1366000,131000,Rejected
564,1,Graduate,No,426000,3224000,15,558,893000,778000,1421000,268000,Rejected
565,4,Graduate,No,1257000,5000000,25,581,1602000,1281000,4797000,1891000,Rejected
566,0,Graduate,No,1132000,5000000,25,513,2691000,994000,3263000,931000,Rejected
567,0,Not Graduate,No,631000,2121000,15,588,1882000,1083000,280000,74000,Rejected
568,2,Not Graduate,No,458000,2455000,15,479,1363000,97000,649000,728000,Rejected
569,2,Graduate,No,1000000,3524000,15,563,723000,2149000,839000,1933000,Rejected
570,2,Graduate,No,791000,4294000,20,752,1365000,1533000,2125000,620000,Approved
571,1,Not Graduate,No,273000,827000,20,684,116000,266000,664000,345000,Approved
572,1,Not Graduate,No,670000,5000000,20,666,1558000,785000,2634000,520000,Rejected
573,3,Graduate,No,830000,5000000,25,565,892000,825000,1532000,940000,Approved
574,1,Graduate,No,390000,1568000,15,519,1278000,766000,199000,581000,Rejected
575,3,Graduate,No,792000,5000000,20,553,1805000,57000,1928000,1017000,Rejected
576,3,Graduate,No,272000,700000,20,646,430000,457000,416000,181000,Approved
577,0,Graduate,No,1668000,5000000,20,724,4405000,1262000,1325000,718000,Approved
578,3,Graduate,No,1575000,5000000,5,727,1518000,3069000,2436000,1751000,Approved
579,4,Not Graduate,No,594000,1671000,20,704,352000,1461000,611000,794000,Approved
580,3,Not Graduate,No,887000,5000000,20,587,514000,619000,771000,1038000,Rejected
581,0,Graduate,No,146000,704000,10,652,316000,163000,290000,44000,Approved
582,2,Graduate,No,330000,1710000,20,623,1038000,452000,1075000,245000,Rejected
583,4,Graduate,No,578000,2961000,15,633,585000,796000,2054000,868000,Approved
584,2,Graduate,No,349000,822000,15,823,954000,137000,389000,117000,Approved
585,1,Graduate,No,1114000,2571000,20,500,468000,1624000,2060000,1975000,Rejected
586,1,Not Graduate,No,2564000,5000000,15,630,3668000,4640000,8685000,2461000,Approved
587,3,Graduate,No,326000,1872000,20,753,780000,769000,1290000,519000,Approved
588,3,Not Graduate,No,406000,927000,20,525,1195000,736000,1386000,290000,Approved
589,4,Graduate,No,816000,3485000,5,595,2708000,1231000,1654000,612000,Rejected
590,4,Graduate,No,1995000,5000000,15,605,4637000,1163000,6970000,3862000,Approved
591,1,Not Graduate,No,316000,1877000,10,631,563000,77000,902000,365000,Approved
592,2,Not Graduate,No,823000,5000000,10,514,407000,1305000,447000,205000,Rejected
593,0,Graduate,No,2287000,5000000,20,701,2703000,3574000,979000,4385000,Rejected
594,0,Not Graduate,No,239000,1264000,5,707,778000,502000,897000,187000,Rejected
595,0,Graduate,No,304000,1663000,25,693,658000,339000,1126000,436000,Rejected
596,4,Not Graduate,No,532000,2060000,15,576,743000,229000,1004000,160000,Rejected
597,0,Graduate,No,499000,1159000,15,657,547000,280000,1338000,857000,Rejected
598,2,Graduate,Yes,1187000,2404000,25,574,788000,1414000,1530000,2279000,Rejected
599,2,Not Graduate,No,819000,5000000,15,622,2216000,639000,2322000,652000,Rejected
600,1,Not Graduate,Yes,221000,708000,20,833,358000,100000,407000,73000,Approved
601,2,Not Graduate,Yes,979000,5000000,20,658,3228000,264000,1428000,1114000,Rejected
602,0,Graduate,No,481000,2627000,25,549,844000,496000,875000,176000,Approved
603,1,Not Graduate,No,1603000,5000000,10,665,4679000,1353000,3008000,1462000,Approved
604,2,Graduate,No,466000,3262000,10,535,334000,1125000,1760000,589000,Rejected
605,3,Graduate,No,463000,2866000,25,548,362000,991000,1644000,149000,Rejected
606,3,Graduate,No,995000,2126000,5,562,1168000,456000,854000,1889000,Approved
607,4,Graduate,No,1149000,5000000,20,612,1048000,2164000,1363000,1638000,Approved
608,1,Graduate,No,937000,4724000,20,730,3210000,1125000,1188000,707000,Approved
609,0,Graduate,No,234000,955000,20,699,675000,542000,34000,201000,Approved
610,2,Graduate,No,993000,5000000,20,694,1405000,1510000,2153000,1692000,Rejected
611,5,Graduate,No,357000,2184000,25,557,701000,182000,708000,349000,Rejected
612,1,Graduate,No,816000,3153000,5,604,1637000,400000,478000,1611000,Approved
613,0,Graduate,No,277000,2188000,20,673,621000,670000,1097000,47000,Rejected
614,4,Graduate,No,936000,5000000,20,597,591000,2149000,2873000,542000,Rejected
615,4,Graduate,No,414000,2333000,15,626,587000,500000,337000,439000,Rejected
616,0,Graduate,No,304000,735000,25,688,175000,429000,867000,96000,Approved
617,3,Not Graduate,Yes,1113000,4091000,15,620,3607000,1522000,1590000,829000,Rejected
618,2,Not Graduate,No,819000,3834000,10,669,1303000,1563000,2103000,871000,Rejected
619,2,Graduate,No,470000,2718000,25,785,1234000,558000,909000,263000,Approved
620,2,Not Graduate,Yes,1798000,5000000,25,635,5837000,551000,1153000,667000,Approved
621,5,Graduate,No,526000,3460000,10,750,679000,426000,996000,302000,Approved
622,1,Not Graduate,No,715000,2556000,20,698,415000,1016000,2753000,151000,Approved
623,3,Graduate,No,834000,5000000,10,525,1147000,732000,2517000,360000,Rejected
624,0,Graduate,Yes,468000,3229000,5,556,1145000,952000,1190000,79000,Rejected
625,2,Graduate,No,951000,5000000,15,579,1806000,2254000,3224000,1814000,Approved
626,3,Not Graduate,No,495000,3279000,25,577,267000,299000,1649000,180000,Approved
627,3,Graduate,No,536000,3929000,10,642,281000,1191000,1910000,28000,Rejected
628,4,Graduate,No,1697000,4251000,10,702,4308000,3036000,890000,3253000,Approved
629,3,Graduate,No,356000,2201000,20,757,946000,522000,215000,544000,Approved
630,3,Not Graduate,No,146000,1141000,15,676,95000,48000,469000,83000,Rejected
631,1,Graduate,No,1995000,5000000,10,612,5672000,2050000,7944000,3519000,Rejected
632,5,Not Graduate,No,3671000,5000000,10,473,5161000,9135000,8421000,6423000,Approved
633,2,Graduate,No,538000,4300000,20,656,279000,872000,2077000,804000,Rejected
634,2,Not Graduate,Yes,199000,607000,20,652,272000,294000,534000,240000,Approved
635,2,Graduate,No,572000,2296000,20,666,1509000,51000,248000,681000,Approved
636,1,Graduate,No,581000,1762000,10,829,1394000,466000,2157000,1127000,Approved
637,2,Graduate,No,619000,2963000,15,755,1139000,755000,2088000,592000,Rejected
638,1,Graduate,No,339000,1530000,20,717,405000,544000,742000,551000,Rejected
639,1,Graduate,No,1020000,5000000,15,568,1670000,2186000,3061000,275000,Rejected
640,4,Graduate,No,984000,5000000,10,606,1497000,1127000,1448000,1394000,Rejected
641,4,Graduate,No,265000,1291000,15,642,410000,182000,663000,525000,Approved
642,2,Graduate,No,1103000,5000000,15,584,2059000,776000,1888000,77000,Rejected
643,5,Graduate,No,2658000,5000000,10,693,4670000,916000,5730000,1470000,Rejected
644,2,Graduate,No,783000,5000000,25,680,492000,285000,2022000,1238000,Rejected
645,1,Not Graduate,No,562000,1932000,15,557,690000,429000,174000,832000,Rejected
646,4,Graduate,No,638000,1325000,20,752,455000,1223000,303000,945000,Approved
647,2,Graduate,No,1044000,5000000,10,659,2325000,1079000,440000,2052000,Approved
648,3,Graduate,No,227000,1605000,20,503,375000,488000,549000,54000,Rejected
649,2,Not Graduate,Yes,779000,4142000,20,646,1909000,1848000,1332000,1064000,Rejected
650,2,Not Graduate,No,543000,1774000,25,674,315000,102000,1113000,706000,Approved
651,0,Not Graduate,Yes,2327000,5000000,15,733,3266000,4135000,4773000,1050000,Approved
652,5,Graduate,No,625000,3761000,20,621,548000,133000,161000,291000,Approved
653,1,Graduate,No,2070000,5000000,15,720,1231000,371000,6634000,2728000,Approved
654,2,Graduate,No,342000,2456000,20,666,949000,236000,969000,454000,Approved
655,0,Not Graduate,No,1025000,5000000,25,538,737000,260000,2852000,1251000,Rejected
656,3,Graduate,No,862000,5000000,20,530,741000,1429000,201000,819000,Approved
657,1,Graduate,No,398000,2383000,20,745,587000,713000,1051000,553000,Approved
658,3,Graduate,No,786000,4695000,25,752,972000,1256000,1613000,533000,Rejected
659,2,Not Graduate,No,1540000,5000000,25,677,4995000,2215000,4722000,785000,Approved
660,0,Graduate,No,567000,2712000,10,777,1964000,1107000,271000,687000,Rejected
661,0,Not Graduate,No,233000,1458000,10,740,385000,450000,702000,292000,Approved
662,1,Graduate,No,692000,3919000,20,708,653000,1506000,2665000,1131000,Approved
663,3,Not Graduate,No,389000,1922000,25,573,737000,674000,1330000,335000,Rejected
664,3,Graduate,No,560000,1546000,20,797,1056000,498000,2009000,862000,Rejected
665,1,Graduate,No,664000,4124000,15,696,1189000,871000,263000,1221000,Rejected
666,2,Not Graduate,Yes,231000,1357000,20,617,84000,283000,500000,203000,Rejected
667,1,Graduate,No,245000,993000,5,593,174000,66000,260000,271000,Approved
668,4,Graduate,No,958000,3964000,10,672,720000,1944000,2132000,1748000,Approved
669,5,Graduate,No,498000,1733000,10,508,710000,1137000,1422000,316000,Rejected
670,3,Graduate,Yes,132000,1026000,5,709,285000,325000,398000,193000,Rejected
671,0,Graduate,Yes,1166000,5000000,20,569,3625000,723000,4626000,1371000,Approved
672,2,Graduate,No,836000,4486000,15,682,848000,200000,3206000,717000,Approved
673,5,Graduate,No,440000,1940000,10,606,1218000,122000,468000,763000,Rejected
674,1,Graduate,No,297000,1907000,20,628,304000,597000,1090000,106000,Approved
675,3,Graduate,No,1205000,5000000,15,586,487000,1903000,4275000,143000,Rejected
676,4,Graduate,No,878000,5000000,15,636,2089000,1660000,2565000,399000,Approved
677,3,Graduate,No,3294000,5000000,15,811,3251000,7454000,3639000,5793000,Approved
678,2,Graduate,No,920000,2029000,5,768,2983000,520000,767000,662000,Approved
679,2,Not Graduate,No,901000,4876000,20,680,2962000,820000,1621000,1247000,Approved
680,4,Not Graduate,No,628000,2022000,10,648,399000,1244000,158000,314000,Rejected
681,1,Graduate,No,1190000,5000000,10,722,1098000,772000,1437000,1199000,Approved
682,4,Not Graduate,No,1051000,5000000,10,746,1023000,1330000,406000,1124000,Approved
683,2,Graduate,No,1579000,4466000,15,579,5079000,1751000,3388000,834000,Approved
684,3,Graduate,Yes,499000,2317000,10,643,274000,743000,1250000,402000,Approved
685,4,Graduate,No,527000,3232000,15,495,1425000,1302000,281000,295000,Rejected
686,2,Graduate,No,513000,3593000,15,745,626000,133000,1800000,126000,Approved
687,1,Graduate,No,1170000,5000000,5,826,2532000,1418000,559000,1043000,Approved
688,0,Graduate,No,1854000,5000000,25,657,1608000,4445000,3050000,2130000,Approved
689,3,Graduate,No,519000,2862000,15,469,1495000,451000,1066000,117000,Rejected
690,2,Graduate,No,531000,2510000,10,702,1299000,983000,1259000,397000,Approved
691,1,Graduate,No,859000,5000000,20,573,316000,1996000,1155000,818000,Rejected
692,4,Graduate,No,597000,3184000,10,594,632000,359000,1720000,1115000,Rejected
693,4,Graduate,No,1300000,4779000,20,703,2330000,264000,1861000,1612000,Approved
694,4,Not Graduate,No,162000,1057000,5,672,324000,31000,176000,306000,Approved
695,2,Graduate,No,409000,2089000,15,609,1205000,75000,764000,439000,Approved
696,5,Graduate,Yes,421000,1290000,25,595,648000,369000,228000,680000,Approved
697,4,Graduate,No,155000,834000,10,661,506000,49000,600000,37000,Approved
698,0,Not Graduate,No,374000,2876000,10,615,344000,379000,840000,430000,Rejected
699,5,Graduate,No,386000,2406000,20,556,1175000,728000,255000,285000,Rejected
700,2,Graduate,No,614000,2329000,25,622,1961000,458000,1968000,903000,Approved
701,4,Not Graduate,No,1443000,5000000,15,679,3327000,1730000,4198000,2542000,Rejected
702,3,Graduate,No,597000,2206000,20,635,2027000,190000,1062000,859000,Rejected
703,3,Not Graduate,No,358000,1882000,10,530,578000,625000,1409000,80000,Rejected
704,1,Graduate,No,675000,3483000,20,734,1713000,536000,1385000,851000,Approved
705,0,Not Graduate,Yes,1384000,4822000,15,417,460000,468000,1287000,2077000,Rejected
706,1,Graduate,No,371000,1516000,20,612,437000,885000,1182000,40000,Rejected
707,3,Graduate,No,387000,2962000,10,597,817000,745000,1440000,147000,Rejected
708,4,Graduate,No,1006000,3525000,20,663,3122000,1641000,1130000,1385000,Approved
709,0,Graduate,No,606000,4125000,10,698,2030000,1095000,76000,402000,Rejected
710,1,Graduate,No,1066000,5000000,20,746,2296000,1134000,2640000,183000,Approved
711,3,Not Graduate,No,694000,3606000,20,589,2109000,518000,2053000,1238000,Approved
712,1,Not Graduate,No,1105000,3122000,20,700,3158000,1381000,1235000,2107000,Approved
713,0,Not Graduate,No,357000,1152000,25,667,991000,737000,1377000,278000,Approved
714,0,Graduate,No,695000,2136000,15,505,456000,1675000,524000,1380000,Rejected
715,2,Not Graduate,No,610000,3368000,20,812,1117000,923000,1967000,1049000,Approved
716,2,Not Graduate,Yes,318000,2493000,5,528,590000,299000,1119000,361000,Rejected
717,4,Graduate,No,253000,1838000,25,686,713000,454000,194000,381000,Approved
718,1,Graduate,No,1093000,2352000,20,683,2378000,1905000,2246000,2050000,Approved
719,0,Graduate,No,557000,2029000,15,673,1628000,345000,117000,818000,Approved
720,3,Graduate,No,360000,1060000,15,608,1210000,392000,937000,255000,Approved
721,5,Graduate,No,658000,5000000,20,720,1365000,220000,1468000,281000,Rejected
722,1,Graduate,No,1457000,4974000,20,517,4128000,1465000,4568000,1300000,Rejected
723,4,Graduate,No,159000,510000,20,644,333000,303000,327000,66000,Approved
724,3,Graduate,No,265000,1517000,20,602,610000,208000,392000,24000,Rejected
725,4,Not Graduate,No,384000,2049000,15,592,700000,608000,243000,361000,Rejected
726,2,Graduate,No,1810000,5000000,25,686,6101000,1483000,542000,1253000,Approved
727,0,Not Graduate,No,841000,5000000,20,742,2453000,309000,1819000,198000,Approved
728,0,Graduate,No,1153000,2977000,20,621,3120000,2137000,4247000,2017000,Approved
729,3,Not Graduate,No,334000,707000,20,716,452000,492000,1031000,97000,Approved
730,4,Not Graduate,No,338000,843000,20,654,626000,698000,552000,432000,Rejected
731,2,Not Graduate,No,937000,3925000,20,574,2868000,1590000,3689000,1087000,Approved
732,0,Graduate,No,727000,5000000,20,628,2397000,1485000,594000,1424000,Rejected
733,0,Graduate,No,1000000,5000000,25,625,3492000,387000,3991000,545000,Rejected
734,2,Graduate,No,620000,4048000,25,591,1643000,953000,618000,316000,Rejected
735,4,Graduate,Yes,839000,3296000,15,686,2214000,771000,634000,1068000,Approved
736,1,Not Graduate,No,776000,4901000,10,670,466000,1448000,2675000,884000,Approved
737,3,Graduate,No,1161000,5000000,20,515,3140000,1684000,2239000,1896000,Rejected
738,2,Graduate,No,1183000,4905000,20,510,1668000,160000,4233000,458000,Rejected
739,4,Not Graduate,No,244000,1951000,20,686,748000,325000,736000,155000,Rejected
740,3,Graduate,No,162000,945000,25,581,54000,301000,115000,10000,Approved
741,1,Not Graduate,No,1342000,5000000,10,676,4415000,882000,772000,1955000,Approved
742,3,Graduate,No,1515000,5000000,15,716,2800000,2479000,2791000,1037000,Approved
743,4,Graduate,No,361000,2115000,25,542,256000,759000,827000,184000,Rejected
744,4,Graduate,No,209000,1059000,25,530,465000,34000,366000,257000,Rejected
745,2,Graduate,No,747000,5000000,15,792,1878000,1079000,692000,404000,Approved
746,0,Not Graduate,No,1282000,5000000,10,680,3584000,2845000,1216000,206000,Approved
747,2,Not Graduate,Yes,2252000,5000000,15,614,5733000,712000,4704000,1150000,Approved
748,3,Graduate,No,979000,5000000,15,571,2027000,659000,152000,1671000,Rejected
749,1,Graduate,No,550000,4020000,20,607,309000,861000,997000,666000,Rejected
750,5,Not Graduate,No,392000,2173000,15,549,1200000,573000,90000,380000,Rejected
751,1,Graduate,No,705000,1757000,15,725,2430000,1398000,2471000,711000,Approved
752,4,Graduate,Yes,576000,1708000,20,584,1607000,906000,1451000,1149000,Rejected
753,2,Graduate,Yes,362000,891000,20,743,149000,521000,262000,40000,Approved
754,0,Not Graduate,No,2651000,5000000,20,616,7206000,2995000,8211000,966000,Approved
755,2,Graduate,No,2234000,5000000,15,561,2598000,437000,4515000,3882000,Rejected
756,2,Graduate,No,1465000,4795000,15,614,4950000,2165000,3064000,1601000,Approved
757,4,Not Graduate,No,385000,2366000,15,427,194000,151000,423000,766000,Rejected
758,2,Not Graduate,No,1220000,5000000,25,640,726000,3037000,1995000,1688000,Approved
759,0,Graduate,No,1061000,5000000,15,636,934000,208000,3740000,1550000,Approved
760,4,Graduate,No,933000,3023000,20,720,2529000,177000,629000,1101000,Approved
761,2,Not Graduate,No,1577000,5000000,20,490,3760000,3104000,3994000,132000,Rejected
762,1,Graduate,No,1058000,5000000,25,749,2780000,268000,1001000,1926000,Approved
763,4,Not Graduate,Yes,1132000,5000000,15,720,1622000,1146000,2077000,1211000,Rejected
764,0,Graduate,Yes,1059000,3301000,15,756,3298000,2456000,2307000,72000,Approved
765,0,Graduate,No,874000,5000000,20,646,1510000,1722000,503000,401000,Approved
766,2,Not Graduate,No,220000,537000,10,736,160000,128000,89000,161000,Approved
767,2,Graduate,No,739000,4099000,20,525,2037000,464000,1469000,449000,Rejected
768,2,Graduate,Yes,488000,2253000,15,711,973000,723000,828000,51000,Approved
769,4,Graduate,Yes,305000,1068000,25,584,671000,371000,1126000,182000,Rejected
770,1,Not Graduate,No,2089000,5000000,20,510,3201000,610000,5896000,3756000,Approved
771,5,Graduate,No,2154000,5000000,5,554,5545000,854000,7749000,2581000,Rejected
772,0,Not Graduate,Yes,1694000,5000000,20,650,701000,3400000,6302000,1165000,Approved
773,0,Graduate,No,826000,5000000,20,580,1546000,712000,144000,183000,Rejected
774,1,Graduate,No,1684000,5000000,20,682,2807000,3364000,5947000,2551000,Approved
775,0,Not Graduate,No,706000,2705000,10,496,1898000,335000,2710000,1024000,Rejected
776,2,Not Graduate,No,799000,2257000,10,469,919000,1197000,1490000,44000,Approved
777,4,Not Graduate,No,344000,2579000,20,767,360000,434000,888000,684000,Approved
778,3,Graduate,No,906000,5000000,15,727,1199000,739000,1313000,515000,Approved
779,3,Graduate,No,728000,1595000,25,561,1338000,1108000,353000,409000,Rejected
780,0,Graduate,No,300000,1520000,15,650,291000,93000,337000,191000,Rejected
781,4,Graduate,No,677000,1703000,20,737,1685000,1450000,280000,1303000,Approved
782,1,Graduate,No,665000,3619000,15,686,905000,1236000,1329000,1124000,Approved
783,3,Graduate,No,2252000,5000000,20,663,3713000,1616000,5966000,2911000,Approved
784,3,Graduate,Yes,1252000,3126000,5,743,2610000,1816000,151000,1269000,Approved
785,0,Graduate,Yes,705000,4861000,15,588,1062000,1590000,700000,485000,Rejected
786,2,Graduate,No,823000,2941000,10,653,2094000,869000,319000,579000,Rejected
787,4,Graduate,No,720000,3779000,20,648,1728000,654000,2784000,493000,Rejected
788,1,Graduate,No,614000,3582000,15,627,1671000,1226000,1985000,1063000,Approved
789,3,Graduate,No,346000,2690000,20,617,683000,1000,76000,477000,Rejected
790,5,Graduate,No,635000,3151000,10,656,937000,1090000,2079000,535000,Rejected
791,1,Not Graduate,No,431000,3234000,20,653,407000,233000,1434000,857000,Rejected
792,1,Graduate,No,311000,1284000,20,561,528000,540000,1008000,123000,Approved
793,2,Not Graduate,Yes,976000,5000000,5,718,3019000,1068000,3441000,195000,Approved
794,3,Graduate,Yes,903000,3084000,5,567,621000,46000,1740000,693000,Rejected
795,2,Not Graduate,No,219000,1368000,15,631,217000,479000,226000,430000,Rejected
796,2,Not Graduate,Yes,646000,1635000,20,625,1569000,883000,2258000,63000,Approved
797,1,Not Graduate,No,1337000,5000000,25,680,2861000,1048000,4486000,278000,Approved
798,5,Not Graduate,No,1394000,5000000,10,470,4505000,2451000,1633000,998000,Rejected
799,4,Graduate,No,1364000,5000000,20,726,536000,1691000,3226000,2695000,Approved
800,2,Graduate,No,718000,3693000,20,592,2234000,63000,1631000,517000,Rejected
801,5,Graduate,No,404000,2257000,20,754,1059000,657000,809000,554000,Rejected
802,3,Graduate,No,346000,1263000,20,609,962000,839000,856000,600000,Rejected
803,5,Not Graduate,No,876000,5000000,25,646,1324000,486000,374000,1189000,Rejected
804,0,Not Graduate,No,896000,5000000,20,813,1150000,1933000,1678000,202000,Approved
805,1,Graduate,No,1616000,5000000,20,626,559000,2509000,1925000,549000,Approved
806,4,Graduate,Yes,1431000,4131000,15,755,4035000,279000,156000,794000,Approved
807,2,Graduate,Yes,642000,4825000,20,653,524000,1172000,1364000,1029000,Approved
808,1,Graduate,No,312000,839000,25,685,319000,344000,475000,503000,Approved
809,3,Graduate,Yes,569000,3286000,25,656,674000,1129000,1014000,217000,Approved
810,2,Graduate,No,806000,2111000,15,722,2485000,1281000,431000,636000,Approved
811,1,Not Graduate,No,614000,1766000,20,592,750000,4000,1272000,198000,Rejected
812,1,Graduate,No,481000,1021000,10,566,800000,152000,555000,468000,Rejected
813,2,Not Graduate,No,825000,3449000,20,596,2220000,727000,84000,627000,Rejected
814,0,Graduate,No,504000,2942000,15,658,1590000,607000,1584000,1000000,Approved
815,1,Graduate,No,465000,2385000,20,631,1317000,1084000,1185000,376000,Rejected
816,2,Graduate,No,857000,5000000,15,710,1725000,1761000,1850000,126000,Approved
817,3,Graduate,No,539000,3261000,5,761,165000,1080000,1362000,574000,Rejected
818,2,Graduate,No,820000,2330000,10,567,660000,1106000,1117000,1492000,Rejected
819,1,Not Graduate,No,836000,1960000,5,588,929000,194000,485000,644000,Approved
820,3,Graduate,No,334000,1921000,15,528,542000,623000,498000,550000,Rejected
821,0,Graduate,No,512000,3031000,20,823,747000,111000,1626000,442000,Approved
822,1,Graduate,No,1782000,5000000,20,676,3468000,407000,4406000,2064000,Approved
823,1,Graduate,Yes,329000,1143000,20,691,532000,210000,1048000,339000,Rejected
824,3,Graduate,No,177000,1215000,20,536,464000,408000,641000,311000,Rejected
825,0,Graduate,No,209000,513000,15,650,98000,392000,224000,242000,Approved
826,2,Graduate,No,713000,4131000,20,693,2483000,137000,2614000,563000,Rejected
827,2,Not Graduate,Yes,714000,1944000,20,629,2140000,1640000,1916000,1104000,Approved
828,3,Graduate,No,648000,3840000,10,741,889000,1269000,1482000,96000,Approved
829,3,Graduate,No,1541000,5000000,20,847,2419000,2326000,3178000,896000,Approved
830,4,Graduate,No,123000,776000,20,569,416000,39000,237000,75000,Rejected
831,3,Graduate,No,905000,2093000,20,563,2982000,724000,351000,1049000,Approved
832,1,Graduate,No,1931000,5000000,20,575,3009000,1452000,605000,3238000,Rejected
833,1,Not Graduate,No,336000,964000,10,787,165000,538000,467000,380000,Approved
834,0,Not Graduate,No,547000,3334000,20,739,1893000,804000,489000,516000,Approved
835,1,Graduate,No,429000,1167000,10,638,1026000,297000,188000,76000,Rejected
836,0,Graduate,No,391000,955000,25,653,984000,304000,76000,759000,Rejected
837,1,Graduate,No,566000,3554000,15,581,667000,734000,2216000,354000,Rejected
838,3,Graduate,No,1770000,4215000,20,726,5168000,3741000,1641000,536000,Approved
839,3,Not Graduate,No,2311000,5000000,15,618,4816000,729000,9106000,3869000,Approved
840,1,Graduate,No,563000,3912000,15,628,1016000,1021000,1252000,1006000,Rejected
841,2,Not Graduate,No,2415000,5000000,15,702,6453000,6011000,2048000,1527000,Approved
842,1,Graduate,No,716000,5000000,10,634,1067000,1342000,477000,802000,Approved
843,2,Graduate,No,2189000,5000000,20,630,3665000,2416000,1933000,3454000,Approved
844,2,Not Graduate,No,659000,3406000,25,651,1573000,1205000,1001000,61000,Rejected
845,1,Graduate,No,762000,5000000,15,718,1788000,1640000,685000,1505000,Approved
846,1,Not Graduate,No,888000,2506000,20,790,3026000,1706000,2956000,605000,Approved
847,5,Not Graduate,Yes,5000000,5000000,25,700,10506000,159000,7657000,4928000,Approved
848,2,Graduate,No,1217000,3146000,15,718,1615000,400000,2623000,181000,Rejected
849,2,Graduate,Yes,442000,3306000,20,633,539000,118000,908000,63000,Rejected
850,0,Graduate,No,1314000,5000000,15,590,2640000,105000,3511000,352000,Rejected
851,1,Graduate,No,553000,2743000,15,706,377000,988000,2206000,374000,Rejected
852,1,Graduate,No,509000,2498000,10,665,1111000,340000,931000,940000,Approved
853,5,Graduate,No,1264000,3903000,10,529,1958000,2281000,1717000,1334000,Approved
854,0,Graduate,No,714000,2910000,20,622,1018000,1189000,2784000,489000,Rejected
855,1,Not Graduate,No,839000,5000000,20,643,768000,1098000,3348000,780000,Rejected
856,5,Not Graduate,No,706000,3703000,10,607,1331000,105000,2221000,400000,Rejected
857,2,Graduate,Yes,871000,4508000,25,776,366000,665000,2797000,1103000,Approved
858,1,Graduate,No,923000,2927000,15,691,2070000,63000,1559000,959000,Approved
859,2,Graduate,Yes,199000,1222000,15,767,242000,453000,438000,157000,Approved
860,2,Graduate,No,1080000,4700000,25,672,3452000,833000,1590000,1499000,Rejected
861,5,Not Graduate,No,370000,1146000,25,657,734000,88000,930000,301000,Rejected
862,0,Not Graduate,No,274000,2100000,20,570,767000,2000,910000,445000,Rejected
863,3,Not Graduate,No,674000,3397000,15,651,2038000,1030000,1051000,820000,Approved
864,1,Graduate,No,739000,3819000,10,651,2300000,1147000,1616000,328000,Rejected
865,3,Not Graduate,No,446000,3518000,15,534,1376000,1109000,1393000,164000,Rejected
866,4,Not Graduate,No,1201000,5000000,20,604,1227000,867000,1098000,659000,Approved
867,4,Graduate,No,293000,2244000,15,623,372000,34000,727000,539000,Rejected
868,4,Graduate,No,537000,3313000,20,685,1378000,1046000,1678000,889000,Approved
869,3,Graduate,No,479000,2778000,10,689,968000,365000,145000,932000,Approved
870,0,Graduate,No,679000,2313000,15,601,1528000,561000,740000,1019000,Approved
871,0,Graduate,No,839000,1939000,15,690,2071000,1904000,167000,1538000,Approved
872,1,Graduate,No,364000,1684000,20,635,242000,524000,46000,270000,Rejected
873,2,Graduate,No,1121000,2310000,20,406,940000,1122000,2200000,1411000,Rejected
874,1,Not Graduate,No,729000,1769000,25,609,1707000,1732000,2065000,593000,Rejected
875,3,Not Graduate,No,205000,1142000,25,742,472000,136000,327000,356000,Rejected
876,3,Not Graduate,No,196000,1244000,20,507,571000,11000,494000,391000,Rejected
877,5,Not Graduate,Yes,694000,2087000,10,660,1749000,401000,588000,1044000,Approved
878,2,Graduate,No,606000,3875000,25,785,585000,67000,2037000,954000,Approved
879,3,Not Graduate,No,654000,5000000,25,585,343000,667000,990000,1156000,Rejected
880,3,Graduate,No,687000,4437000,25,650,1066000,1427000,1964000,162000,Rejected
881,5,Not Graduate,Yes,811000,5000000,15,539,1207000,1977000,492000,802000,Rejected
882,3,Not Graduate,Yes,1296000,5000000,10,788,3571000,2269000,4265000,1916000,Approved
883,1,Graduate,No,340000,1138000,20,643,833000,787000,721000,418000,Rejected
884,0,Graduate,No,327000,1362000,15,654,1011000,334000,1270000,361000,Rejected
885,5,Graduate,No,344000,2647000,15,765,658000,260000,578000,276000,Approved
886,3,Graduate,No,845000,5000000,15,706,1034000,326000,2961000,405000,Approved
887,3,Graduate,No,1572000,5000000,20,576,3008000,1968000,2684000,2906000,Rejected
888,3,Graduate,No,529000,4133000,15,595,524000,432000,275000,784000,Rejected
889,3,Graduate,No,138000,468000,20,692,68000,37000,384000,172000,Approved
890,3,Graduate,No,231000,908000,20,597,439000,538000,188000,50000,Rejected
891,4,Not Graduate,No,407000,2389000,20,470,661000,126000,1310000,109000,Rejected
892,4,Graduate,No,487000,1045000,5,645,196000,901000,685000,435000,Approved
893,1,Not Graduate,No,537000,2914000,25,524,1401000,91000,1638000,159000,Rejected
894,0,Graduate,No,718000,4920000,15,787,1696000,946000,1420000,244000,Approved
895,0,Graduate,No,572000,3239000,15,665,307000,965000,1255000,119000,Approved
896,2,Graduate,No,1385000,5000000,15,573,3562000,812000,4107000,863000,Rejected
897,3,Not Graduate,No,451000,2861000,15,591,255000,85000,1215000,32000,Rejected
898,4,Graduate,Yes,400000,1150000,20,489,783000,593000,1076000,591000,Rejected
899,2,Graduate,No,956000,5000000,5,557,2190000,1441000,2552000,1165000,Rejected
900,1,Graduate,No,258000,672000,25,736,489000,201000,615000,268000,Approved
901,2,Graduate,No,902000,5000000,10,840,2428000,848000,2930000,1781000,Approved
902,3,Graduate,Yes,748000,3730000,25,712,1147000,85000,950000,740000,Approved
903,2,Graduate,No,636000,2908000,20,642,624000,470000,514000,1110000,Rejected
904,0,Graduate,Yes,1965000,5000000,5,613,3648000,4336000,5830000,824000,Approved
905,1,Not Graduate,No,467000,1495000,20,569,652000,200000,1030000,264000,Rejected
906,2,Graduate,No,2671000,5000000,15,825,2094000,3125000,9649000,1845000,Approved
907,2,Graduate,No,605000,4294000,25,634,1094000,1024000,2338000,1199000,Rejected
908,3,Graduate,No,305000,2076000,20,830,288000,612000,1062000,555000,Approved
909,4,Not Graduate,No,733000,2183000,20,768,1323000,149000,1639000,678000,Approved
910,0,Graduate,No,348000,2102000,15,502,764000,515000,1058000,590000,Rejected
911,1,Graduate,No,429000,3063000,25,593,1203000,673000,602000,217000,Approved
912,1,Graduate,No,906000,5000000,20,593,2745000,447000,143000,1092000,Rejected
913,1,Not Graduate,No,1004000,4572000,20,643,2448000,77000,3156000,367000,Approved
914,2,Graduate,No,467000,1069000,15,645,1475000,986000,1470000,547000,Rejected
915,0,Not Graduate,No,1330000,5000000,15,900,2773000,1463000,175000,643000,Approved
916,0,Not Graduate,No,1485000,5000000,20,558,3821000,226000,5150000,1770000,Rejected
917,3,Graduate,No,1781000,5000000,20,669,4925000,2574000,6300000,1578000,Approved
918,0,Graduate,No,988000,5000000,20,702,2904000,931000,1334000,1126000,Rejected
919,3,Graduate,No,1698000,5000000,20,650,4595000,340000,284000,619000,Approved
920,1,Graduate,Yes,206000,1444000,20,659,657000,148000,724000,214000,Rejected
921,1,Graduate,No,569000,1398000,15,561,1032000,465000,213000,379000,Approved
922,0,Graduate,No,398000,2565000,20,659,1334000,572000,400000,132000,Rejected
923,0,Graduate,Yes,756000,5000000,15,693,1195000,762000,1675000,775000,Rejected
924,1,Graduate,No,483000,3852000,25,678,253000,129000,1586000,155000,Rejected
925,3,Graduate,No,628000,4737000,15,698,554000,997000,1978000,555000,Rejected
926,4,Graduate,No,2379000,5000000,20,770,4964000,4335000,6558000,1618000,Approved
927,0,Graduate,No,627000,2303000,25,730,217000,795000,2089000,695000,Approved
928,0,Graduate,No,916000,5000000,20,656,736000,145000,2540000,910000,Rejected
929,0,Graduate,Yes,602000,4556000,15,550,901000,155000,1557000,188000,Rejected
930,3,Not Graduate,Yes,735000,3827000,20,599,1689000,1736000,554000,437000,Rejected
931,1,Graduate,No,703000,3102000,10,631,583000,333000,1276000,798000,Rejected
932,1,Graduate,No,937000,2488000,5,671,2005000,720000,1743000,1571000,Approved
933,4,Not Graduate,No,1493000,5000000,20,609,3616000,2566000,257000,247000,Approved
934,4,Graduate,No,2042000,5000000,20,570,5603000,4042000,3434000,464000,Approved
935,3,Graduate,Yes,856000,3787000,5,549,2066000,1950000,844000,1373000,Rejected
936,0,Graduate,No,1027000,4556000,25,510,1130000,1015000,462000,732000,Rejected
937,1,Graduate,No,331000,1801000,15,630,1156000,821000,738000,182000,Rejected
938,1,Not Graduate,No,661000,1432000,25,525,2077000,172000,677000,329000,Rejected
939,3,Not Graduate,No,1290000,5000000,20,565,1929000,2666000,1087000,2506000,Rejected
940,3,Graduate,Yes,1229000,4596000,25,617,483000,836000,3894000,1285000,Approved
941,0,Graduate,No,803000,2285000,20,536,1599000,1881000,2617000,292000,Rejected
942,4,Not Graduate,No,1245000,2531000,25,682,3820000,2705000,3333000,1048000,Approved
943,2,Graduate,No,963000,5000000,20,713,2822000,1835000,809000,538000,Rejected
944,3,Not Graduate,No,1527000,5000000,10,603,4844000,2305000,3921000,579000,Approved
945,0,Not Graduate,Yes,845000,2173000,15,613,2875000,453000,2435000,1655000,Rejected
946,1,Graduate,No,556000,1620000,20,696,1435000,642000,562000,510000,Approved
947,0,Graduate,No,871000,4083000,10,589,714000,76000,539000,1218000,Rejected
948,3,Graduate,No,120000,374000,25,583,50000,213000,215000,216000,Rejected
949,0,Graduate,No,898000,5000000,10,752,704000,260000,1576000,405000,Approved
950,1,Graduate,No,120000,282000,25,725,113000,77000,84000,36000,Approved
951,3,Graduate,No,228000,1208000,15,701,113000,140000,193000,127000,Approved
952,3,Graduate,No,939000,4035000,20,729,1644000,1850000,1924000,1352000,Approved
953,3,Not Graduate,No,955000,4574000,25,482,2682000,957000,2060000,759000,Rejected
954,3,Graduate,No,329000,1496000,15,765,103000,440000,723000,330000,Approved
955,3,Not Graduate,No,441000,1287000,20,683,1266000,230000,1733000,39000,Approved
956,3,Graduate,No,1706000,5000000,10,736,5563000,1425000,434000,99000,Approved
957,1,Not Graduate,No,511000,1221000,20,683,402000,654000,1618000,431000,Approved
958,0,Not Graduate,No,3008000,5000000,20,654,1108000,1460000,4428000,1032000,Approved
959,2,Not Graduate,No,699000,5000000,15,627,1282000,1205000,2122000,1113000,Rejected
960,0,Graduate,Yes,913000,3359000,5,681,2811000,1025000,2710000,1739000,Rejected
961,2,Not Graduate,No,2002000,5000000,15,624,5321000,4923000,5040000,3714000,Approved
962,2,Graduate,No,762000,2105000,10,724,313000,470000,1952000,730000,Approved
963,0,Not Graduate,No,365000,2384000,20,515,896000,361000,981000,222000,Rejected
964,3,Graduate,No,652000,4919000,15,604,1902000,1507000,1966000,648000,Rejected
965,3,Graduate,No,684000,4609000,25,824,798000,1515000,420000,173000,Approved
966,2,Graduate,No,288000,1635000,25,597,689000,349000,434000,545000,Rejected
967,4,Graduate,Yes,593000,4079000,25,630,1115000,183000,2007000,806000,Rejected
968,1,Graduate,No,432000,1912000,20,575,414000,441000,966000,263000,Rejected
969,1,Graduate,Yes,1277000,5000000,15,679,4067000,1875000,810000,1955000,Approved
970,1,Graduate,No,716000,4862000,20,587,726000,455000,2757000,378000,Rejected
971,2,Not Graduate,No,582000,1170000,20,634,1740000,278000,2300000,882000,Approved
972,1,Graduate,No,653000,3217000,25,722,1662000,868000,1371000,544000,Rejected
973,4,Graduate,No,809000,2902000,15,591,815000,356000,1763000,1403000,Approved
974,1,Not Graduate,No,1045000,2631000,5,717,2692000,2285000,1295000,2069000,Approved
975,2,Graduate,No,366000,2590000,25,720,140000,68000,773000,247000,Approved
976,2,Not Graduate,No,356000,729000,20,740,376000,879000,1381000,400000,Approved
977,1,Graduate,No,1435000,5000000,10,662,1741000,1930000,1568000,738000,Approved
978,3,Graduate,Yes,535000,4242000,20,900,1683000,1316000,689000,862000,Approved
979,3,Graduate,Yes,279000,1365000,5,740,901000,524000,1004000,282000,Approved
980,3,Not Graduate,No,934000,3948000,20,678,1090000,357000,1494000,1838000,Approved
981,2,Not Graduate,No,946000,5000000,15,576,1721000,538000,3683000,1683000,Rejected
982,2,Not Graduate,No,259000,1769000,15,642,891000,69000,379000,151000,Rejected
983,2,Graduate,Yes,813000,2798000,15,771,1977000,1482000,96000,230000,Approved
984,3,Not Graduate,No,1129000,3956000,15,795,591000,476000,4312000,1421000,Approved
985,1,Graduate,No,893000,5000000,15,776,1386000,1595000,915000,598000,Approved
986,2,Graduate,Yes,1056000,5000000,15,717,1741000,2269000,2964000,575000,Approved
987,0,Graduate,No,281000,1065000,15,543,360000,289000,80000,313000,Rejected
988,3,Not Graduate,No,868000,3698000,20,691,1705000,1434000,2620000,954000,Approved
989,0,Not Graduate,No,575000,4577000,20,544,1527000,1287000,551000,632000,Rejected
990,5,Graduate,No,511000,1562000,20,524,1284000,962000,1646000,319000,Rejected
991,0,Not Graduate,No,1233000,3035000,15,670,1757000,403000,4771000,435000,Approved
992,1,Graduate,No,1831000,5000000,5,694,4865000,1339000,506000,747000,Approved
993,1,Graduate,Yes,2247000,4821000,20,727,4514000,3009000,3450000,3268000,Approved
994,1,Graduate,Yes,1645000,5000000,25,692,4544000,1087000,4757000,1584000,Approved
995,1,Not Graduate,No,652000,3738000,25,695,433000,825000,2599000,629000,Approved
996,3,Graduate,No,880000,5000000,25,566,1404000,2096000,1334000,1720000,Rejected
997,0,Graduate,No,1152000,5000000,20,641,1800000,1305000,4585000,2120000,Approved
998,1,Not Graduate,Yes,757000,3257000,25,522,1079000,495000,2730000,134000,Rejected
999,0,Graduate,No,762000,4158000,15,480,1931000,279000,2214000,1223000,Rejected
1000,1,Not Graduate,No,1196000,5000000,20,713,2491000,2694000,1901000,638000,Approved
1001,4,Graduate,No,674000,4597000,25,586,1034000,387000,1479000,983000,Rejected
1002,1,Graduate,No,436000,2946000,20,724,879000,211000,1268000,169000,Rejected
1003,3,Not Graduate,No,535000,3204000,15,744,1366000,737000,1484000,178000,Approved
1004,2,Graduate,No,1057000,5000000,15,597,2601000,1220000,1295000,1989000,Approved
1005,2,Graduate,No,701000,4927000,15,700,1917000,676000,1593000,798000,Approved
1006,3,Graduate,No,873000,2444000,15,594,2641000,1263000,2930000,639000,Approved
1007,0,Not Graduate,No,1082000,5000000,20,493,2885000,1540000,2113000,1934000,Rejected
1008,4,Graduate,No,549000,4035000,20,660,481000,94000,1267000,338000,Rejected
1009,2,Not Graduate,Yes,1144000,4491000,15,610,3442000,1187000,1576000,200000,Rejected
1010,1,Not Graduate,No,895000,1898000,20,613,1219000,1613000,648000,734000,Approved
1011,4,Graduate,No,314000,1766000,15,818,763000,300000,112000,449000,Approved
1012,1,Graduate,No,1788000,5000000,20,520,6206000,4460000,3010000,2398000,Rejected
1013,5,Graduate,Yes,506000,3288000,15,683,629000,298000,1297000,493000,Approved
1014,4,Graduate,Yes,239000,1230000,20,565,278000,297000,732000,250000,Rejected
1015,1,Graduate,No,355000,873000,20,727,313000,598000,152000,384000,Approved
1016,1,Graduate,Yes,360000,1249000,20,675,1242000,493000,483000,281000,Rejected
1017,3,Graduate,No,724000,5000000,20,682,1206000,71000,2354000,153000,Rejected
1018,1,Not Graduate,No,586000,1305000,15,570,1646000,753000,315000,210000,Approved
1019,3,Graduate,No,562000,3608000,20,585,257000,1358000,2233000,822000,Rejected
1020,0,Graduate,No,1047000,3928000,10,729,919000,1064000,2688000,1706000,Approved
1021,1,Graduate,No,873000,4117000,15,801,438000,254000,3288000,717000,Approved
1022,2,Graduate,No,860000,4460000,20,691,2503000,46000,2535000,595000,Approved
1023,3,Graduate,No,914000,3199000,20,574,586000,942000,3527000,1129000,Rejected
1024,3,Not Graduate,No,1045000,5000000,25,679,3401000,484000,2816000,97000,Rejected
1025,2,Graduate,No,178000,1097000,15,856,431000,371000,204000,207000,Approved
1026,1,Graduate,No,552000,1386000,20,659,1772000,1314000,1778000,532000,Approved
1027,2,Not Graduate,No,170000,721000,15,774,273000,400000,167000,155000,Approved
1028,1,Graduate,No,717000,4636000,20,587,1421000,671000,1652000,38000,Rejected
1029,1,Not Graduate,No,698000,4418000,20,646,271000,794000,1085000,1318000,Rejected
1030,1,Graduate,No,1381000,5000000,20,703,2473000,1088000,4442000,536000,Approved
1031,2,Not Graduate,No,1515000,5000000,25,684,3318000,489000,4639000,410000,Approved
1032,1,Not Graduate,Yes,799000,2114000,20,585,497000,1117000,2772000,641000,Approved
1033,0,Not Graduate,No,506000,1371000,15,581,1741000,236000,538000,794000,Rejected
1034,3,Graduate,No,960000,5000000,25,734,301000,143000,3831000,1480000,Approved
1035,0,Graduate,Yes,497000,3062000,25,751,574000,1055000,1611000,521000,Approved
1036,5,Not Graduate,No,699000,4814000,15,779,1587000,1395000,1124000,784000,Approved
1037,1,Graduate,No,1329000,4102000,5,803,2515000,3078000,795000,1246000,Approved
1038,0,Graduate,No,487000,2484000,15,661,519000,399000,712000,48000,Rejected
1039,4,Graduate,No,1182000,5000000,20,624,4087000,2573000,608000,700000,Approved
1040,2,Graduate,No,1087000,3633000,25,765,983000,1083000,2717000,879000,Rejected
1041,3,Graduate,No,376000,1918000,20,711,797000,68000,203000,425000,Approved
1042,2,Graduate,No,1318000,5000000,15,566,884000,1509000,2345000,1760000,Rejected
1043,1,Graduate,No,1102000,3622000,5,562,529000,1526000,2979000,2177000,Approved
1044,3,Graduate,No,748000,3182000,20,692,1392000,808000,1396000,777000,Approved
1045,2,Graduate,No,426000,1405000,15,635,1225000,836000,1507000,579000,Approved
1046,2,Graduate,No,400000,2967000,10,648,800000,352000,416000,769000,Rejected
1047,1,Not Graduate,No,494000,1690000,10,741,612000,1138000,1059000,293000,Approved
1048,1,Graduate,No,996000,2714000,10,715,352000,185000,3647000,931000,Approved
1049,0,Graduate,No,376000,831000,10,763,1244000,677000,556000,547000,Approved
1050,3,Not Graduate,No,930000,2111000,20,486,910000,2160000,1808000,1071000,Approved
1051,1,Graduate,Yes,312000,983000,15,672,667000,431000,1166000,559000,Approved
1052,5,Graduate,No,613000,3463000,15,709,214000,1347000,1255000,707000,Rejected
1053,1,Graduate,No,752000,1584000,20,520,460000,1301000,2610000,1390000,Approved
1054,2,Graduate,No,3430000,5000000,25,594,2897000,125000,12924000,1165000,Approved
1055,1,Graduate,No,286000,672000,20,579,189000,480000,314000,462000,Approved
1056,3,Graduate,No,1822000,5000000,20,652,3641000,2991000,5766000,849000,Approved
1057,3,Not Graduate,No,772000,1769000,20,788,1212000,0,2046000,113000,Approved
1058,2,Graduate,No,914000,5000000,20,822,2618000,935000,3609000,245000,Approved
1059,1,Graduate,No,756000,4635000,20,581,508000,73000,1802000,894000,Rejected
1060,3,Graduate,Yes,935000,5000000,20,695,1570000,685000,2984000,577000,Approved
1061,1,Graduate,Yes,633000,2118000,20,697,1057000,1561000,917000,209000,Rejected
1062,2,Graduate,No,1801000,5000000,15,683,1871000,4234000,4439000,2299000,Approved
1063,3,Not Graduate,No,520000,3194000,15,684,316000,890000,1631000,521000,Rejected
1064,1,Not Graduate,No,1461000,3419000,15,676,488000,1340000,5655000,1157000,Approved
1065,3,Graduate,No,460000,2137000,15,793,166000,456000,498000,504000,Approved
1066,3,Graduate,No,673000,4446000,15,744,1060000,64000,274000,1164000,Approved
1067,0,Graduate,No,349000,1349000,20,560,165000,295000,1364000,511000,Rejected
1068,1,Graduate,No,941000,4036000,20,718,1470000,1845000,2306000,956000,Rejected
1069,2,Graduate,No,1791000,5000000,10,726,3044000,2325000,300000,2962000,Rejected
1070,3,Graduate,No,666000,1554000,15,677,1149000,794000,1417000,1153000,Approved
1071,2,Graduate,No,616000,4806000,15,746,563000,140000,2310000,483000,Rejected
1072,2,Graduate,Yes,339000,1033000,20,666,643000,779000,1335000,116000,Approved
1073,1,Graduate,No,603000,1302000,15,667,938000,427000,826000,165000,Approved
1074,0,Graduate,No,249000,506000,5,660,863000,238000,784000,323000,Approved
1075,0,Graduate,No,387000,1702000,10,478,172000,320000,731000,726000,Rejected
1076,1,Graduate,No,811000,5000000,20,643,383000,667000,1340000,102000,Rejected
1077,0,Graduate,No,1650000,5000000,10,593,4849000,2472000,5044000,1682000,Rejected
1078,0,Graduate,Yes,4346000,5000000,20,549,5003000,6813000,5010000,1863000,Approved
1079,2,Graduate,No,478000,2487000,20,772,425000,715000,843000,519000,Approved
1080,2,Graduate,No,1779000,5000000,25,693,5512000,305000,1888000,3061000,Approved
1081,0,Not Graduate,No,820000,3538000,20,647,1644000,1988000,538000,1299000,Approved
1082,2,Graduate,No,634000,1445000,5,602,1440000,1132000,1001000,1233000,Approved
1083,0,Graduate,Yes,927000,5000000,15,675,302000,2046000,3561000,922000,Approved
1084,1,Graduate,Yes,729000,3628000,20,734,827000,291000,1264000,980000,Rejected
1085,5,Graduate,Yes,752000,3557000,15,580,849000,1752000,2079000,1355000,Rejected
1086,2,Graduate,No,537000,2734000,25,650,1469000,969000,651000,757000,Approved
1087,0,Graduate,No,282000,1908000,20,724,433000,353000,980000,544000,Rejected
1088,1,Graduate,Yes,257000,860000,10,485,552000,15000,652000,136000,Approved
1089,3,Not Graduate,No,1070000,5000000,15,645,3512000,677000,4073000,335000,Approved
1090,1,Not Graduate,No,585000,3665000,25,614,2019000,1227000,802000,199000,Rejected
1091,5,Graduate,No,475000,3371000,25,639,336000,450000,1044000,813000,Rejected
1092,2,Graduate,No,704000,1445000,25,607,1463000,1194000,595000,108000,Rejected
1093,0,Not Graduate,No,1174000,3548000,15,662,2979000,2145000,740000,1913000,Approved
1094,2,Graduate,No,787000,3798000,20,814,2206000,1526000,1875000,752000,Approved
1095,3,Not Graduate,No,457000,3246000,10,622,1483000,437000,1478000,639000,Rejected
1096,2,Not Graduate,No,1553000,5000000,15,675,4085000,3532000,1365000,2335000,Approved
1097,4,Graduate,Yes,1954000,5000000,20,820,4900000,1427000,5552000,1715000,Approved
1098,4,Graduate,No,965000,3158000,25,603,457000,2017000,2624000,323000,Rejected
1099,0,Graduate,No,1318000,4096000,15,804,2693000,1399000,2612000,1652000,Approved
1100,0,Not Graduate,No,1569000,5000000,20,650,3477000,919000,4850000,3005000,Approved
1101,1,Graduate,No,1459000,4757000,10,801,3690000,1253000,3525000,146000,Approved
1102,2,Graduate,No,1043000,5000000,15,714,2260000,2085000,3954000,514000,Approved
1103,2,Graduate,No,1033000,5000000,5,676,1663000,1588000,3180000,1813000,Approved
1104,1,Not Graduate,No,981000,4256000,25,644,1825000,335000,3490000,183000,Rejected
1105,5,Not Graduate,Yes,343000,1465000,5,597,1165000,106000,518000,24000,Rejected
1106,1,Graduate,No,1104000,2447000,20,656,1494000,1897000,3602000,1945000,Approved
1107,3,Graduate,No,290000,1022000,15,726,815000,174000,1151000,449000,Approved
1108,3,Graduate,Yes,418000,2587000,15,649,938000,218000,308000,228000,Rejected
1109,0,Not Graduate,No,1633000,5000000,15,623,2809000,3060000,3419000,3159000,Approved
1110,1,Graduate,No,1209000,3566000,15,629,1966000,975000,4187000,1740000,Approved
1111,1,Graduate,No,1841000,4850000,20,734,3717000,314000,3032000,520000,Rejected
1112,4,Not Graduate,No,587000,1509000,20,754,1678000,623000,1222000,556000,Approved
1113,1,Graduate,No,331000,1971000,25,593,229000,471000,998000,575000,Rejected
1114,3,Graduate,Yes,599000,3400000,15,593,1925000,901000,1986000,810000,Rejected
1115,2,Not Graduate,Yes,748000,3823000,20,682,2077000,109000,657000,892000,Approved
1116,2,Graduate,No,737000,3686000,25,780,1044000,836000,1198000,636000,Approved
1117,4,Not Graduate,No,1463000,4270000,15,747,487000,1315000,2397000,781000,Approved
1118,2,Graduate,No,553000,2767000,25,544,352000,621000,385000,689000,Rejected
1119,3,Graduate,No,880000,2076000,25,628,671000,92000,401000,308000,Approved
1120,2,Graduate,No,368000,2780000,20,571,232000,272000,1106000,600000,Rejected
1121,0,Graduate,Yes,938000,2203000,20,627,590000,1509000,3211000,430000,Approved
1122,0,Graduate,No,701000,3183000,20,786,2364000,221000,2673000,200000,Approved
1123,1,Not Graduate,No,430000,861000,15,529,1035000,1031000,1647000,82000,Approved
1124,3,Graduate,No,601000,4037000,20,512,1759000,1493000,2392000,985000,Rejected
1125,1,Graduate,No,621000,1861000,25,580,1305000,560000,263000,598000,Approved
1126,2,Graduate,No,587000,4432000,15,674,1340000,999000,967000,486000,Rejected
1127,0,Graduate,No,2214000,5000000,20,703,6906000,3517000,931000,2361000,Approved
1128,2,Graduate,No,657000,4550000,20,687,748000,275000,1803000,785000,Rejected
1129,3,Graduate,No,597000,3546000,10,750,1506000,579000,2324000,1055000,Approved
1130,2,Graduate,No,179000,626000,20,500,569000,439000,44000,129000,Rejected
1131,5,Graduate,No,391000,1257000,20,751,1289000,125000,842000,162000,Approved
1132,0,Graduate,No,590000,2446000,20,623,1015000,848000,1286000,1029000,Approved
1133,0,Graduate,No,448000,3123000,20,712,1363000,671000,330000,442000,Rejected
1134,2,Graduate,Yes,1718000,5000000,15,538,3285000,720000,5756000,2027000,Approved
1135,1,Not Graduate,No,629000,1920000,25,650,708000,842000,1031000,225000,Rejected
1136,3,Graduate,No,1617000,5000000,20,670,1784000,3709000,2813000,2799000,Approved
1137,3,Not Graduate,No,729000,2497000,20,748,1273000,211000,2808000,1370000,Approved
1138,0,Graduate,No,717000,1962000,15,515,807000,340000,763000,662000,Rejected
1139,4,Not Graduate,No,661000,3886000,15,653,262000,422000,1060000,59000,Approved
1140,0,Graduate,No,702000,2861000,25,558,448000,1318000,2179000,72000,Rejected
1141,3,Graduate,No,2139000,5000000,5,693,6454000,3087000,4218000,1368000,Rejected
1142,1,Graduate,No,155000,1115000,15,716,484000,195000,380000,156000,Rejected
1143,3,Graduate,No,191000,1240000,20,759,591000,378000,375000,171000,Approved
1144,0,Not Graduate,No,492000,3268000,20,605,1019000,1203000,593000,570000,Rejected
1145,4,Graduate,No,707000,1580000,25,729,2328000,346000,519000,390000,Approved
1146,4,Graduate,No,1096000,5000000,20,766,2079000,2225000,3743000,503000,Rejected
1147,2,Graduate,No,952000,5000000,25,510,1695000,881000,1117000,1856000,Rejected
1148,2,Graduate,Yes,545000,2737000,20,702,991000,199000,2174000,325000,Rejected
1149,2,Not Graduate,Yes,1358000,2802000,20,731,1512000,871000,189000,2574000,Approved
1150,2,Graduate,No,1367000,5000000,20,628,3094000,1365000,4839000,1592000,Rejected
1151,2,Graduate,No,789000,4153000,20,547,1370000,1774000,2994000,147000,Rejected
1152,2,Graduate,No,1309000,5000000,10,730,4475000,1566000,431000,1584000,Approved
1153,4,Graduate,No,836000,4960000,15,548,711000,1284000,2130000,1648000,Rejected
1154,2,Not Graduate,No,486000,3295000,20,635,265000,40000,1532000,820000,Rejected
1155,1,Not Graduate,No,1102000,5000000,20,647,1569000,176000,2755000,707000,Approved
1156,4,Graduate,No,752000,5000000,20,711,744000,1764000,2656000,178000,Rejected
1157,1,Graduate,No,701000,2350000,20,597,2435000,1469000,432000,664000,Approved
1158,0,Graduate,No,1823000,5000000,20,592,3805000,2232000,6928000,442000,Rejected
1159,5,Graduate,No,142000,891000,15,658,206000,71000,319000,90000,Rejected
1160,1,Graduate,No,279000,1397000,20,736,658000,28000,403000,513000,Approved
1161,0,Not Graduate,Yes,324000,1813000,20,844,567000,790000,696000,429000,Approved
1162,2,Graduate,No,553000,3457000,10,522,535000,8000,787000,872000,Rejected
1163,3,Graduate,Yes,593000,3134000,15,677,927000,352000,1113000,655000,Approved
1164,0,Graduate,No,263000,1769000,20,558,320000,450000,187000,99000,Rejected
1165,2,Graduate,No,369000,1444000,20,737,864000,865000,1252000,127000,Approved
1166,0,Graduate,No,400000,2862000,15,570,1165000,117000,648000,617000,Rejected
1167,2,Graduate,Yes,3458000,5000000,10,593,3943000,6690000,6644000,3068000,Approved
1168,1,Graduate,No,2258000,5000000,15,600,5167000,1873000,8236000,2314000,Approved
1169,0,Graduate,No,536000,3935000,20,644,1376000,911000,1950000,214000,Rejected
1170,4,Graduate,No,553000,1944000,20,677,821000,134000,1755000,418000,Rejected
1171,2,Graduate,No,332000,1315000,15,691,618000,718000,72000,102000,Rejected
1172,4,Graduate,No,203000,778000,25,650,294000,359000,738000,91000,Rejected
1173,4,Graduate,No,649000,3495000,10,537,969000,1550000,543000,1157000,Rejected
1174,4,Not Graduate,No,366000,1639000,15,712,632000,460000,662000,530000,Approved
1175,3,Graduate,No,662000,1753000,15,645,824000,1469000,2398000,1133000,Approved
1176,1,Graduate,No,247000,1815000,20,749,460000,334000,116000,433000,Rejected
1177,3,Not Graduate,No,427000,1378000,20,590,1156000,547000,264000,512000,Rejected
1178,2,Graduate,No,771000,4013000,5,514,1204000,182000,1809000,496000,Rejected
1179,1,Not Graduate,Yes,888000,4945000,20,647,2953000,1807000,1709000,897000,Rejected
1180,1,Graduate,No,918000,2060000,20,760,916000,946000,1487000,80000,Approved
1181,1,Not Graduate,No,297000,765000,25,664,516000,446000,968000,488000,Approved
1182,2,Graduate,No,1220000,5000000,25,633,2715000,1985000,4379000,1970000,Approved
1183,3,Graduate,No,416000,2491000,20,576,848000,806000,1650000,433000,Rejected
1184,2,Not Graduate,No,1056000,2325000,10,799,3517000,1519000,612000,830000,Approved
1185,1,Graduate,Yes,695000,4702000,15,562,930000,1077000,1902000,269000,Rejected
1186,0,Graduate,Yes,286000,1445000,25,588,431000,372000,1000000,56000,Rejected
1187,4,Graduate,No,570000,1397000,20,698,1258000,875000,592000,390000,Approved
1188,2,Graduate,No,888000,5000000,20,492,1961000,986000,1751000,1668000,Rejected
1189,2,Graduate,No,1043000,5000000,25,758,2941000,2024000,133000,192000,Approved
1190,3,Graduate,No,639000,2064000,25,703,1816000,1295000,399000,1215000,Approved
1191,4,Graduate,No,1895000,5000000,20,726,634000,2450000,1117000,2048000,Approved
1192,2,Not Graduate,Yes,1347000,5000000,25,697,3698000,494000,3852000,1225000,Approved
1193,2,Not Graduate,No,592000,2195000,10,636,1538000,553000,1496000,172000,Rejected
1194,1,Not Graduate,No,1140000,4146000,20,560,2479000,2394000,286000,216000,Approved
1195,4,Graduate,No,2460000,5000000,25,638,3233000,5638000,5961000,2735000,Approved
1196,2,Graduate,No,2503000,5000000,5,567,8016000,1671000,915000,3047000,Rejected
1197,3,Graduate,No,315000,2337000,10,691,839000,741000,280000,282000,Rejected
1198,0,Graduate,No,383000,1293000,20,719,430000,265000,1385000,234000,Rejected
1199,2,Graduate,No,1838000,5000000,20,776,2347000,4222000,3390000,139000,Approved
1200,1,Not Graduate,No,352000,1914000,10,682,906000,823000,1108000,201000,Rejected
1201,2,Graduate,No,296000,1140000,15,729,958000,374000,392000,427000,Approved
1202,3,Graduate,No,510000,1128000,15,625,954000,1212000,271000,628000,Approved
1203,3,Graduate,No,920000,5000000,15,609,2864000,1263000,3279000,330000,Rejected
1204,1,Graduate,No,655000,2257000,25,690,997000,620000,484000,1046000,Approved
1205,4,Graduate,No,459000,2658000,20,617,718000,930000,672000,156000,Rejected
1206,1,Graduate,No,452000,2393000,20,673,1128000,123000,1281000,724000,Rejected
1207,2,Not Graduate,No,441000,894000,5,560,204000,239000,1062000,463000,Rejected
1208,0,Graduate,No,395000,3147000,15,575,294000,211000,1469000,572000,Rejected
1209,1,Graduate,No,3084000,5000000,15,704,8114000,4796000,12188000,653000,Approved
1210,4,Not Graduate,No,849000,4176000,25,725,912000,1505000,570000,1269000,Rejected
1211,0,Not Graduate,No,1246000,5000000,25,566,1072000,2609000,1226000,1815000,Rejected
1212,4,Not Graduate,No,509000,2474000,15,707,298000,1145000,1320000,199000,Approved
1213,1,Graduate,No,620000,4010000,25,605,632000,1356000,417000,197000,Rejected
1214,3,Graduate,No,440000,1235000,5,651,485000,750000,974000,664000,Approved
1215,0,Graduate,No,125000,585000,15,770,174000,286000,194000,108000,Approved
1216,3,Not Graduate,Yes,286000,1148000,20,719,945000,197000,1019000,376000,Approved
1217,4,Not Graduate,No,216000,1028000,15,718,510000,392000,795000,15000,Rejected
1218,2,Graduate,No,162000,762000,25,812,408000,31000,180000,66000,Rejected
1219,1,Graduate,No,322000,920000,10,590,233000,101000,152000,484000,Approved
1220,3,Graduate,No,1656000,5000000,20,566,1518000,936000,6566000,725000,Approved
1221,3,Graduate,No,680000,1423000,10,589,2160000,175000,466000,140000,Rejected
1222,0,Graduate,No,1620000,3338000,10,628,3774000,3911000,1258000,634000,Approved
1223,3,Graduate,No,914000,3876000,15,450,2642000,1065000,990000,1529000,Rejected
1224,3,Graduate,No,1164000,5000000,25,632,1681000,2639000,1664000,845000,Rejected
1225,3,Graduate,No,390000,1200000,20,604,837000,465000,264000,423000,Rejected
1226,1,Graduate,No,984000,5000000,20,717,1877000,1721000,1335000,1157000,Approved
1227,2,Graduate,No,1124000,5000000,5,680,1076000,904000,209000,873000,Rejected
1228,5,Graduate,No,481000,1233000,5,599,1414000,1143000,1551000,112000,Rejected
1229,2,Graduate,No,1007000,5000000,5,700,1378000,88000,1136000,555000,Approved
1230,2,Graduate,No,1011000,4064000,20,711,1814000,1763000,3326000,362000,Approved
1231,5,Graduate,No,490000,2869000,10,585,356000,1164000,1285000,894000,Rejected
1232,1,Not Graduate,No,337000,898000,15,608,790000,664000,665000,503000,Rejected
1233,1,Graduate,No,324000,2027000,20,461,917000,670000,1261000,536000,Rejected
1234,3,Graduate,No,740000,5000000,20,557,1194000,553000,1190000,1209000,Approved
1235,3,Graduate,No,866000,2279000,15,587,2970000,978000,689000,47000,Rejected
1236,5,Graduate,Yes,418000,1152000,5,656,470000,142000,983000,631000,Approved
1237,3,Graduate,Yes,712000,2625000,15,570,2203000,670000,460000,705000,Rejected
1238,1,Not Graduate,Yes,1014000,2101000,20,606,2644000,21000,1196000,1582000,Approved
1239,1,Graduate,No,1046000,5000000,10,546,3418000,2036000,3808000,2010000,Rejected
1240,0,Graduate,No,1919000,5000000,20,665,5124000,4572000,6869000,1435000,Approved
1241,4,Not Graduate,No,1605000,5000000,5,686,3023000,2812000,3076000,1973000,Approved
1242,0,Graduate,No,365000,2830000,25,684,592000,739000,717000,235000,Rejected
1243,2,Graduate,No,2091000,5000000,25,651,6177000,2684000,4831000,3749000,Approved
1244,2,Graduate,No,496000,3415000,5,519,1483000,238000,212000,270000,Rejected
1245,0,Graduate,No,1381000,5000000,15,597,3017000,2489000,1502000,1015000,Rejected
1246,1,Not Graduate,No,732000,2935000,15,615,1864000,548000,1729000,1304000,Approved
1247,2,Not Graduate,No,535000,2006000,20,616,953000,615000,724000,132000,Rejected
1248,0,Graduate,No,216000,881000,20,656,216000,486000,201000,219000,Rejected
1249,5,Graduate,No,626000,2640000,20,771,288000,584000,1643000,741000,Approved
1250,4,Graduate,Yes,254000,721000,10,719,608000,184000,587000,299000,Approved
1251,0,Graduate,No,1313000,5000000,5,566,3206000,104000,1806000,373000,Rejected
1252,4,Graduate,No,1876000,5000000,20,708,4557000,3290000,7046000,238000,Approved
1253,1,Not Graduate,No,417000,1608000,20,704,876000,224000,1306000,360000,Rejected
1254,0,Graduate,No,852000,2549000,20,581,1189000,1362000,2066000,797000,Rejected
1255,1,Graduate,No,437000,1853000,20,722,470000,401000,401000,825000,Approved
1256,3,Not Graduate,No,465000,2272000,20,636,237000,916000,1222000,708000,Rejected
1257,3,Not Graduate,No,1158000,5000000,20,530,896000,2576000,3222000,1410000,Rejected
1258,1,Graduate,No,683000,4281000,25,689,1578000,402000,1617000,314000,Rejected
1259,3,Graduate,No,2169000,5000000,20,668,5982000,4296000,5613000,3921000,Approved
1260,3,Not Graduate,No,512000,1137000,25,631,1641000,196000,375000,219000,Approved
1261,3,Graduate,No,1340000,5000000,25,647,762000,472000,1885000,2542000,Approved
1262,2,Graduate,No,746000,2195000,15,589,2167000,799000,2666000,1413000,Approved
1263,3,Graduate,No,1174000,5000000,20,702,2597000,952000,745000,2297000,Approved
1264,3,Not Graduate,Yes,523000,4119000,20,646,661000,1291000,1255000,315000,Rejected
1265,0,Graduate,No,678000,2093000,10,664,1778000,1363000,2441000,216000,Approved
1266,3,Graduate,No,649000,2540000,20,680,2249000,1444000,101000,828000,Approved
1267,1,Graduate,No,407000,2585000,15,552,616000,138000,1576000,356000,Rejected
1268,3,Not Graduate,Yes,1076000,5000000,15,574,2483000,1921000,3814000,869000,Rejected
1269,3,Graduate,Yes,1068000,2417000,10,462,1212000,1613000,3085000,1212000,Rejected
1270,1,Graduate,No,1030000,3059000,20,698,985000,256000,2952000,1436000,Approved
1271,0,Graduate,No,1901000,5000000,20,547,1477000,3772000,6623000,1326000,Rejected
1272,3,Graduate,No,1796000,4704000,20,661,724000,3833000,1377000,1263000,Rejected
1273,4,Not Graduate,No,549000,3190000,10,682,1436000,1255000,1554000,681000,Approved
1274,3,Graduate,No,892000,5000000,20,701,684000,2096000,1284000,169000,Rejected
1275,2,Graduate,No,467000,1678000,10,548,1151000,126000,1642000,661000,Approved
1276,1,Graduate,No,711000,4515000,15,644,2192000,1568000,1550000,1143000,Rejected
1277,1,Graduate,No,474000,1431000,15,792,1426000,1120000,1463000,837000,Approved
1278,3,Graduate,No,2006000,5000000,25,796,2521000,3464000,1507000,3049000,Approved
1279,2,Graduate,No,887000,3434000,15,734,619000,408000,926000,921000,Approved
1280,3,Not Graduate,No,608000,4851000,20,679,1044000,609000,2048000,1066000,Rejected
1281,1,Not Graduate,Yes,1521000,5000000,25,565,1339000,343000,2497000,1532000,Approved
1282,0,Graduate,Yes,171000,475000,15,711,256000,2000,369000,271000,Approved
1283,2,Graduate,No,189000,1428000,25,637,401000,435000,554000,33000,Rejected
1284,2,Not Graduate,No,1174000,3489000,10,698,2773000,2854000,894000,1682000,Approved
1285,2,Graduate,No,728000,5000000,15,596,727000,1673000,932000,156000,Rejected
1286,1,Not Graduate,No,824000,4864000,10,635,847000,523000,1129000,86000,Rejected
1287,3,Graduate,No,296000,1617000,20,664,909000,460000,1088000,305000,Rejected
1288,2,Graduate,Yes,690000,4491000,25,671,2293000,862000,439000,195000,Rejected
1289,3,Graduate,No,2574000,5000000,20,692,6064000,3192000,3985000,1761000,Approved
1290,2,Graduate,No,1196000,3185000,20,601,2490000,1281000,4594000,1865000,Rejected
1291,2,Not Graduate,No,782000,5000000,15,536,1881000,1840000,2624000,878000,Rejected
1292,3,Graduate,No,526000,4025000,25,788,374000,1040000,1428000,779000,Rejected
1293,2,Graduate,No,542000,4000000,15,862,1718000,1148000,1215000,855000,Approved
1294,2,Graduate,No,175000,1003000,15,688,169000,15000,590000,173000,Approved
1295,3,Graduate,No,828000,4253000,25,537,2023000,853000,3139000,1633000,Rejected
1296,0,Not Graduate,No,1213000,5000000,15,584,1226000,1813000,4493000,539000,Rejected
1297,4,Graduate,No,251000,524000,15,693,642000,413000,651000,54000,Approved
1298,1,Not Graduate,No,455000,2274000,5,764,1233000,1018000,1337000,305000,Approved
1299,1,Graduate,No,330000,1895000,10,547,882000,138000,1031000,507000,Rejected
1300,3,Graduate,No,374000,2226000,20,639,625000,84000,1218000,89000,Rejected
1301,1,Graduate,No,725000,2895000,15,667,1626000,1619000,2145000,696000,Approved
1302,5,Graduate,No,181000,874000,25,723,401000,229000,145000,211000,Rejected
1303,2,Graduate,No,1044000,5000000,10,621,2720000,1407000,3197000,1697000,Rejected
1304,1,Graduate,No,1143000,5000000,20,517,2168000,2543000,1854000,1943000,Rejected
1305,0,Graduate,No,595000,4625000,20,703,1144000,1115000,523000,307000,Rejected
1306,0,Graduate,No,140000,873000,20,746,349000,256000,70000,82000,Rejected
1307,0,Not Graduate,No,366000,735000,20,643,309000,170000,380000,506000,Rejected
1308,0,Not Graduate,No,1560000,3338000,20,684,3725000,2424000,3245000,2693000,Approved
1309,1,Graduate,No,120000,737000,20,610,93000,135000,128000,45000,Rejected
1310,1,Not Graduate,No,558000,2498000,25,578,1462000,852000,1505000,814000,Rejected
1311,2,Not Graduate,No,325000,2287000,15,737,502000,468000,1255000,167000,Rejected
1312,1,Not Graduate,Yes,1181000,3588000,15,683,3527000,78000,321000,475000,Approved
1313,0,Graduate,No,451000,939000,20,692,263000,388000,275000,319000,Approved
1314,0,Graduate,No,910000,3939000,15,778,1614000,1042000,969000,1456000,Approved
1315,1,Graduate,No,1011000,5000000,10,560,844000,1264000,3273000,1514000,Rejected
1316,1,Graduate,No,2309000,5000000,25,603,7113000,574000,2674000,2271000,Approved
1317,0,Graduate,Yes,613000,4476000,10,663,430000,1377000,519000,884000,Rejected
1318,1,Graduate,Yes,894000,4385000,10,602,1656000,747000,622000,752000,Rejected
1319,4,Not Graduate,Yes,267000,1836000,20,717,170000,327000,183000,123000,Rejected
1320,1,Not Graduate,No,1518000,3677000,5,634,4330000,2519000,4413000,2571000,Rejected
1321,0,Graduate,No,427000,2320000,5,566,513000,768000,1222000,66000,Rejected
1322,3,Not Graduate,Yes,486000,3667000,5,656,1070000,459000,638000,878000,Rejected
1323,2,Not Graduate,No,690000,3021000,10,664,583000,223000,1278000,1096000,Approved
1324,0,Graduate,No,253000,1963000,15,729,361000,131000,645000,370000,Rejected
1325,3,Not Graduate,No,812000,2699000,20,683,539000,335000,3169000,942000,Approved
1326,3,Graduate,No,1313000,3458000,15,689,2708000,801000,3937000,2140000,Approved
1327,5,Graduate,No,847000,4361000,15,677,263000,1278000,2737000,89000,Rejected
1328,4,Not Graduate,No,249000,1853000,20,634,866000,334000,974000,299000,Approved
1329,2,Graduate,No,646000,2499000,15,589,1054000,272000,1025000,361000,Rejected
1330,3,Graduate,No,1134000,5000000,15,675,2624000,1932000,419000,1470000,Rejected
1331,2,Not Graduate,No,207000,624000,15,622,252000,33000,624000,283000,Rejected
1332,4,Graduate,No,348000,2253000,15,794,386000,791000,199000,163000,Approved
1333,2,Graduate,No,1237000,5000000,15,764,3720000,1751000,2240000,435000,Approved
1334,1,Graduate,No,834000,2544000,5,704,2274000,1231000,2485000,997000,Approved
1335,0,Graduate,No,915000,5000000,25,682,2158000,654000,2084000,1724000,Approved
1336,2,Graduate,No,2344000,5000000,25,643,6346000,2998000,3591000,3150000,Approved
1337,2,Graduate,No,949000,4833000,25,543,817000,1011000,1999000,943000,Rejected
1338,3,Not Graduate,Yes,1074000,3601000,5,632,3532000,2553000,1135000,2013000,Approved
1339,1,Graduate,No,4077000,5000000,20,659,7156000,777000,1587000,6714000,Approved
1340,3,Graduate,No,609000,4716000,20,670,1876000,698000,1041000,901000,Rejected
1341,0,Graduate,Yes,417000,2475000,10,690,1107000,825000,137000,377000,Approved
1342,2,Graduate,Yes,924000,5000000,25,728,1123000,1258000,3623000,932000,Approved
1343,1,Graduate,Yes,931000,5000000,20,591,1975000,1316000,1718000,527000,Rejected
1344,1,Graduate,No,497000,3467000,10,592,1686000,1132000,1760000,817000,Approved
1345,2,Graduate,No,358000,1065000,25,773,150000,336000,1365000,217000,Approved
1346,1,Graduate,Yes,3142000,5000000,10,716,5231000,16000,5821000,4469000,Approved
1347,1,Graduate,No,866000,5000000,15,617,1979000,2004000,1506000,1521000,Rejected
1348,3,Graduate,No,435000,1140000,10,641,604000,36000,1559000,490000,Rejected
1349,1,Graduate,No,1270000,3683000,10,641,1673000,2532000,299000,451000,Rejected
1350,3,Graduate,No,652000,3784000,25,653,1758000,228000,1304000,64000,Rejected
1351,3,Graduate,No,594000,4284000,20,690,1920000,31000,682000,810000,Rejected
1352,0,Graduate,Yes,1009000,5000000,15,865,2039000,895000,3063000,492000,Approved
1353,4,Not Graduate,No,302000,670000,20,666,1007000,652000,1016000,38000,Rejected
1354,3,Graduate,Yes,880000,5000000,25,706,549000,81000,2216000,633000,Rejected
1355,3,Graduate,Yes,2427000,5000000,25,507,2495000,1594000,4094000,2876000,Rejected
1356,3,Graduate,No,948000,3219000,25,609,550000,661000,2147000,1067000,Approved
1357,2,Graduate,Yes,548000,4302000,25,754,928000,130000,1282000,206000,Rejected
1358,5,Graduate,Yes,503000,3333000,20,684,1160000,116000,1296000,618000,Approved
1359,0,Graduate,No,536000,4084000,15,300,505000,1217000,1981000,456000,Rejected
1360,0,Graduate,No,593000,4056000,25,707,1029000,1031000,635000,582000,Approved
1361,3,Graduate,Yes,548000,3239000,10,813,1365000,426000,486000,962000,Approved
1362,1,Graduate,No,1270000,4708000,10,480,2980000,757000,1069000,258000,Rejected
1363,2,Not Graduate,No,227000,899000,15,779,525000,24000,640000,245000,Approved
1364,1,Not Graduate,No,1226000,5000000,15,414,2745000,1100000,4449000,476000,Rejected
1365,1,Graduate,Yes,547000,3919000,20,730,1891000,412000,752000,222000,Approved
1366,4,Not Graduate,No,894000,3716000,25,649,2311000,2050000,1556000,1109000,Rejected
1367,0,Graduate,No,336000,1425000,20,450,1077000,185000,1302000,456000,Rejected
1368,1,Graduate,No,1660000,5000000,20,688,5554000,1681000,1107000,2045000,Approved
1369,3,Graduate,No,1573000,5000000,15,748,4799000,2682000,5553000,2911000,Approved
1370,3,Not Graduate,No,1306000,5000000,20,681,790000,1049000,5017000,2089000,Approved
1371,3,Graduate,No,262000,541000,10,700,522000,512000,843000,115000,Approved
1372,1,Not Graduate,No,1200000,5000000,5,615,1825000,2179000,1694000,1548000,Approved
1373,4,Graduate,No,911000,5000000,20,492,556000,81000,2413000,1148000,Rejected
1374,2,Graduate,No,247000,1298000,20,709,520000,528000,305000,324000,Rejected
1375,3,Graduate,No,689000,3240000,15,799,676000,627000,394000,611000,Approved
1376,0,Graduate,No,887000,3436000,15,746,1917000,213000,460000,1683000,Approved
1377,1,Graduate,No,1005000,2456000,5,481,2930000,1755000,137000,959000,Rejected
1378,2,Graduate,No,785000,2627000,20,521,1225000,1466000,3074000,1248000,Rejected
1379,2,Graduate,No,846000,2151000,15,578,2825000,150000,2246000,836000,Approved
1380,0,Graduate,No,1824000,5000000,15,515,5021000,1614000,2468000,2892000,Rejected
1381,2,Not Graduate,No,1553000,4630000,25,654,4463000,3477000,3663000,1276000,Approved
1382,3,Graduate,No,120000,457000,20,683,79000,201000,302000,6000,Approved
1383,1,Graduate,No,569000,1176000,10,528,1886000,760000,463000,583000,Rejected
1384,2,Graduate,No,629000,4844000,20,716,258000,793000,772000,704000,Rejected
1385,1,Graduate,No,224000,614000,10,701,672000,341000,501000,62000,Approved
1386,4,Graduate,Yes,744000,3198000,10,603,294000,1215000,2511000,1002000,Rejected
1387,2,Graduate,Yes,1576000,5000000,20,635,1292000,271000,954000,2702000,Approved
1388,2,Graduate,No,345000,911000,10,484,452000,288000,1189000,601000,Rejected
1389,4,Graduate,No,871000,4269000,15,622,2318000,1147000,2156000,684000,Rejected
1390,3,Graduate,No,386000,2729000,25,651,1227000,705000,776000,328000,Rejected
1391,1,Graduate,No,452000,2414000,20,664,1100000,839000,299000,779000,Rejected
1392,3,Graduate,No,1829000,5000000,25,682,4808000,2769000,4105000,3652000,Approved
1393,5,Graduate,No,492000,3155000,25,671,604000,721000,728000,75000,Approved
1394,0,Graduate,No,945000,5000000,15,628,3233000,869000,791000,161000,Rejected
1395,2,Graduate,No,207000,864000,20,674,332000,432000,731000,32000,Approved
1396,0,Graduate,No,2349000,5000000,15,735,7567000,5382000,4454000,2236000,Approved
1397,3,Graduate,No,1036000,2121000,20,642,2894000,2192000,426000,1637000,Approved
1398,3,Graduate,No,622000,4324000,15,677,918000,1356000,795000,145000,Rejected
1399,4,Not Graduate,No,1018000,4000000,5,634,1423000,2313000,822000,1419000,Approved
1400,3,Not Graduate,No,280000,791000,10,595,693000,141000,1054000,107000,Rejected
1401,0,Not Graduate,Yes,1510000,5000000,20,694,4997000,1940000,1582000,173000,Approved
1402,2,Not Graduate,No,567000,4267000,10,603,1390000,758000,1176000,687000,Rejected
1403,4,Not Graduate,No,613000,1257000,20,683,1866000,744000,1844000,741000,Approved
1404,1,Graduate,No,509000,1189000,25,652,1727000,1080000,366000,307000,Approved
1405,0,Graduate,No,480000,2161000,20,624,651000,390000,867000,326000,Approved
1406,3,Not Graduate,Yes,1100000,5000000,15,622,2225000,444000,2913000,814000,Rejected
1407,2,Graduate,No,827000,4016000,10,607,1860000,567000,2927000,1540000,Rejected
1408,0,Graduate,No,1069000,5000000,25,510,1064000,383000,2834000,1859000,Rejected
1409,1,Not Graduate,Yes,696000,1576000,20,683,1985000,704000,287000,751000,Approved
1410,1,Graduate,No,977000,3948000,15,670,1111000,285000,1323000,1884000,Rejected
1411,3,Graduate,Yes,533000,2190000,25,722,1366000,117000,783000,631000,Rejected
1412,2,Graduate,No,2982000,5000000,10,605,5893000,3362000,4814000,739000,Rejected
1413,2,Graduate,No,253000,1246000,15,811,753000,380000,954000,253000,Approved
1414,3,Graduate,No,1589000,5000000,10,618,3078000,2414000,380000,2851000,Approved
1415,1,Graduate,No,1703000,5000000,10,576,3708000,393000,2177000,2286000,Approved
1416,3,Graduate,No,402000,2600000,15,566,354000,976000,812000,767000,Rejected
1417,1,Graduate,No,2981000,5000000,20,503,8604000,907000,1303000,3235000,Rejected
1418,2,Graduate,Yes,1337000,5000000,15,780,2122000,2208000,2655000,2444000,Approved
1419,2,Graduate,No,1316000,5000000,20,767,2836000,2924000,681000,2033000,Approved
1420,3,Graduate,No,713000,3733000,20,701,2144000,1577000,2401000,1180000,Rejected
1421,4,Graduate,No,608000,1609000,25,574,1115000,778000,701000,1206000,Approved
1422,1,Graduate,Yes,611000,4717000,5,804,720000,424000,1307000,391000,Approved
1423,0,Graduate,No,902000,5000000,20,620,1037000,1867000,2265000,1150000,Rejected
1424,2,Not Graduate,No,1740000,5000000,10,627,3675000,2665000,2249000,957000,Approved
1425,2,Graduate,No,788000,5000000,20,772,971000,1558000,1158000,1351000,Approved
1426,1,Graduate,No,387000,1115000,15,706,535000,387000,809000,461000,Rejected
1427,4,Graduate,No,1196000,5000000,20,837,1257000,2731000,3876000,470000,Approved
1428,3,Graduate,No,1274000,4978000,10,671,2202000,2961000,2377000,1110000,Approved
1429,2,Graduate,Yes,1071000,5000000,20,616,1919000,1974000,2158000,433000,Rejected
1430,2,Not Graduate,No,1136000,3563000,10,598,2253000,2677000,2754000,1071000,Rejected
1431,0,Graduate,No,587000,1949000,10,493,1290000,666000,1032000,118000,Rejected
1432,2,Not Graduate,No,383000,2344000,20,626,835000,186000,1123000,740000,Approved
1433,2,Graduate,No,398000,1008000,15,747,587000,653000,47000,483000,Approved
1434,4,Not Graduate,No,242000,1547000,20,701,770000,395000,480000,480000,Rejected
1435,2,Not Graduate,No,817000,2948000,20,652,1583000,1004000,3023000,318000,Approved
1436,0,Graduate,No,663000,3955000,20,565,1964000,432000,1659000,530000,Rejected
1437,1,Graduate,No,526000,3807000,20,669,1096000,821000,1050000,981000,Rejected
1438,0,Graduate,No,120000,679000,20,736,178000,54000,373000,168000,Approved
1439,4,Graduate,No,311000,1019000,25,687,828000,586000,508000,58000,Approved
1440,3,Graduate,No,1450000,3328000,10,664,1256000,3287000,2787000,2570000,Approved
1441,3,Graduate,No,454000,1030000,20,582,1545000,189000,391000,190000,Approved
1442,4,Not Graduate,No,885000,2242000,20,724,1886000,1815000,517000,496000,Approved
1443,0,Graduate,No,283000,1551000,10,384,179000,140000,56000,418000,Rejected
1444,3,Not Graduate,No,1783000,5000000,15,683,2939000,2231000,5265000,2560000,Approved
1445,3,Graduate,No,637000,2203000,15,868,1644000,1480000,1227000,852000,Approved
1446,1,Graduate,No,845000,2802000,20,522,438000,175000,3180000,51000,Rejected
1447,2,Not Graduate,No,3174000,5000000,15,629,3607000,712000,2506000,1702000,Approved
1448,3,Graduate,Yes,1876000,5000000,20,649,6112000,4496000,1973000,1355000,Approved
1449,4,Not Graduate,No,574000,2198000,20,611,826000,228000,1487000,477000,Rejected
1450,0,Not Graduate,Yes,476000,2299000,20,738,385000,407000,149000,92000,Rejected
1451,4,Graduate,No,566000,1134000,15,690,348000,649000,1168000,774000,Approved
1452,4,Graduate,No,975000,5000000,20,663,2224000,16000,567000,1743000,Rejected
1453,4,Graduate,No,654000,1697000,20,718,1364000,308000,477000,1295000,Approved
1454,0,Graduate,No,541000,3297000,10,651,1284000,1120000,1135000,869000,Rejected
1455,1,Not Graduate,No,1817000,5000000,10,900,6116000,2357000,4214000,809000,Approved
1456,3,Not Graduate,No,650000,4455000,15,663,320000,640000,603000,681000,Rejected
1457,1,Graduate,No,3121000,5000000,25,667,2910000,5321000,3614000,5729000,Approved
1458,0,Graduate,No,743000,4916000,15,505,779000,603000,898000,134000,Rejected
1459,3,Not Graduate,No,2234000,5000000,5,604,3723000,2449000,1459000,1106000,Approved
1460,0,Graduate,No,883000,4355000,10,748,607000,2194000,3414000,500000,Approved
1461,2,Graduate,No,1309000,5000000,5,536,2110000,2534000,3665000,1621000,Approved
1462,4,Not Graduate,No,437000,2364000,15,467,1272000,605000,233000,833000,Rejected
1463,2,Not Graduate,No,402000,2038000,20,653,331000,529000,600000,398000,Approved
1464,4,Graduate,No,944000,3052000,15,767,3052000,1992000,730000,1085000,Approved
1465,2,Graduate,No,1331000,4723000,20,654,4281000,1999000,1350000,1727000,Approved
1466,1,Graduate,No,719000,2985000,5,621,1396000,610000,2706000,1230000,Approved
1467,0,Graduate,No,303000,623000,15,492,925000,316000,192000,184000,Rejected
1468,1,Graduate,No,289000,1302000,20,688,745000,132000,1021000,367000,Rejected
1469,1,Graduate,No,277000,559000,20,706,399000,664000,937000,514000,Approved
1470,4,Not Graduate,Yes,222000,1197000,25,499,466000,362000,666000,418000,Rejected
1471,4,Graduate,No,752000,4681000,15,746,506000,749000,1532000,599000,Approved
1472,0,Graduate,No,1454000,5000000,20,715,2743000,1308000,1610000,390000,Approved
1473,0,Graduate,No,694000,4276000,20,746,2051000,1574000,2319000,1286000,Approved
1474,3,Graduate,No,161000,322000,10,700,350000,145000,540000,297000,Approved
1475,2,Graduate,No,618000,1456000,20,706,941000,1169000,1328000,148000,Approved
1476,1,Graduate,No,630000,3900000,15,694,1527000,1316000,180000,131000,Approved
1477,1,Not Graduate,No,2734000,5000000,10,724,9367000,6218000,2331000,1124000,Approved
1478,1,Graduate,Yes,271000,1709000,20,495,140000,253000,86000,355000,Rejected
1479,2,Graduate,No,543000,3246000,20,522,737000,1039000,435000,348000,Rejected
1480,0,Not Graduate,No,2122000,5000000,25,587,1695000,1734000,4420000,1100000,Approved
1481,3,Not Graduate,No,938000,5000000,25,639,3154000,2214000,3219000,1510000,Rejected
1482,1,Graduate,No,1010000,5000000,15,683,2067000,28000,2674000,531000,Approved
1483,2,Graduate,No,754000,4847000,20,678,539000,1075000,1842000,1450000,Rejected
1484,2,Graduate,No,867000,2119000,25,745,1959000,1105000,2616000,785000,Approved
1485,1,Graduate,Yes,1160000,2760000,15,748,2206000,2545000,3011000,1014000,Approved
1486,4,Not Graduate,No,414000,1725000,15,576,203000,224000,757000,782000,Rejected
1487,3,Graduate,No,1239000,5000000,25,670,3799000,270000,4064000,352000,Approved
1488,4,Graduate,Yes,287000,1887000,10,578,737000,607000,376000,79000,Rejected
1489,2,Graduate,No,867000,3475000,25,634,275000,759000,3225000,776000,Approved
1490,2,Graduate,Yes,786000,2869000,15,677,2650000,638000,435000,939000,Rejected
1491,1,Graduate,No,469000,3137000,25,360,380000,123000,1213000,488000,Rejected
1492,2,Graduate,Yes,690000,2412000,20,855,208000,1587000,1416000,1319000,Approved
1493,2,Not Graduate,No,467000,3234000,20,698,779000,739000,822000,928000,Rejected
1494,2,Not Graduate,No,349000,1069000,20,599,262000,604000,620000,45000,Approved
1495,0,Not Graduate,No,556000,2311000,5,814,1181000,1248000,147000,207000,Approved
1496,1,Graduate,No,342000,1507000,20,620,443000,721000,1037000,386000,Rejected
1497,0,Graduate,No,863000,3277000,25,661,770000,975000,1272000,1642000,Rejected
1498,1,Not Graduate,No,331000,669000,25,609,1143000,132000,648000,197000,Approved
1499,2,Graduate,No,1112000,3795000,25,790,1518000,1869000,3787000,852000,Approved
1500,5,Graduate,No,325000,1308000,20,641,529000,529000,764000,163000,Rejected
1501,0,Not Graduate,No,484000,1879000,20,663,601000,57000,1656000,937000,Approved
1502,0,Not Graduate,No,466000,3128000,20,752,1388000,1048000,296000,163000,Rejected
1503,1,Not Graduate,No,1656000,3783000,20,700,1540000,1388000,1986000,1906000,Approved
1504,0,Graduate,No,868000,3762000,20,645,615000,930000,858000,82000,Approved
1505,3,Graduate,No,610000,1357000,5,744,1904000,784000,2170000,746000,Approved
1506,0,Graduate,No,968000,5000000,10,866,858000,2207000,3047000,789000,Approved
1507,5,Graduate,Yes,178000,1200000,20,677,542000,76000,597000,205000,Rejected
1508,4,Graduate,No,681000,5000000,15,660,1464000,628000,1578000,141000,Approved
1509,2,Not Graduate,No,2564000,5000000,15,665,7525000,3214000,2464000,584000,Approved
1510,4,Graduate,No,763000,2972000,10,761,400000,1892000,1198000,175000,Approved
1511,2,Graduate,No,732000,4501000,20,599,2477000,805000,1644000,1229000,Rejected
1512,5,Not Graduate,No,1000000,3839000,25,626,1259000,996000,174000,1462000,Rejected
1513,1,Not Graduate,No,1253000,5000000,20,519,611000,2929000,3251000,376000,Rejected
1514,5,Graduate,No,191000,853000,25,549,525000,316000,656000,127000,Rejected
1515,1,Graduate,No,235000,1000000,25,606,205000,96000,322000,212000,Rejected
1516,1,Graduate,No,803000,5000000,10,645,1143000,353000,2209000,195000,Approved
1517,4,Graduate,No,440000,3089000,10,800,969000,709000,874000,743000,Approved
1518,1,Graduate,No,1642000,5000000,10,696,853000,1917000,190000,1244000,Approved
1519,1,Graduate,No,570000,1367000,10,572,539000,13000,688000,774000,Rejected
1520,0,Not Graduate,Yes,199000,689000,20,588,371000,223000,430000,259000,Rejected
1521,0,Not Graduate,No,307000,1168000,15,767,507000,721000,899000,563000,Approved
1522,1,Graduate,No,120000,546000,25,746,250000,224000,200000,180000,Rejected
1523,2,Graduate,No,601000,2908000,20,652,1582000,839000,497000,70000,Rejected
1524,2,Graduate,No,619000,2321000,15,612,885000,302000,209000,218000,Rejected
1525,3,Not Graduate,No,531000,3580000,25,746,846000,446000,1533000,487000,Approved
1526,0,Not Graduate,No,1411000,4712000,25,566,1653000,3516000,2150000,326000,Rejected
1527,4,Not Graduate,No,1526000,5000000,20,683,2117000,2514000,4004000,1242000,Approved
1528,2,Graduate,No,627000,4458000,20,843,290000,433000,605000,1226000,Rejected
1529,3,Graduate,No,175000,984000,25,667,377000,323000,533000,79000,Approved
1530,3,Graduate,No,1046000,4315000,20,584,892000,239000,1509000,1490000,Rejected
1531,4,Graduate,No,1004000,3140000,25,685,2602000,930000,305000,559000,Rejected
1532,0,Graduate,Yes,856000,2402000,5,610,372000,490000,1789000,100000,Approved
1533,2,Graduate,Yes,1325000,5000000,20,532,651000,2968000,3912000,321000,Rejected
1534,4,Graduate,No,328000,1579000,20,710,397000,603000,1226000,83000,Approved
1535,3,Graduate,No,2583000,5000000,5,745,4399000,3213000,10038000,1635000,Approved
1536,0,Not Graduate,No,375000,2964000,10,624,945000,382000,705000,721000,Rejected
1537,2,Not Graduate,No,1139000,5000000,5,618,2865000,2445000,2832000,1435000,Approved
1538,3,Not Graduate,No,234000,1653000,15,568,799000,114000,532000,68000,Rejected
1539,1,Graduate,No,382000,1768000,5,637,544000,71000,833000,71000,Approved
1540,2,Not Graduate,Yes,1876000,5000000,15,602,919000,3995000,1026000,3645000,Approved
1541,4,Graduate,No,591000,1890000,20,564,1806000,1265000,1605000,227000,Rejected
1542,2,Graduate,No,1208000,3758000,20,811,3187000,734000,4668000,697000,Approved
1543,1,Graduate,No,817000,5000000,20,690,423000,399000,486000,1382000,Approved
1544,2,Graduate,No,654000,4807000,5,699,371000,1179000,861000,740000,Approved
1545,2,Not Graduate,No,1699000,5000000,20,725,3101000,609000,680000,836000,Approved
1546,2,Not Graduate,No,600000,1653000,10,716,836000,933000,1003000,807000,Approved
1547,3,Graduate,No,220000,843000,15,615,486000,386000,435000,170000,Approved
1548,2,Graduate,No,415000,2708000,20,673,416000,645000,621000,491000,Approved
1549,4,Graduate,No,1002000,5000000,25,627,3377000,1069000,1963000,239000,Rejected
1550,3,Graduate,No,905000,3698000,25,687,1755000,1847000,2925000,1599000,Approved
1551,3,Graduate,No,253000,599000,20,679,684000,588000,236000,306000,Approved
1552,2,Not Graduate,Yes,437000,2620000,20,617,307000,771000,1336000,26000,Rejected
1553,1,Not Graduate,No,480000,3090000,20,537,1092000,503000,1533000,547000,Rejected
1554,3,Graduate,No,552000,2508000,20,662,1694000,1374000,1306000,417000,Approved
1555,0,Graduate,No,286000,1573000,10,633,107000,321000,380000,519000,Rejected
1556,2,Graduate,Yes,465000,3685000,15,489,943000,135000,1745000,149000,Rejected
1557,0,Graduate,No,436000,1513000,25,693,475000,199000,662000,306000,Approved
1558,2,Graduate,No,1156000,5000000,25,732,2116000,1006000,341000,1781000,Approved
1559,3,Graduate,No,1184000,5000000,15,865,3447000,507000,747000,579000,Approved
1560,2,Graduate,No,637000,3373000,15,617,1598000,1239000,2279000,421000,Approved
1561,2,Graduate,No,543000,3918000,10,604,1474000,19000,372000,844000,Rejected
1562,0,Graduate,No,767000,4318000,15,556,750000,778000,1415000,1104000,Rejected
1563,1,Graduate,No,412000,2080000,10,668,1221000,905000,1153000,310000,Rejected
1564,2,Graduate,No,332000,909000,20,667,752000,98000,776000,319000,Rejected
1565,4,Not Graduate,No,380000,2363000,5,581,198000,547000,1006000,428000,Rejected
1566,4,Not Graduate,Yes,463000,1293000,10,635,1417000,1081000,676000,825000,Approved
1567,5,Graduate,No,329000,710000,15,482,157000,59000,883000,441000,Rejected
1568,0,Graduate,No,778000,3836000,20,729,305000,680000,105000,938000,Approved
1569,1,Graduate,No,1125000,5000000,15,584,3339000,106000,1268000,1835000,Rejected
1570,2,Not Graduate,No,250000,1999000,15,647,85000,426000,146000,161000,Rejected
1571,3,Graduate,No,712000,4467000,20,529,415000,743000,1335000,652000,Rejected
1572,3,Graduate,No,607000,4305000,20,600,215000,1438000,406000,843000,Rejected
1573,3,Not Graduate,Yes,874000,3564000,15,626,2724000,1510000,1953000,732000,Rejected
1574,2,Graduate,No,694000,3507000,20,649,307000,1044000,558000,683000,Approved
1575,2,Graduate,No,272000,2134000,15,691,406000,619000,467000,99000,Rejected
1576,5,Graduate,Yes,308000,1387000,20,772,306000,100000,120000,382000,Rejected
1577,1,Graduate,No,714000,4886000,15,712,995000,1398000,1297000,927000,Approved
1578,3,Graduate,No,1366000,5000000,25,732,1680000,2492000,4441000,2349000,Approved
1579,3,Graduate,No,166000,555000,25,773,521000,279000,222000,36000,Approved
1580,0,Not Graduate,No,876000,4803000,20,698,2418000,1397000,2501000,1580000,Approved
1581,4,Not Graduate,No,1517000,5000000,25,647,4751000,472000,2672000,330000,Approved
1582,4,Graduate,Yes,634000,1280000,10,736,1651000,1290000,643000,953000,Approved
1583,3,Graduate,No,1001000,3419000,20,741,1358000,1589000,1285000,1200000,Approved
1584,0,Graduate,No,443000,1399000,10,705,396000,854000,567000,373000,Approved
1585,0,Graduate,No,648000,2738000,15,526,1293000,1419000,1941000,1199000,Rejected
1586,3,Not Graduate,No,244000,1789000,20,578,352000,331000,216000,229000,Rejected
1587,0,Graduate,No,153000,662000,20,627,361000,366000,599000,15000,Approved
1588,0,Graduate,Yes,1292000,5000000,20,716,549000,353000,3593000,1376000,Approved
1589,2,Graduate,No,369000,1968000,25,648,953000,4000,614000,402000,Approved
1590,0,Not Graduate,No,521000,1066000,20,747,656000,430000,2080000,782000,Approved
1591,3,Graduate,No,284000,890000,25,762,505000,154000,268000,213000,Rejected
1592,2,Graduate,No,280000,2125000,25,752,961000,388000,861000,54000,Rejected
1593,0,Graduate,No,625000,3516000,20,752,619000,438000,723000,457000,Approved
1594,2,Not Graduate,No,436000,3304000,10,562,295000,750000,968000,534000,Rejected
1595,0,Graduate,No,895000,3455000,20,691,869000,2115000,279000,995000,Approved
1596,0,Graduate,No,939000,5000000,20,598,1338000,1806000,3194000,1598000,Rejected
1597,2,Not Graduate,No,862000,5000000,25,510,1738000,906000,1317000,497000,Rejected
1598,2,Graduate,No,817000,5000000,5,626,2808000,2013000,1944000,948000,Rejected
1599,1,Graduate,Yes,1952000,4117000,15,763,6019000,3763000,7254000,3811000,Approved
1600,2,Graduate,No,350000,2700000,15,689,906000,710000,76000,232000,Rejected
1601,1,Not Graduate,No,675000,2936000,15,822,1759000,346000,2616000,608000,Approved
1602,2,Graduate,No,1462000,5000000,20,665,1766000,2511000,3141000,2908000,Approved
1603,1,Not Graduate,No,1592000,5000000,5,858,5205000,281000,5007000,528000,Approved
1604,3,Not Graduate,No,278000,1498000,15,665,563000,164000,541000,325000,Rejected
1605,2,Not Graduate,No,571000,2373000,20,652,468000,23000,1874000,441000,Approved
1606,0,Graduate,No,1692000,5000000,15,541,5653000,2983000,5980000,237000,Rejected
1607,3,Graduate,Yes,974000,3491000,10,744,1871000,51000,1547000,1494000,Approved
1608,3,Graduate,No,795000,3938000,20,607,634000,893000,2320000,348000,Rejected
1609,0,Graduate,No,608000,3260000,20,595,1613000,986000,2429000,1088000,Rejected
1610,2,Graduate,No,545000,3518000,25,759,571000,416000,1664000,471000,Approved
1611,3,Graduate,No,844000,4076000,20,748,760000,775000,3234000,280000,Approved
1612,0,Graduate,No,594000,3613000,25,746,687000,1289000,1766000,315000,Rejected
1613,4,Graduate,No,681000,3345000,10,619,1464000,1535000,944000,1140000,Approved
1614,2,Graduate,No,737000,4390000,20,646,911000,1582000,2451000,574000,Rejected
1615,3,Graduate,No,450000,2720000,20,645,194000,844000,1214000,247000,Rejected
1616,4,Graduate,No,989000,5000000,20,717,1523000,686000,226000,530000,Approved
1617,5,Graduate,No,4653000,5000000,15,782,4886000,869000,3594000,5524000,Approved
1618,2,Graduate,No,221000,1159000,10,681,428000,270000,247000,122000,Approved
1619,3,Not Graduate,No,864000,2730000,5,818,1530000,1997000,2592000,1619000,Approved
1620,1,Graduate,Yes,427000,2595000,20,726,235000,238000,1370000,62000,Approved
1621,1,Graduate,No,1019000,2509000,20,630,1106000,534000,3388000,361000,Approved
1622,4,Not Graduate,No,722000,2393000,10,720,867000,1407000,261000,640000,Approved
1623,1,Graduate,Yes,1149000,5000000,20,795,2127000,1700000,438000,524000,Approved
1624,3,Graduate,No,1503000,5000000,20,820,4405000,1519000,1906000,2357000,Approved
1625,0,Not Graduate,Yes,793000,3956000,20,751,793000,1710000,2186000,1457000,Approved
1626,1,Graduate,No,1461000,5000000,15,652,1178000,2128000,4945000,1783000,Approved
1627,0,Graduate,No,153000,522000,25,632,46000,352000,534000,262000,Approved
1628,2,Not Graduate,No,1968000,4167000,20,699,4410000,1811000,1790000,3171000,Approved
1629,0,Not Graduate,Yes,893000,2383000,20,792,1198000,991000,2762000,321000,Approved
1630,1,Graduate,No,1410000,4888000,20,687,3447000,262000,3665000,285000,Rejected
1631,5,Graduate,No,317000,2015000,20,689,795000,291000,1177000,405000,Rejected
1632,3,Graduate,No,408000,2715000,10,654,181000,183000,1271000,802000,Rejected
1633,3,Not Graduate,No,770000,4153000,25,622,1262000,63000,1664000,1288000,Rejected
1634,0,Graduate,Yes,692000,2443000,15,636,2351000,442000,2183000,866000,Approved
1635,1,Graduate,No,841000,4315000,20,662,993000,1032000,1095000,224000,Rejected
1636,3,Graduate,No,1417000,2961000,25,796,2826000,876000,4486000,2225000,Approved
1637,0,Not Graduate,No,222000,1352000,20,630,449000,61000,699000,307000,Approved
1638,2,Graduate,No,1318000,5000000,20,654,1494000,1488000,4528000,2466000,Approved
1639,4,Not Graduate,No,704000,1500000,10,576,1967000,260000,736000,1009000,Rejected
1640,0,Graduate,No,613000,4231000,15,711,191000,132000,2091000,154000,Approved
1641,4,Graduate,No,269000,1770000,20,766,276000,646000,204000,333000,Rejected
1642,1,Graduate,Yes,971000,3738000,10,788,2132000,1155000,3020000,813000,Approved
1643,1,Graduate,Yes,146000,849000,10,667,472000,293000,544000,127000,Rejected
1644,1,Graduate,No,1067000,5000000,25,699,353000,456000,256000,1370000,Rejected
1645,4,Graduate,No,265000,758000,15,637,589000,306000,673000,478000,Approved
1646,2,Graduate,No,725000,2291000,15,695,225000,163000,1937000,1110000,Rejected
1647,3,Graduate,Yes,648000,3952000,15,677,1486000,667000,2125000,61000,Approved
1648,1,Not Graduate,Yes,1497000,5000000,20,655,2421000,3093000,750000,504000,Approved
1649,4,Graduate,No,623000,3400000,15,662,1053000,1390000,2272000,472000,Rejected
1650,2,Graduate,No,446000,2411000,20,688,1515000,579000,1773000,618000,Rejected
1651,2,Graduate,Yes,504000,2964000,20,625,1252000,361000,1371000,648000,Rejected
1652,3,Graduate,Yes,1601000,5000000,5,629,1487000,2936000,2845000,1653000,Approved
1653,3,Graduate,No,992000,2306000,15,795,3464000,1585000,2556000,882000,Approved
1654,3,Not Graduate,Yes,545000,2387000,5,880,611000,641000,171000,866000,Approved
1655,0,Graduate,No,600000,4441000,20,548,1497000,713000,1822000,142000,Rejected
1656,4,Graduate,No,253000,1728000,10,543,627000,312000,94000,306000,Rejected
1657,1,Not Graduate,Yes,901000,5000000,10,569,2720000,764000,1224000,1466000,Rejected
1658,5,Not Graduate,No,223000,650000,15,641,352000,289000,144000,130000,Rejected
1659,1,Not Graduate,Yes,1141000,5000000,10,726,2883000,164000,3345000,507000,Rejected
1660,0,Graduate,No,761000,4192000,20,700,1753000,1085000,1840000,1037000,Approved
1661,1,Graduate,No,3303000,5000000,15,665,5604000,4097000,9337000,1296000,Approved
1662,2,Graduate,No,342000,1096000,25,695,1105000,360000,120000,343000,Approved
1663,1,Graduate,Yes,655000,4383000,10,591,725000,531000,1012000,1211000,Approved
1664,3,Graduate,Yes,2253000,5000000,20,629,2293000,3502000,3794000,379000,Approved
1665,3,Not Graduate,No,1519000,5000000,20,648,3520000,1842000,3721000,2769000,Rejected
1666,1,Graduate,No,445000,1603000,10,515,404000,112000,222000,187000,Rejected
1667,2,Not Graduate,No,810000,4083000,20,551,2394000,758000,2126000,802000,Rejected
1668,3,Not Graduate,No,701000,1499000,25,555,972000,134000,1149000,216000,Rejected
1669,4,Graduate,Yes,841000,2338000,20,715,1386000,797000,3055000,1206000,Approved
1670,1,Graduate,No,444000,2269000,25,671,1103000,591000,823000,886000,Approved
1671,4,Not Graduate,No,661000,2550000,20,702,2070000,646000,329000,422000,Approved
1672,0,Graduate,No,248000,1933000,15,494,622000,212000,125000,460000,Rejected
1673,3,Not Graduate,No,764000,3689000,25,524,460000,537000,834000,1126000,Rejected
1674,3,Graduate,No,938000,2346000,10,706,1296000,895000,971000,1813000,Approved
1675,2,Graduate,No,604000,1273000,20,414,1631000,105000,1937000,821000,Rejected
1676,0,Graduate,No,245000,1556000,20,754,785000,609000,715000,338000,Approved
1677,3,Graduate,No,1331000,4032000,25,495,3099000,1848000,531000,2516000,Rejected
1678,1,Not Graduate,No,887000,2774000,25,722,1958000,1411000,3034000,1303000,Approved
1679,0,Graduate,No,437000,1985000,10,574,661000,200000,208000,744000,Rejected
1680,0,Graduate,No,583000,2090000,20,739,1067000,1346000,1845000,353000,Approved
1681,3,Graduate,No,264000,1505000,10,900,444000,377000,141000,100000,Approved
1682,1,Not Graduate,Yes,359000,1764000,20,457,171000,372000,563000,466000,Rejected
1683,2,Graduate,No,493000,1316000,20,709,182000,879000,1493000,267000,Approved
1684,5,Not Graduate,No,1556000,5000000,10,496,3541000,1184000,1695000,1382000,Rejected
1685,3,Graduate,No,462000,2104000,20,686,892000,1080000,250000,794000,Approved
1686,2,Not Graduate,No,1061000,5000000,15,632,1150000,449000,3363000,1359000,Rejected
1687,2,Not Graduate,No,493000,998000,20,661,1556000,1027000,1378000,932000,Rejected
1688,0,Not Graduate,No,822000,4733000,25,573,790000,1986000,2939000,610000,Rejected
1689,2,Graduate,No,639000,2362000,20,716,1624000,786000,1663000,382000,Rejected
1690,0,Not Graduate,Yes,1235000,5000000,20,527,3486000,2707000,480000,576000,Rejected
1691,0,Graduate,No,494000,1870000,5,756,1476000,88000,1280000,965000,Approved
1692,0,Not Graduate,No,252000,2010000,10,615,753000,391000,834000,224000,Rejected
1693,2,Not Graduate,No,285000,965000,5,531,810000,254000,122000,526000,Rejected
1694,1,Graduate,No,495000,3701000,15,786,874000,451000,311000,358000,Approved
1695,0,Not Graduate,No,311000,2335000,15,644,714000,350000,853000,190000,Approved
1696,4,Not Graduate,Yes,914000,4137000,20,812,2783000,1364000,2912000,1420000,Approved
1697,0,Not Graduate,No,517000,1977000,20,754,850000,796000,764000,649000,Approved
1698,3,Graduate,No,3277000,5000000,10,582,8018000,2280000,9725000,3517000,Approved
1699,2,Not Graduate,No,226000,1794000,20,643,183000,217000,170000,205000,Rejected
1700,2,Graduate,No,799000,4565000,25,660,1684000,498000,1463000,767000,Approved
1701,0,Not Graduate,No,336000,1770000,10,780,252000,531000,1014000,564000,Approved
1702,0,Graduate,No,508000,1125000,20,687,1226000,130000,445000,177000,Approved
1703,3,Graduate,Yes,767000,5000000,5,665,1155000,812000,1120000,115000,Approved
1704,2,Graduate,No,154000,385000,20,633,158000,377000,393000,9000,Approved
1705,0,Graduate,No,816000,1862000,20,646,1187000,2017000,1183000,828000,Approved
1706,1,Graduate,No,2411000,5000000,5,761,6135000,3122000,8461000,3966000,Approved
1707,2,Not Graduate,No,521000,2529000,15,650,1670000,322000,1996000,708000,Approved
1708,0,Not Graduate,No,829000,5000000,25,616,279000,1209000,2159000,1643000,Rejected
1709,2,Graduate,Yes,1363000,5000000,10,602,1141000,1664000,4295000,1689000,Approved
1710,2,Not Graduate,No,629000,2004000,20,603,1609000,67000,2287000,656000,Rejected
1711,2,Graduate,No,480000,2032000,20,531,1018000,1187000,1362000,568000,Rejected
1712,3,Graduate,Yes,159000,1062000,10,586,210000,130000,495000,281000,Rejected
1713,2,Graduate,No,1062000,5000000,20,777,2534000,1060000,438000,83000,Approved
1714,4,Graduate,Yes,650000,1981000,20,632,1999000,835000,2153000,624000,Rejected
1715,2,Graduate,No,362000,1584000,10,710,407000,797000,424000,308000,Approved
1716,2,Graduate,No,760000,4374000,25,439,1409000,1518000,286000,1451000,Rejected
1717,3,Graduate,No,479000,3755000,20,698,176000,246000,1149000,199000,Rejected
1718,2,Graduate,No,497000,2968000,20,636,1654000,890000,489000,50000,Rejected
1719,0,Not Graduate,No,1038000,2177000,10,609,2974000,2269000,427000,1330000,Approved
1720,5,Graduate,Yes,293000,1825000,10,665,561000,523000,726000,372000,Approved
1721,4,Not Graduate,No,1383000,4848000,20,608,4805000,481000,670000,930000,Rejected
1722,1,Not Graduate,No,282000,2023000,20,469,283000,380000,1004000,311000,Rejected
1723,2,Not Graduate,No,455000,1958000,15,728,1220000,954000,1765000,552000,Approved
1724,3,Graduate,No,2443000,5000000,20,671,6749000,1195000,7278000,1804000,Approved
1725,4,Graduate,Yes,1457000,5000000,20,623,4311000,1962000,1780000,1268000,Approved
1726,2,Not Graduate,No,746000,2634000,15,568,1859000,1249000,1711000,244000,Rejected
1727,0,Not Graduate,No,380000,1298000,20,525,346000,604000,85000,590000,Rejected
1728,3,Not Graduate,No,496000,2698000,20,669,294000,132000,1252000,401000,Rejected
1729,0,Graduate,No,734000,4847000,20,787,644000,509000,829000,961000,Approved
1730,3,Graduate,No,717000,5000000,20,667,2184000,990000,1344000,632000,Approved
1731,2,Graduate,Yes,660000,2895000,20,532,1047000,344000,526000,242000,Rejected
1732,3,Graduate,No,686000,1647000,25,669,1405000,572000,2708000,972000,Approved
1733,1,Not Graduate,No,609000,2986000,20,645,232000,632000,554000,526000,Rejected
1734,2,Graduate,No,274000,1261000,15,723,513000,9000,473000,113000,Rejected
1735,2,Graduate,No,500000,1591000,15,702,805000,638000,546000,935000,Approved
1736,1,Graduate,No,1268000,5000000,25,396,2549000,3153000,2805000,2272000,Rejected
1737,1,Graduate,No,288000,2259000,25,696,432000,294000,1046000,423000,Approved
1738,1,Graduate,No,619000,1430000,10,565,335000,424000,456000,726000,Approved
1739,4,Graduate,No,411000,2784000,15,529,181000,260000,267000,522000,Rejected
1740,2,Graduate,No,753000,4423000,15,634,2515000,970000,293000,567000,Rejected
1741,3,Graduate,No,544000,1941000,25,685,1214000,620000,1305000,306000,Approved
1742,2,Not Graduate,No,1829000,5000000,25,511,4314000,3941000,4478000,2203000,Rejected
1743,3,Graduate,No,973000,2697000,20,710,3142000,1555000,3214000,1453000,Approved
1744,2,Graduate,No,298000,720000,15,715,615000,297000,1001000,303000,Approved
1745,0,Not Graduate,No,1083000,5000000,25,654,2458000,1044000,539000,1945000,Approved
1746,1,Graduate,No,423000,2461000,5,576,835000,579000,1544000,342000,Rejected
1747,0,Graduate,No,481000,1693000,15,567,415000,305000,1604000,377000,Rejected
1748,3,Graduate,Yes,858000,4033000,15,737,1113000,907000,2252000,755000,Approved
1749,3,Not Graduate,No,508000,3912000,20,522,1590000,362000,738000,723000,Rejected
1750,3,Graduate,No,1251000,5000000,20,740,2152000,1612000,3763000,130000,Approved
1751,3,Not Graduate,No,423000,3131000,10,636,403000,578000,1066000,313000,Rejected
1752,3,Graduate,No,468000,3376000,10,642,1380000,991000,691000,701000,Rejected
1753,5,Graduate,No,457000,1858000,20,505,265000,287000,69000,517000,Rejected
1754,3,Graduate,No,485000,2995000,5,638,1138000,1097000,1169000,317000,Rejected
1755,1,Not Graduate,No,1430000,5000000,20,702,3633000,1914000,3358000,1903000,Approved
1756,0,Graduate,No,1053000,5000000,10,536,1339000,1913000,740000,1903000,Rejected
1757,2,Graduate,No,2127000,5000000,15,692,1774000,3253000,7731000,2201000,Approved
1758,3,Not Graduate,No,3057000,5000000,15,658,5302000,6336000,2205000,4560000,Approved
1759,2,Graduate,No,358000,1083000,20,595,972000,594000,437000,156000,Rejected
1760,1,Graduate,No,733000,4178000,15,723,2300000,20000,1137000,713000,Rejected
1761,3,Graduate,No,326000,2168000,15,463,948000,318000,901000,201000,Rejected
1762,2,Graduate,No,422000,2758000,20,679,275000,990000,177000,838000,Approved
1763,1,Graduate,No,465000,2558000,10,788,471000,525000,1320000,222000,Approved
1764,4,Not Graduate,Yes,352000,883000,20,772,801000,729000,604000,668000,Approved
1765,2,Graduate,No,353000,743000,15,683,908000,767000,287000,299000,Approved
1766,1,Graduate,No,637000,4263000,25,624,209000,530000,342000,651000,Rejected
1767,1,Graduate,Yes,317000,1679000,5,596,240000,680000,541000,340000,Rejected
1768,2,Graduate,No,1210000,5000000,20,624,727000,1142000,2226000,631000,Approved
1769,2,Graduate,No,385000,1146000,20,696,536000,24000,245000,199000,Approved
1770,0,Graduate,No,4347000,5000000,20,581,10774000,7546000,8614000,3405000,Approved
1771,2,Graduate,No,522000,3923000,20,714,1732000,1070000,1075000,785000,Rejected
1772,3,Graduate,No,734000,2224000,10,831,430000,829000,2882000,1040000,Approved
1773,0,Graduate,No,302000,715000,15,645,580000,131000,870000,603000,Rejected
1774,2,Graduate,No,2122000,5000000,25,536,3166000,3264000,313000,472000,Rejected
1775,2,Graduate,No,1449000,5000000,25,536,2282000,2674000,2840000,2218000,Approved
1776,1,Not Graduate,No,849000,5000000,20,716,440000,1390000,156000,365000,Rejected
1777,1,Graduate,No,292000,2172000,20,645,357000,260000,611000,306000,Approved
1778,1,Graduate,No,803000,5000000,20,725,890000,739000,1139000,348000,Approved
1779,2,Not Graduate,No,338000,715000,20,605,878000,464000,1225000,634000,Approved
1780,3,Graduate,No,1811000,5000000,25,721,4263000,876000,3665000,1882000,Approved
1781,2,Not Graduate,No,1184000,5000000,20,637,2766000,2505000,4043000,1143000,Approved
1782,5,Graduate,No,745000,3428000,15,588,1461000,191000,1771000,484000,Rejected
1783,1,Graduate,No,144000,1119000,20,616,201000,175000,237000,133000,Rejected
1784,3,Graduate,No,369000,2183000,15,548,399000,793000,367000,98000,Rejected
1785,2,Graduate,No,1095000,2909000,10,819,368000,1449000,892000,1516000,Approved
1786,3,Not Graduate,Yes,1540000,5000000,20,642,1191000,2930000,4926000,1791000,Rejected
1787,4,Graduate,No,1439000,5000000,20,705,1444000,862000,5099000,351000,Approved
1788,2,Not Graduate,No,249000,596000,5,604,852000,277000,340000,62000,Approved
1789,2,Not Graduate,Yes,852000,3466000,20,561,2901000,1519000,1729000,529000,Rejected
1790,4,Graduate,Yes,1354000,5000000,15,630,3732000,3007000,1654000,1317000,Approved
1791,4,Graduate,No,238000,700000,5,744,536000,383000,446000,115000,Approved
1792,5,Not Graduate,No,696000,2847000,20,606,1698000,422000,2430000,213000,Rejected
1793,0,Not Graduate,Yes,836000,5000000,20,576,1857000,306000,533000,199000,Rejected
1794,0,Graduate,Yes,576000,3832000,20,663,1365000,1212000,712000,371000,Approved
1795,2,Not Graduate,No,210000,1073000,5,692,210000,291000,590000,268000,Approved
1796,3,Graduate,Yes,566000,4381000,20,790,1939000,260000,742000,777000,Rejected
1797,0,Not Graduate,No,566000,4274000,5,680,1540000,687000,236000,341000,Rejected
1798,1,Graduate,Yes,636000,3079000,25,705,668000,201000,992000,578000,Approved
1799,2,Graduate,Yes,485000,1436000,15,711,943000,128000,1328000,619000,Approved
1800,1,Graduate,No,525000,3485000,25,552,1483000,1207000,2067000,395000,Rejected
1801,3,Graduate,No,682000,2359000,5,568,2193000,929000,2441000,1336000,Rejected
1802,1,Graduate,No,933000,5000000,10,558,1426000,581000,2138000,1307000,Rejected
1803,4,Graduate,No,574000,3170000,15,537,1061000,1265000,1798000,676000,Rejected
1804,1,Not Graduate,No,536000,2339000,20,718,692000,1339000,1248000,547000,Approved
1805,2,Graduate,No,743000,3966000,25,675,1118000,1642000,1505000,750000,Rejected
1806,2,Graduate,No,201000,1045000,20,657,207000,376000,154000,124000,Approved
1807,1,Graduate,Yes,954000,5000000,15,430,378000,2295000,1182000,191000,Rejected
1808,2,Graduate,No,700000,2300000,5,825,1143000,345000,1304000,1179000,Approved
1809,4,Graduate,No,718000,5000000,20,574,1297000,1575000,2832000,1304000,Rejected
1810,2,Graduate,No,1307000,2860000,15,824,3654000,1172000,3233000,2549000,Approved
1811,0,Not Graduate,No,197000,1303000,25,527,389000,16000,746000,165000,Rejected
1812,3,Not Graduate,No,194000,1458000,15,581,261000,16000,215000,368000,Approved
1813,1,Not Graduate,No,836000,3649000,20,463,1490000,393000,308000,1187000,Rejected
1814,2,Not Graduate,No,697000,1700000,20,681,1985000,1358000,2729000,609000,Approved
1815,2,Not Graduate,No,782000,5000000,10,556,1438000,1753000,1083000,1440000,Rejected
1816,2,Not Graduate,No,518000,3656000,15,559,1076000,166000,1133000,1004000,Rejected
1817,0,Graduate,No,1078000,4331000,25,533,920000,2278000,407000,1176000,Rejected
1818,1,Not Graduate,Yes,1283000,5000000,15,716,416000,2423000,4433000,2015000,Approved
1819,0,Graduate,No,959000,5000000,20,710,3141000,125000,98000,1500000,Rejected
1820,2,Graduate,No,591000,1863000,25,804,684000,1081000,2147000,731000,Approved
1821,2,Graduate,No,178000,1028000,10,592,251000,17000,133000,156000,Rejected
1822,3,Graduate,No,1154000,5000000,25,669,770000,758000,941000,360000,Rejected
1823,0,Graduate,No,1549000,4719000,15,540,3008000,2056000,5144000,3092000,Rejected
1824,0,Graduate,No,1064000,5000000,20,622,2829000,2419000,1709000,202000,Approved
1825,3,Graduate,No,395000,1559000,15,606,986000,104000,434000,124000,Rejected
1826,2,Not Graduate,No,1085000,5000000,20,689,3296000,945000,2632000,847000,Approved
1827,3,Graduate,No,1225000,5000000,5,736,1491000,1767000,1338000,1013000,Approved
1828,1,Graduate,No,1928000,5000000,5,734,2520000,3568000,2347000,1101000,Approved
1829,0,Graduate,No,396000,1798000,15,578,1342000,906000,110000,80000,Rejected
1830,1,Graduate,No,604000,2660000,15,735,1064000,708000,1331000,1090000,Approved
1831,2,Not Graduate,No,1138000,5000000,20,646,3380000,2392000,688000,1196000,Rejected
1832,2,Graduate,No,727000,4409000,5,622,1641000,1121000,2446000,1411000,Approved
1833,0,Graduate,No,339000,2252000,10,590,298000,173000,1027000,597000,Approved
1834,0,Not Graduate,No,917000,4151000,10,602,3085000,1329000,1113000,929000,Approved
1835,3,Graduate,No,1020000,3640000,15,798,1365000,800000,2225000,823000,Approved
1836,1,Graduate,No,741000,1868000,15,676,1744000,1303000,1743000,406000,Approved
1837,3,Graduate,No,807000,5000000,10,665,899000,574000,2178000,1603000,Approved
1838,1,Graduate,No,592000,2659000,20,628,1268000,389000,1026000,728000,Rejected
1839,1,Not Graduate,No,1830000,5000000,20,858,3718000,4325000,4840000,3092000,Approved
1840,1,Graduate,No,390000,1878000,20,761,443000,886000,297000,768000,Approved
1841,5,Graduate,No,478000,2193000,15,589,1656000,540000,926000,233000,Rejected
1842,0,Not Graduate,No,705000,4303000,25,627,529000,1349000,329000,1307000,Rejected
1843,0,Graduate,No,1239000,5000000,20,632,2128000,3042000,4671000,1981000,Rejected
1844,3,Graduate,No,264000,2068000,20,662,106000,58000,440000,247000,Rejected
1845,0,Graduate,No,299000,847000,10,590,743000,453000,750000,568000,Rejected
1846,1,Graduate,No,186000,1012000,15,687,331000,118000,374000,223000,Approved
1847,1,Graduate,No,715000,1701000,15,773,1496000,1430000,146000,585000,Approved
1848,3,Graduate,No,338000,2314000,10,538,857000,86000,116000,122000,Rejected
1849,2,Graduate,No,545000,3105000,20,554,1496000,1075000,617000,801000,Rejected
1850,4,Graduate,No,1076000,4918000,15,609,3648000,540000,2940000,1678000,Rejected
1851,3,Not Graduate,No,461000,3141000,10,613,1413000,526000,1199000,209000,Rejected
1852,2,Graduate,No,814000,3850000,10,820,1088000,1656000,678000,631000,Approved
1853,1,Not Graduate,No,576000,1939000,10,735,1513000,97000,1155000,91000,Approved
1854,3,Graduate,No,1084000,5000000,15,730,589000,2515000,1660000,1232000,Approved
1855,4,Graduate,Yes,953000,2311000,5,628,701000,518000,2208000,1163000,Rejected
1856,3,Not Graduate,No,446000,3295000,20,626,790000,558000,627000,760000,Rejected
1857,0,Graduate,No,627000,4004000,15,527,1110000,1151000,2254000,63000,Rejected
1858,3,Graduate,No,1380000,5000000,20,716,2647000,426000,2681000,391000,Approved
1859,3,Not Graduate,No,904000,5000000,25,692,1646000,1376000,1594000,101000,Rejected
1860,4,Not Graduate,Yes,282000,1903000,25,759,663000,363000,802000,533000,Approved
1861,1,Graduate,Yes,1072000,4922000,20,632,3595000,1570000,3371000,1126000,Rejected
1862,3,Graduate,Yes,346000,938000,15,638,295000,573000,625000,183000,Approved
1863,3,Graduate,No,1753000,5000000,20,664,2531000,1843000,920000,153000,Rejected
1864,4,Not Graduate,No,1362000,5000000,25,726,732000,1017000,588000,324000,Approved
1865,3,Graduate,No,845000,5000000,15,525,794000,388000,1162000,1229000,Approved
1866,4,Graduate,No,775000,5000000,10,713,2681000,1819000,2292000,765000,Approved
1867,1,Graduate,No,611000,1971000,20,648,261000,613000,1619000,906000,Rejected
1868,0,Graduate,No,1088000,3445000,5,560,1070000,768000,1330000,617000,Rejected
1869,1,Not Graduate,No,550000,4003000,20,473,916000,72000,64000,499000,Rejected
1870,3,Graduate,No,816000,2327000,10,638,1009000,1532000,2127000,1033000,Approved
1871,0,Graduate,No,1234000,5000000,10,773,2523000,1628000,2840000,573000,Approved
1872,2,Graduate,No,486000,2075000,20,792,1686000,232000,1513000,297000,Approved
1873,5,Graduate,Yes,469000,1788000,20,680,1197000,1047000,1302000,153000,Approved
1874,4,Not Graduate,No,322000,1953000,20,817,515000,752000,342000,463000,Approved
1875,3,Graduate,No,350000,2715000,20,646,870000,771000,1035000,415000,Approved
1876,3,Graduate,No,213000,1420000,25,731,658000,299000,425000,195000,Approved
1877,0,Graduate,Yes,1125000,5000000,15,612,1162000,1050000,2634000,1301000,Rejected
1878,2,Graduate,No,2269000,5000000,25,606,5886000,918000,3386000,865000,Approved
1879,2,Graduate,No,1768000,5000000,15,592,4004000,1667000,5628000,2891000,Approved
1880,3,Not Graduate,No,243000,1329000,10,475,644000,372000,210000,370000,Rejected
1881,1,Graduate,No,1121000,5000000,20,759,638000,635000,1006000,454000,Approved
1882,0,Not Graduate,No,1764000,5000000,15,595,4667000,2046000,1810000,3135000,Rejected
1883,3,Graduate,No,520000,1780000,25,582,1467000,745000,1653000,425000,Rejected
1884,2,Graduate,No,748000,1782000,5,550,1869000,1368000,2199000,714000,Approved
1885,4,Graduate,No,190000,1355000,10,633,177000,43000,219000,206000,Rejected
1886,2,Graduate,No,833000,4701000,5,800,680000,1806000,551000,1330000,Rejected
1887,4,Graduate,No,351000,1049000,20,828,935000,400000,74000,130000,Approved
1888,2,Graduate,No,797000,3019000,20,509,1891000,1159000,2205000,452000,Rejected
1889,3,Graduate,No,254000,2017000,15,620,876000,597000,559000,477000,Approved
1890,3,Graduate,No,996000,5000000,10,562,1748000,418000,2828000,1871000,Rejected
1891,1,Graduate,No,1362000,5000000,15,734,1408000,3012000,3898000,2217000,Approved
1892,1,Not Graduate,No,421000,1024000,15,674,1163000,847000,1429000,159000,Approved
1893,4,Graduate,No,334000,2610000,20,596,900000,830000,575000,404000,Rejected
1894,1,Graduate,No,172000,1265000,20,656,339000,169000,572000,158000,Approved
1895,3,Graduate,No,589000,3114000,10,609,1583000,187000,1060000,122000,Approved
1896,0,Graduate,No,480000,1851000,15,787,621000,17000,1373000,95000,Approved
1897,3,Graduate,No,255000,1578000,20,696,253000,505000,574000,439000,Rejected
1898,1,Graduate,No,940000,5000000,15,707,661000,321000,3472000,213000,Approved
1899,2,Graduate,Yes,522000,3506000,15,423,642000,399000,806000,302000,Rejected
1900,2,Graduate,No,348000,2736000,20,644,833000,859000,971000,120000,Rejected
1901,1,Graduate,No,488000,2841000,15,827,550000,539000,1187000,572000,Approved
1902,2,Graduate,No,1404000,5000000,5,763,4390000,812000,5609000,2151000,Approved
1903,4,Not Graduate,Yes,1036000,5000000,10,493,1139000,1951000,416000,588000,Rejected
1904,3,Graduate,Yes,643000,4435000,20,623,1601000,437000,1564000,1013000,Rejected
1905,5,Graduate,No,1047000,3761000,15,548,2082000,1390000,1054000,410000,Approved
1906,3,Graduate,No,329000,1115000,20,795,321000,129000,1167000,245000,Approved
1907,3,Graduate,No,715000,4540000,15,671,1487000,824000,2287000,374000,Approved
1908,2,Graduate,No,770000,3593000,15,585,2583000,209000,2065000,721000,Approved
1909,4,Not Graduate,No,516000,3560000,20,653,1714000,997000,1018000,1013000,Rejected
1910,2,Graduate,Yes,929000,2659000,15,428,1146000,848000,2561000,1381000,Approved
1911,2,Not Graduate,No,421000,1690000,10,558,849000,336000,952000,190000,Rejected
1912,3,Graduate,No,975000,3518000,10,653,763000,2422000,1190000,1886000,Approved
1913,4,Not Graduate,No,1002000,5000000,20,722,1805000,2078000,3302000,1381000,Approved
1914,2,Graduate,No,120000,787000,15,485,159000,166000,252000,112000,Rejected
1915,0,Not Graduate,No,1517000,5000000,20,618,4967000,3581000,1673000,2786000,Approved
1916,2,Graduate,No,120000,584000,15,736,279000,63000,323000,185000,Approved
1917,3,Not Graduate,No,469000,1310000,15,527,418000,672000,81000,690000,Rejected
1918,1,Not Graduate,No,1363000,5000000,15,669,4737000,3166000,3964000,602000,Approved
1919,3,Graduate,No,570000,4534000,10,656,1437000,812000,1103000,171000,Approved
1920,2,Graduate,No,270000,1800000,20,796,197000,208000,695000,469000,Approved
1921,1,Graduate,No,344000,1149000,10,630,983000,698000,245000,473000,Rejected
1922,2,Not Graduate,No,1365000,5000000,25,635,2845000,474000,3960000,2244000,Rejected
1923,1,Not Graduate,Yes,201000,758000,5,723,318000,76000,587000,310000,Approved
1924,3,Graduate,No,1458000,3180000,20,537,1353000,2665000,4363000,2641000,Rejected
1925,0,Graduate,No,675000,2078000,5,631,803000,117000,1297000,528000,Approved
1926,3,Graduate,No,322000,842000,20,611,269000,41000,837000,236000,Rejected
1927,1,Graduate,No,479000,1521000,10,638,1375000,454000,1074000,245000,Approved
1928,5,Graduate,No,361000,2445000,20,722,424000,359000,364000,92000,Rejected
1929,3,Not Graduate,Yes,1229000,4617000,25,697,2217000,1443000,233000,1219000,Approved
1930,1,Graduate,No,1127000,5000000,20,586,3829000,2087000,1930000,1151000,Rejected
1931,5,Not Graduate,No,229000,1762000,10,662,798000,326000,751000,63000,Rejected
1932,2,Not Graduate,No,538000,2930000,20,777,1524000,960000,730000,660000,Approved
1933,2,Graduate,Yes,399000,1960000,15,579,1140000,50000,1205000,303000,Approved
1934,4,Graduate,Yes,1623000,5000000,5,662,5394000,1281000,4211000,1525000,Approved
1935,4,Graduate,No,291000,752000,15,634,829000,703000,430000,304000,Approved
1936,3,Graduate,No,1986000,5000000,20,645,3462000,2124000,203000,1302000,Approved
1937,5,Not Graduate,No,685000,3420000,15,511,338000,381000,1220000,949000,Approved
1938,1,Graduate,No,329000,2298000,20,770,318000,816000,537000,344000,Approved
1939,1,Graduate,No,451000,3105000,20,584,777000,464000,289000,411000,Rejected
1940,0,Not Graduate,No,416000,2949000,15,737,478000,498000,1370000,353000,Rejected
1941,1,Graduate,Yes,306000,1893000,15,597,414000,171000,1171000,29000,Rejected
1942,2,Graduate,No,745000,3862000,20,597,364000,1222000,427000,1158000,Approved
1943,1,Not Graduate,No,315000,2195000,15,753,651000,163000,315000,609000,Approved
1944,2,Graduate,No,170000,1231000,10,734,242000,259000,436000,52000,Approved
1945,0,Graduate,No,547000,2671000,15,668,617000,1036000,2083000,336000,Approved
1946,1,Graduate,No,217000,1717000,25,715,489000,354000,812000,369000,Rejected
1947,3,Graduate,No,429000,3110000,15,625,509000,97000,1601000,614000,Rejected
1948,0,Graduate,No,388000,1964000,10,649,708000,77000,705000,256000,Approved
1949,3,Graduate,Yes,397000,959000,10,594,432000,836000,1566000,523000,Rejected
1950,3,Graduate,No,2570000,5000000,5,727,6368000,5812000,3912000,4725000,Approved
1951,2,Graduate,No,726000,4834000,25,591,2202000,246000,318000,347000,Rejected
1952,4,Graduate,Yes,821000,2190000,20,776,461000,771000,2338000,1129000,Approved
1953,5,Graduate,No,221000,1065000,20,623,646000,361000,501000,361000,Approved
1954,0,Not Graduate,Yes,458000,2578000,20,652,1386000,957000,1474000,108000,Rejected
1955,3,Not Graduate,No,805000,5000000,15,714,2727000,1829000,2030000,1507000,Rejected
1956,1,Not Graduate,No,360000,2550000,20,652,1062000,629000,1188000,691000,Rejected
1957,2,Graduate,No,1263000,5000000,25,625,2611000,466000,1820000,1869000,Rejected
1958,2,Graduate,Yes,320000,1423000,20,647,168000,615000,391000,338000,Approved
1959,3,Not Graduate,No,581000,1658000,20,726,313000,1248000,1774000,713000,Approved
1960,4,Not Graduate,No,478000,2877000,15,594,444000,420000,976000,628000,Rejected
1961,3,Graduate,Yes,779000,2405000,20,639,1348000,962000,623000,273000,Approved
1962,3,Graduate,No,462000,2480000,10,651,1551000,192000,722000,289000,Approved
1963,2,Graduate,Yes,587000,4628000,20,723,505000,447000,1892000,145000,Approved
1964,0,Graduate,No,600000,3181000,15,642,1214000,1305000,2222000,463000,Rejected
1965,0,Graduate,No,434000,2549000,20,804,1516000,96000,1330000,652000,Rejected
1966,2,Graduate,No,959000,5000000,25,637,330000,1828000,2782000,1704000,Rejected
1967,3,Graduate,No,817000,5000000,20,630,368000,199000,2668000,632000,Rejected
1968,0,Graduate,Yes,661000,3047000,5,635,769000,484000,583000,827000,Rejected
1969,2,Graduate,No,529000,2637000,20,538,540000,770000,1249000,640000,Rejected
1970,1,Graduate,No,1175000,3591000,25,562,2227000,10000,2840000,1141000,Rejected
1971,2,Graduate,No,601000,3419000,20,605,989000,1015000,2277000,844000,Rejected
1972,1,Graduate,No,573000,2163000,25,747,1242000,453000,92000,197000,Approved
1973,1,Graduate,Yes,749000,3779000,20,647,577000,1402000,2910000,147000,Approved
1974,0,Not Graduate,No,2109000,5000000,25,609,5261000,5142000,6183000,1537000,Approved
1975,1,Graduate,No,293000,617000,15,754,289000,305000,55000,568000,Approved
1976,2,Not Graduate,No,1155000,5000000,15,782,2017000,87000,2452000,2204000,Approved
1977,4,Graduate,No,204000,620000,20,757,83000,433000,76000,262000,Approved
1978,1,Graduate,Yes,806000,2963000,25,577,2300000,553000,1977000,950000,Rejected
1979,2,Graduate,No,1949000,4304000,10,608,4496000,724000,3628000,2504000,Rejected
1980,2,Graduate,No,962000,2902000,10,804,931000,2115000,2994000,854000,Approved
1981,3,Not Graduate,No,782000,5000000,15,670,1740000,455000,1845000,479000,Approved
1982,1,Graduate,No,486000,3884000,20,627,825000,735000,1539000,30000,Rejected
1983,0,Not Graduate,No,714000,4512000,25,711,2102000,453000,1098000,62000,Rejected
1984,4,Not Graduate,No,594000,3369000,20,736,2048000,1058000,2044000,1156000,Approved
1985,5,Not Graduate,No,420000,2798000,10,601,293000,681000,1461000,631000,Rejected
1986,2,Graduate,No,580000,4280000,15,669,1084000,738000,1541000,810000,Rejected
1987,2,Graduate,No,796000,4072000,25,729,896000,1104000,898000,1351000,Approved
1988,0,Not Graduate,No,425000,940000,15,551,1147000,241000,1686000,524000,Rejected
1989,0,Not Graduate,No,414000,2590000,10,651,170000,23000,1362000,560000,Rejected
1990,0,Not Graduate,No,289000,2285000,15,555,590000,579000,989000,460000,Rejected
1991,3,Graduate,No,902000,3201000,20,566,2745000,2005000,131000,265000,Rejected
1992,1,Not Graduate,No,998000,4771000,20,602,1543000,1941000,3315000,415000,Rejected
1993,1,Not Graduate,No,814000,3392000,10,691,2427000,1441000,773000,923000,Rejected
1994,0,Not Graduate,No,1311000,5000000,15,623,1010000,1547000,2730000,313000,Approved
1995,0,Graduate,No,741000,4689000,25,595,2400000,1082000,2109000,990000,Rejected
1996,2,Graduate,Yes,903000,3856000,15,654,2558000,1561000,1535000,1511000,Approved
1997,2,Graduate,No,853000,5000000,15,553,1323000,56000,896000,1436000,Rejected
1998,2,Graduate,Yes,660000,4447000,10,686,474000,699000,1353000,449000,Rejected
1999,2,Graduate,No,496000,1074000,15,746,975000,279000,629000,221000,Approved
2000,2,Graduate,No,2952000,5000000,20,643,7219000,2690000,7379000,5666000,Approved
2001,3,Not Graduate,No,522000,3465000,20,633,372000,978000,276000,955000,Approved
2002,1,Graduate,No,454000,2315000,15,682,1492000,412000,768000,300000,Rejected
2003,1,Graduate,No,928000,4622000,25,478,2543000,1715000,2234000,1664000,Rejected
2004,4,Graduate,No,825000,5000000,15,696,2760000,2004000,3270000,1459000,Approved
2005,3,Not Graduate,No,281000,1278000,25,900,353000,649000,571000,199000,Approved
2006,2,Graduate,Yes,1452000,4293000,5,640,2449000,3005000,2557000,1101000,Approved
2007,1,Graduate,No,658000,2551000,15,640,703000,1403000,2604000,1229000,Rejected
2008,0,Graduate,No,340000,1221000,25,713,400000,335000,1261000,509000,Approved
2009,0,Graduate,Yes,1516000,5000000,25,790,1160000,2773000,4130000,1901000,Approved
2010,4,Graduate,No,1051000,3230000,20,733,736000,1753000,2338000,2005000,Approved
2011,2,Not Graduate,No,308000,1808000,20,467,754000,757000,356000,535000,Rejected
2012,0,Graduate,No,2222000,5000000,20,698,1783000,3194000,5628000,435000,Approved
2013,0,Graduate,No,1074000,5000000,20,869,781000,1154000,3601000,1098000,Approved
2014,1,Not Graduate,No,695000,3412000,15,703,1397000,1455000,2730000,1249000,Rejected
2015,1,Graduate,No,1968000,5000000,15,552,5024000,3688000,1509000,525000,Rejected
2016,2,Graduate,Yes,776000,5000000,20,674,2165000,242000,907000,148000,Rejected
2017,1,Graduate,No,687000,2138000,20,541,1482000,1024000,2438000,1185000,Rejected
2018,4,Graduate,No,456000,2789000,25,755,431000,675000,1577000,714000,Rejected
2019,3,Graduate,No,1022000,3360000,15,569,2181000,1614000,2959000,384000,Rejected
2020,4,Not Graduate,Yes,954000,5000000,10,656,2197000,2245000,481000,385000,Approved
2021,4,Not Graduate,No,707000,4111000,10,577,796000,1064000,2018000,1183000,Rejected
2022,4,Not Graduate,No,419000,1577000,20,604,319000,911000,808000,192000,Rejected
2023,5,Graduate,No,762000,2663000,5,776,2486000,683000,1179000,252000,Approved
2024,1,Graduate,No,669000,3062000,25,659,406000,96000,721000,1217000,Approved
2025,1,Not Graduate,No,294000,2000000,5,602,349000,276000,394000,476000,Approved
2026,0,Graduate,No,269000,1823000,15,553,280000,358000,589000,225000,Rejected
2027,2,Graduate,No,1011000,2224000,20,491,3189000,2106000,740000,1285000,Rejected
2028,3,Graduate,No,129000,492000,15,544,246000,204000,269000,115000,Rejected
2029,0,Graduate,No,800000,3630000,20,660,2689000,884000,230000,468000,Rejected
2030,3,Graduate,No,513000,2828000,10,733,1514000,592000,873000,1013000,Approved
2031,3,Graduate,No,1638000,4746000,20,602,4448000,4081000,6297000,1825000,Approved
2032,2,Graduate,No,508000,2038000,20,783,440000,180000,1515000,657000,Approved
2033,2,Graduate,No,1075000,5000000,25,589,1507000,552000,395000,910000,Rejected
2034,0,Graduate,Yes,541000,2629000,10,630,1582000,846000,1505000,555000,Rejected
2035,2,Graduate,No,754000,4875000,15,558,2599000,1322000,652000,461000,Rejected
2036,0,Graduate,No,1130000,5000000,20,734,3514000,1116000,2203000,1002000,Approved
2037,2,Graduate,No,518000,2481000,25,828,1727000,42000,646000,660000,Approved
2038,1,Graduate,No,1338000,5000000,20,500,3150000,1746000,5008000,2186000,Rejected
2039,1,Graduate,Yes,367000,1305000,20,621,677000,132000,115000,593000,Rejected
2040,2,Graduate,No,848000,2967000,20,758,1651000,119000,2998000,61000,Approved
2041,2,Graduate,No,1275000,5000000,20,527,2253000,1099000,3615000,1394000,Rejected
2042,1,Graduate,No,1075000,5000000,25,698,855000,365000,1628000,836000,Rejected
2043,5,Graduate,No,2433000,5000000,25,754,3110000,2670000,8590000,3002000,Approved
2044,0,Not Graduate,No,426000,1203000,20,657,251000,811000,718000,754000,Approved
2045,4,Graduate,No,286000,624000,20,697,167000,34000,808000,447000,Approved
2046,0,Graduate,No,367000,1120000,25,800,476000,459000,1164000,255000,Approved
2047,1,Graduate,No,1075000,5000000,10,816,2614000,1336000,1308000,1603000,Approved
2048,5,Not Graduate,No,968000,5000000,15,645,2191000,4000,370000,240000,Approved
2049,3,Graduate,No,748000,3844000,25,605,1564000,1381000,2607000,224000,Approved
2050,3,Not Graduate,No,337000,2633000,20,572,909000,76000,338000,165000,Rejected
2051,3,Graduate,Yes,1152000,3317000,10,733,1904000,2684000,4302000,956000,Approved
2052,2,Graduate,No,316000,1692000,20,533,542000,505000,420000,330000,Rejected
2053,3,Graduate,No,1487000,4609000,20,629,2911000,1070000,2555000,1228000,Approved
2054,0,Graduate,No,4485000,5000000,20,659,2301000,10375000,7975000,5715000,Approved
2055,3,Graduate,No,888000,5000000,20,607,1919000,889000,1709000,259000,Rejected
2056,4,Graduate,No,1023000,5000000,5,674,2763000,666000,3943000,1091000,Rejected
2057,4,Graduate,No,508000,1326000,15,868,581000,488000,536000,295000,Approved
2058,3,Graduate,No,216000,755000,5,640,656000,330000,534000,164000,Rejected
2059,3,Not Graduate,No,473000,2633000,25,613,545000,856000,590000,493000,Rejected
2060,2,Not Graduate,No,344000,815000,10,736,668000,569000,210000,106000,Approved
2061,1,Graduate,No,273000,1447000,20,670,846000,629000,335000,220000,Rejected
2062,4,Not Graduate,No,2144000,5000000,20,772,5707000,5125000,4833000,3288000,Approved
2063,3,Not Graduate,Yes,836000,3131000,20,664,1792000,412000,2063000,494000,Approved
2064,2,Not Graduate,Yes,896000,3368000,20,629,2054000,2044000,1011000,1381000,Rejected
2065,3,Not Graduate,No,573000,1934000,20,498,372000,153000,2264000,287000,Rejected
2066,0,Graduate,No,626000,4766000,20,512,1589000,1498000,948000,952000,Rejected
2067,3,Not Graduate,No,1310000,5000000,10,494,2958000,849000,4382000,562000,Approved
2068,3,Graduate,Yes,685000,3775000,15,682,391000,455000,162000,1305000,Approved
2069,1,Not Graduate,Yes,988000,3764000,20,534,689000,1041000,2778000,346000,Rejected
2070,0,Graduate,No,616000,3829000,15,757,2099000,280000,791000,1232000,Rejected
2071,3,Graduate,No,560000,1461000,20,653,487000,1159000,1229000,278000,Approved
2072,1,Graduate,No,281000,683000,15,629,890000,88000,945000,403000,Approved
2073,5,Graduate,No,194000,1254000,20,578,229000,213000,568000,125000,Rejected
2074,0,Graduate,No,591000,3759000,10,703,926000,1340000,888000,124000,Approved
2075,1,Not Graduate,No,726000,2606000,20,582,1508000,1153000,2147000,72000,Approved
2076,0,Graduate,No,303000,1251000,10,566,698000,460000,520000,102000,Approved
2077,3,Graduate,No,684000,5000000,20,751,1295000,1701000,238000,578000,Approved
2078,2,Graduate,No,725000,1904000,15,680,1026000,41000,1954000,857000,Approved
2079,4,Graduate,No,172000,533000,20,630,326000,138000,646000,169000,Approved
2080,5,Graduate,Yes,386000,1768000,10,705,981000,121000,165000,494000,Approved
2081,2,Graduate,No,912000,3368000,20,651,1431000,421000,2537000,216000,Rejected
2082,1,Not Graduate,No,900000,5000000,20,683,1840000,486000,3037000,1232000,Rejected
2083,0,Graduate,No,331000,2034000,25,581,501000,519000,803000,523000,Rejected
2084,4,Graduate,No,776000,4003000,20,826,1052000,528000,1547000,388000,Approved
2085,1,Not Graduate,No,1361000,5000000,20,601,1710000,2260000,1395000,2170000,Rejected
2086,4,Graduate,Yes,1160000,5000000,20,782,1179000,2140000,993000,624000,Approved
2087,4,Graduate,No,658000,4318000,10,634,1799000,661000,1083000,603000,Approved
2088,2,Graduate,No,516000,1162000,20,719,1779000,692000,1342000,837000,Approved
2089,2,Not Graduate,No,465000,1803000,15,712,183000,154000,617000,646000,Approved
2090,5,Graduate,No,949000,5000000,20,747,880000,1786000,1903000,980000,Approved
2091,3,Not Graduate,No,795000,3162000,5,579,2692000,833000,1940000,613000,Approved
2092,3,Not Graduate,No,1054000,2605000,15,741,1469000,2199000,969000,1211000,Approved
2093,2,Graduate,No,763000,3105000,20,807,1179000,1004000,2282000,811000,Approved
2094,2,Graduate,No,1192000,5000000,15,628,2886000,2076000,3042000,2318000,Approved
2095,1,Graduate,No,744000,2033000,10,653,1063000,667000,1792000,1236000,Approved
2096,4,Graduate,No,1166000,5000000,15,606,2188000,1084000,2291000,323000,Approved
2097,2,Not Graduate,No,1233000,5000000,20,621,3924000,1346000,1878000,1053000,Approved
2098,3,Graduate,Yes,415000,2412000,10,795,875000,660000,930000,496000,Approved
2099,0,Graduate,No,216000,749000,15,565,526000,274000,667000,308000,Approved
2100,4,Graduate,Yes,1909000,5000000,25,570,1899000,3838000,5447000,756000,Rejected
2101,2,Graduate,No,827000,2718000,25,787,940000,113000,2462000,1381000,Rejected
2102,3,Not Graduate,No,230000,1710000,5,703,725000,518000,211000,294000,Approved
2103,0,Graduate,No,440000,2746000,20,830,1424000,1019000,1382000,80000,Approved
2104,4,Graduate,No,1156000,2692000,5,612,3332000,705000,1628000,191000,Approved
2105,3,Graduate,No,584000,3969000,25,661,403000,147000,589000,811000,Rejected
2106,2,Graduate,Yes,502000,2529000,15,594,1465000,718000,288000,765000,Approved
2107,1,Graduate,Yes,1740000,5000000,15,662,629000,279000,5809000,1140000,Approved
2108,1,Graduate,No,354000,1601000,15,499,782000,203000,896000,129000,Rejected
2109,1,Graduate,No,417000,2352000,20,708,1026000,529000,1410000,200000,Approved
2110,0,Not Graduate,No,803000,5000000,10,677,1337000,1232000,1838000,654000,Approved
2111,2,Not Graduate,No,902000,5000000,20,645,1654000,438000,3116000,1157000,Rejected
2112,2,Graduate,Yes,967000,3518000,20,617,2586000,2255000,2196000,402000,Approved
2113,2,Graduate,No,1266000,5000000,20,574,4005000,574000,3315000,2017000,Rejected
2114,3,Graduate,Yes,796000,4870000,20,712,721000,306000,255000,426000,Approved
2115,2,Graduate,No,962000,5000000,10,550,715000,390000,2609000,1567000,Approved
2116,0,Graduate,No,591000,2930000,10,694,1369000,1373000,1437000,1094000,Approved
2117,4,Graduate,Yes,729000,3168000,15,826,757000,1602000,761000,270000,Approved
2118,2,Graduate,No,751000,4937000,20,776,692000,62000,405000,1382000,Approved
2119,3,Graduate,No,805000,3059000,5,522,766000,1462000,1170000,1148000,Rejected
2120,4,Graduate,No,1157000,3758000,20,604,1076000,213000,387000,2059000,Approved
2121,3,Graduate,No,1004000,5000000,20,686,1834000,189000,2453000,729000,Rejected
2122,2,Graduate,No,720000,2596000,20,644,2438000,137000,1605000,1249000,Rejected
2123,2,Not Graduate,Yes,414000,911000,20,531,1221000,859000,1523000,406000,Rejected
2124,4,Graduate,No,731000,1688000,5,683,1490000,781000,1549000,307000,Approved
2125,3,Graduate,Yes,687000,4239000,15,649,385000,957000,2024000,1369000,Approved
2126,0,Graduate,No,794000,5000000,20,813,1948000,61000,2135000,1508000,Approved
2127,2,Graduate,No,2938000,5000000,15,628,5123000,6617000,8311000,862000,Approved
2128,4,Graduate,No,498000,1435000,20,749,1390000,1223000,659000,468000,Rejected
2129,3,Graduate,No,921000,5000000,25,542,1732000,541000,1584000,1817000,Rejected
2130,0,Not Graduate,No,1402000,5000000,5,563,3419000,2301000,795000,1570000,Approved
2131,2,Graduate,No,746000,5000000,15,711,701000,1266000,1967000,760000,Rejected
2132,2,Graduate,No,3199000,5000000,15,742,9489000,7728000,4093000,1379000,Approved
2133,1,Graduate,No,547000,1858000,10,569,1528000,662000,1225000,475000,Rejected
2134,3,Graduate,No,864000,4299000,25,652,1293000,514000,3192000,883000,Approved
2135,2,Graduate,No,416000,1669000,25,533,1408000,375000,1150000,600000,Rejected
2136,1,Not Graduate,No,557000,3719000,15,635,453000,891000,637000,517000,Rejected
2137,1,Graduate,Yes,823000,2169000,25,721,300000,972000,1734000,1060000,Approved
2138,4,Not Graduate,No,1213000,5000000,5,613,3326000,241000,2970000,301000,Rejected
2139,4,Graduate,Yes,861000,5000000,25,629,1913000,1738000,2941000,1325000,Rejected
2140,3,Graduate,No,1587000,5000000,20,554,1039000,3429000,5072000,89000,Rejected
2141,4,Not Graduate,No,658000,4849000,10,595,533000,787000,875000,857000,Rejected
2142,5,Graduate,No,564000,1906000,20,799,405000,738000,2079000,937000,Approved
2143,2,Graduate,No,4059000,5000000,20,656,3385000,4988000,2739000,6272000,Approved
2144,0,Graduate,No,904000,5000000,15,565,1606000,1197000,1064000,305000,Rejected
2145,3,Graduate,Yes,439000,1872000,15,623,203000,113000,102000,745000,Approved
2146,2,Graduate,Yes,446000,1054000,20,514,875000,484000,586000,91000,Rejected
2147,1,Not Graduate,No,379000,1421000,10,564,848000,424000,650000,68000,Rejected
2148,5,Graduate,Yes,1287000,4442000,10,766,3382000,3210000,1340000,2129000,Approved
2149,1,Graduate,No,552000,3986000,15,638,1837000,67000,82000,224000,Rejected
2150,4,Graduate,No,760000,3635000,20,811,429000,593000,107000,701000,Approved
2151,2,Graduate,Yes,672000,4100000,15,642,277000,833000,2489000,1261000,Rejected
2152,0,Graduate,No,1126000,5000000,20,647,839000,2385000,3339000,515000,Rejected
2153,4,Graduate,No,404000,1533000,10,704,557000,466000,1141000,635000,Approved
2154,3,Graduate,Yes,348000,2285000,10,423,689000,253000,1101000,414000,Rejected
2155,3,Not Graduate,No,810000,1731000,20,667,254000,1084000,2274000,681000,Rejected
2156,2,Graduate,No,1035000,2717000,10,646,2604000,769000,352000,979000,Approved
2157,1,Graduate,No,869000,2582000,20,776,2922000,1191000,3224000,739000,Approved
2158,1,Not Graduate,No,414000,1604000,15,732,455000,714000,734000,689000,Approved
2159,0,Graduate,No,1087000,4802000,20,554,357000,1442000,2031000,1780000,Rejected
2160,0,Not Graduate,No,432000,2100000,15,756,1171000,658000,1537000,336000,Rejected
2161,1,Graduate,Yes,499000,1733000,20,628,1379000,48000,448000,703000,Approved
2162,2,Graduate,No,379000,909000,5,573,166000,624000,500000,412000,Approved
2163,0,Not Graduate,No,1631000,5000000,25,667,3711000,3954000,5602000,2461000,Approved
2164,2,Graduate,No,1057000,2264000,15,633,1138000,1299000,2248000,156000,Approved
2165,1,Graduate,No,1037000,5000000,5,781,2411000,2081000,1803000,731000,Approved
2166,1,Graduate,No,1575000,5000000,20,679,4133000,2161000,6021000,1110000,Approved
2167,4,Not Graduate,No,4356000,5000000,10,667,4412000,7667000,15533000,5287000,Approved
2168,5,Graduate,No,230000,1282000,15,727,261000,178000,819000,105000,Rejected
2169,3,Graduate,No,433000,2573000,20,743,977000,1047000,402000,471000,Approved
2170,0,Graduate,No,469000,2773000,20,717,1015000,252000,1590000,920000,Approved
2171,3,Not Graduate,No,403000,3059000,20,771,1264000,160000,1072000,54000,Rejected
2172,0,Graduate,No,347000,2702000,25,702,671000,39000,971000,358000,Rejected
2173,2,Graduate,Yes,576000,2627000,15,664,1647000,779000,165000,184000,Approved
2174,4,Not Graduate,No,317000,1808000,5,755,838000,490000,719000,376000,Approved
2175,1,Graduate,No,870000,5000000,20,642,2114000,1413000,829000,452000,Approved
2176,4,Graduate,No,724000,1453000,10,653,661000,312000,2690000,1310000,Rejected
2177,3,Graduate,Yes,957000,4940000,10,796,1133000,1559000,2192000,641000,Approved
2178,1,Graduate,No,974000,5000000,5,788,2059000,402000,2443000,1869000,Approved
2179,0,Graduate,No,1036000,5000000,15,649,529000,1955000,1087000,60000,Rejected
2180,3,Graduate,No,549000,2313000,15,611,244000,378000,957000,918000,Approved
2181,2,Graduate,No,2779000,5000000,15,774,1277000,2932000,6016000,1557000,Approved
2182,0,Not Graduate,No,815000,2521000,20,718,2647000,748000,2663000,361000,Approved
2183,0,Graduate,No,209000,1118000,20,677,523000,192000,519000,371000,Approved
2184,5,Graduate,No,365000,2743000,25,623,1087000,658000,197000,235000,Rejected
2185,1,Graduate,No,226000,1667000,10,678,765000,564000,420000,269000,Approved
2186,5,Not Graduate,No,708000,2945000,10,648,1801000,933000,887000,1053000,Rejected
2187,3,Graduate,No,647000,2295000,20,594,1261000,649000,1425000,561000,Approved
2188,1,Graduate,No,516000,3474000,10,661,946000,379000,997000,128000,Rejected
2189,1,Graduate,No,2587000,5000000,15,673,6952000,4039000,484000,4782000,Approved
2190,3,Not Graduate,No,1000000,5000000,20,618,3077000,1128000,909000,1313000,Rejected
2191,2,Not Graduate,Yes,1122000,4863000,20,727,3315000,2168000,3001000,2009000,Approved
2192,0,Graduate,No,382000,1048000,10,760,717000,579000,849000,591000,Approved
2193,1,Graduate,No,366000,2456000,20,732,1016000,377000,113000,571000,Approved
2194,4,Graduate,No,717000,4090000,20,627,1309000,1708000,1743000,861000,Rejected
2195,3,Graduate,No,783000,3337000,25,714,1198000,22000,1615000,49000,Approved
2196,2,Graduate,No,209000,1570000,15,657,262000,360000,143000,370000,Rejected
2197,1,Graduate,No,623000,3712000,20,545,296000,640000,67000,1041000,Rejected
2198,2,Graduate,Yes,706000,5000000,20,707,666000,215000,994000,1036000,Rejected
2199,3,Graduate,Yes,609000,2952000,10,662,1605000,141000,1913000,1073000,Rejected
2200,0,Not Graduate,No,413000,1953000,20,870,351000,670000,256000,169000,Approved
2201,5,Graduate,No,493000,3758000,20,774,1570000,182000,1865000,296000,Approved
2202,4,Not Graduate,No,624000,4841000,15,710,344000,1335000,1383000,222000,Rejected
2203,1,Graduate,Yes,743000,5000000,15,671,344000,578000,2272000,974000,Rejected
2204,4,Graduate,Yes,1037000,5000000,15,664,1908000,891000,4054000,938000,Rejected
2205,3,Not Graduate,No,1413000,5000000,20,565,1431000,2332000,1589000,353000,Approved
2206,3,Graduate,No,578000,1885000,5,502,364000,318000,1372000,678000,Rejected
2207,0,Graduate,No,520000,2236000,20,576,256000,9000,743000,370000,Rejected
2208,4,Graduate,Yes,930000,5000000,10,646,1848000,1037000,400000,936000,Rejected
2209,2,Not Graduate,No,1041000,4353000,20,471,1177000,1374000,3326000,583000,Rejected
2210,3,Graduate,No,528000,3453000,20,604,1097000,589000,78000,192000,Rejected
2211,1,Graduate,No,1170000,5000000,20,629,906000,1340000,4081000,1087000,Rejected
2212,1,Graduate,Yes,1323000,5000000,20,632,500000,2202000,4232000,650000,Rejected
2213,5,Graduate,No,1621000,5000000,15,594,628000,3427000,4198000,1361000,Rejected
2214,2,Graduate,No,2224000,5000000,15,621,1469000,2032000,5350000,1769000,Approved
2215,0,Not Graduate,Yes,399000,1976000,20,797,1136000,788000,1356000,752000,Approved
2216,3,Graduate,Yes,706000,5000000,10,706,1225000,111000,224000,293000,Approved
2217,1,Graduate,No,705000,2333000,20,602,1619000,846000,2095000,429000,Rejected
2218,4,Graduate,No,657000,2053000,20,644,2037000,618000,528000,1047000,Approved
2219,4,Not Graduate,No,459000,3571000,25,648,450000,535000,82000,288000,Rejected
2220,0,Graduate,No,267000,1638000,15,585,825000,61000,352000,263000,Rejected
2221,2,Graduate,Yes,743000,3877000,20,585,1996000,258000,1022000,1141000,Rejected
2222,5,Graduate,No,425000,1187000,5,736,1119000,312000,362000,25000,Approved
2223,4,Graduate,No,740000,3759000,25,614,2284000,506000,2125000,1417000,Rejected
2224,2,Graduate,No,418000,3204000,20,557,294000,402000,953000,398000,Rejected
2225,3,Graduate,No,343000,1927000,20,646,696000,392000,1265000,525000,Rejected
2226,2,Graduate,No,815000,3609000,20,660,1506000,451000,2503000,1504000,Approved
2227,1,Graduate,No,772000,4097000,15,482,1872000,1195000,2565000,1359000,Rejected
2228,3,Graduate,Yes,1020000,5000000,20,647,1083000,958000,3692000,489000,Approved
2229,1,Graduate,No,2898000,5000000,20,724,2050000,436000,9403000,3282000,Approved
2230,1,Graduate,No,838000,3688000,10,688,2862000,511000,470000,713000,Approved
2231,2,Graduate,No,959000,5000000,25,840,1717000,1343000,790000,1043000,Approved
2232,4,Graduate,Yes,347000,1275000,25,756,362000,526000,578000,545000,Approved
2233,1,Not Graduate,Yes,303000,1426000,25,773,216000,606000,423000,225000,Approved
2234,1,Graduate,No,1958000,5000000,20,888,4307000,1202000,6957000,1920000,Approved
2235,0,Graduate,No,384000,1993000,15,714,297000,540000,823000,474000,Rejected
2236,0,Graduate,Yes,355000,1942000,20,664,314000,423000,1248000,205000,Approved
2237,5,Not Graduate,No,682000,2746000,10,733,2283000,1447000,1098000,841000,Rejected
2238,2,Graduate,No,660000,2398000,20,602,260000,1204000,2399000,225000,Rejected
2239,1,Graduate,No,389000,1130000,10,659,349000,128000,148000,491000,Rejected
2240,5,Not Graduate,Yes,574000,1629000,25,595,1405000,1376000,1055000,189000,Rejected
2241,0,Graduate,No,1556000,5000000,15,684,1547000,1382000,5624000,2431000,Approved
2242,2,Graduate,No,415000,1382000,10,595,366000,990000,769000,178000,Rejected
2243,3,Graduate,Yes,283000,766000,5,592,589000,202000,837000,371000,Rejected
2244,3,Graduate,No,1292000,5000000,20,685,3265000,1515000,1948000,1529000,Approved
2245,1,Graduate,No,964000,3431000,10,638,1618000,1327000,3214000,848000,Rejected
2246,3,Graduate,No,468000,3452000,10,486,1310000,74000,1199000,612000,Rejected
2247,2,Graduate,No,250000,1414000,10,526,727000,447000,817000,425000,Rejected
2248,3,Graduate,No,431000,2711000,15,552,989000,113000,945000,123000,Rejected
2249,1,Graduate,No,676000,3627000,25,575,1453000,277000,1749000,925000,Rejected
2250,3,Graduate,No,1493000,4606000,15,685,4348000,1083000,3227000,1269000,Approved
2251,2,Graduate,No,357000,2528000,15,669,124000,857000,826000,487000,Rejected
2252,3,Graduate,No,663000,4620000,10,741,1282000,1613000,1848000,1164000,Approved
2253,4,Graduate,No,1086000,4451000,5,714,773000,1328000,620000,1437000,Approved
2254,4,Graduate,Yes,149000,981000,15,741,150000,199000,462000,54000,Rejected
2255,3,Graduate,No,1371000,5000000,10,702,4575000,726000,2036000,1181000,Approved
2256,1,Not Graduate,No,325000,2423000,5,668,101000,340000,48000,364000,Rejected
2257,0,Graduate,No,869000,5000000,10,743,1114000,2139000,2268000,258000,Approved
2258,2,Graduate,Yes,822000,1846000,15,728,653000,1625000,2049000,1073000,Rejected
2259,0,Not Graduate,No,1417000,5000000,20,682,3012000,2471000,4153000,2042000,Approved
2260,3,Graduate,No,1001000,5000000,5,758,3005000,697000,3997000,1538000,Rejected
2261,3,Not Graduate,No,149000,961000,20,451,231000,284000,283000,42000,Rejected
2262,2,Graduate,No,420000,1142000,20,625,1251000,1015000,1636000,599000,Approved
2263,0,Graduate,No,766000,5000000,25,624,1309000,1892000,1803000,585000,Rejected
2264,4,Graduate,No,617000,3631000,10,748,1980000,925000,923000,285000,Approved
2265,2,Graduate,No,955000,3851000,20,784,2875000,384000,2620000,1024000,Approved
2266,2,Not Graduate,No,1169000,5000000,25,527,1020000,2817000,1013000,1364000,Rejected
2267,2,Graduate,No,1040000,5000000,25,770,3257000,1408000,4023000,978000,Approved
2268,0,Graduate,No,609000,4335000,20,550,558000,58000,1108000,1029000,Rejected
2269,3,Not Graduate,No,211000,1270000,10,553,394000,43000,30000,75000,Approved
2270,0,Graduate,No,521000,1944000,25,630,483000,752000,1384000,440000,Approved
2271,2,Graduate,No,918000,5000000,20,623,1411000,1917000,523000,524000,Approved
2272,0,Graduate,No,345000,1872000,10,518,1192000,812000,154000,50000,Rejected
2273,1,Graduate,No,1055000,5000000,10,705,2900000,2491000,202000,750000,Rejected
2274,1,Not Graduate,No,1263000,5000000,25,708,2618000,1827000,4476000,1832000,Approved
2275,0,Graduate,No,760000,2142000,10,740,2503000,1865000,176000,813000,Approved
2276,4,Graduate,No,120000,734000,20,613,174000,45000,263000,104000,Approved
2277,3,Graduate,No,305000,1398000,15,647,261000,72000,613000,298000,Rejected
2278,0,Graduate,No,2385000,5000000,20,647,7042000,181000,8713000,1573000,Approved
2279,0,Graduate,No,491000,3825000,10,793,166000,950000,1794000,142000,Approved
2280,3,Graduate,No,193000,1275000,20,409,555000,442000,712000,232000,Rejected
2281,0,Graduate,No,1562000,5000000,20,569,578000,3280000,2593000,2562000,Approved
2282,2,Graduate,No,706000,4445000,25,650,854000,1658000,1374000,1122000,Rejected
2283,0,Graduate,No,1436000,3048000,10,558,2064000,1968000,4768000,725000,Rejected
2284,2,Graduate,No,838000,5000000,10,628,1106000,1599000,477000,752000,Approved
2285,5,Graduate,No,943000,4679000,10,639,1017000,794000,515000,1062000,Approved
2286,0,Graduate,Yes,886000,5000000,5,594,573000,1698000,3274000,1431000,Rejected
2287,5,Not Graduate,No,1102000,4702000,25,655,342000,2075000,237000,477000,Rejected
2288,4,Graduate,No,3076000,5000000,10,703,8548000,3350000,4901000,947000,Approved
2289,5,Graduate,No,1316000,5000000,10,630,2319000,144000,1132000,2457000,Rejected
2290,3,Not Graduate,No,251000,1301000,20,611,205000,167000,107000,84000,Rejected
2291,4,Graduate,No,936000,5000000,15,636,527000,2071000,3649000,1852000,Rejected
2292,2,Graduate,No,1470000,5000000,10,649,1751000,2158000,1098000,1790000,Rejected
2293,4,Not Graduate,Yes,1530000,5000000,20,502,2194000,1549000,2731000,1565000,Rejected
2294,0,Graduate,No,530000,2509000,15,689,942000,1255000,583000,222000,Approved
2295,3,Graduate,No,1493000,5000000,20,612,931000,1368000,3009000,2580000,Rejected
2296,2,Graduate,Yes,1279000,5000000,20,757,4394000,1049000,3953000,493000,Approved
2297,0,Graduate,Yes,3726000,5000000,15,700,4322000,7177000,9959000,3102000,Approved
2298,1,Graduate,No,430000,1707000,20,749,736000,382000,1002000,62000,Approved
2299,1,Graduate,No,503000,3235000,25,564,1292000,561000,1052000,47000,Rejected
2300,2,Graduate,No,574000,2131000,15,618,742000,1037000,353000,845000,Approved
2301,1,Graduate,No,509000,2884000,20,544,287000,547000,850000,232000,Rejected
2302,1,Graduate,No,393000,2684000,15,590,591000,317000,1427000,480000,Rejected
2303,1,Graduate,Yes,120000,878000,20,756,248000,5000,396000,175000,Approved
2304,2,Graduate,No,528000,2478000,20,776,1581000,1136000,186000,533000,Rejected
2305,0,Graduate,Yes,890000,3754000,5,552,1315000,1172000,3006000,1184000,Rejected
2306,1,Graduate,No,508000,1789000,15,611,1598000,1081000,1691000,264000,Approved
2307,1,Graduate,No,2463000,5000000,10,644,5043000,3804000,7950000,4051000,Approved
2308,2,Graduate,No,706000,2958000,20,700,1833000,354000,2314000,319000,Approved
2309,0,Not Graduate,No,1620000,5000000,20,500,642000,1471000,6373000,1947000,Rejected
2310,5,Graduate,No,830000,3746000,15,514,2628000,866000,262000,1394000,Rejected
2311,1,Graduate,No,1198000,4677000,5,692,1178000,2215000,1913000,1913000,Rejected
2312,1,Not Graduate,Yes,839000,5000000,25,484,1127000,1150000,3253000,126000,Rejected
2313,2,Graduate,No,1704000,5000000,15,612,3367000,2712000,3843000,1305000,Rejected
2314,4,Not Graduate,No,726000,2568000,15,664,2448000,1367000,2004000,1243000,Approved
2315,2,Graduate,No,966000,5000000,10,685,1358000,661000,1460000,1651000,Approved
2316,1,Not Graduate,No,888000,2211000,20,638,893000,1958000,823000,1146000,Approved
2317,2,Graduate,No,580000,2603000,15,619,1957000,657000,2271000,152000,Approved
2318,2,Graduate,No,911000,4975000,20,722,2630000,1506000,1376000,764000,Rejected
2319,2,Graduate,No,2991000,5000000,20,674,7247000,1632000,6842000,5755000,Approved
2320,5,Graduate,No,587000,2164000,5,595,946000,342000,617000,151000,Rejected
2321,5,Not Graduate,Yes,919000,3061000,20,653,1512000,1689000,3558000,1482000,Approved
2322,2,Not Graduate,No,1585000,5000000,10,683,5297000,1388000,1756000,1371000,Approved
2323,0,Graduate,No,1469000,5000000,5,796,765000,3217000,5383000,2207000,Approved
2324,2,Graduate,Yes,705000,3236000,20,717,1920000,1172000,873000,110000,Rejected
2325,5,Not Graduate,Yes,149000,672000,10,753,331000,248000,565000,10000,Approved
2326,4,Not Graduate,No,979000,4229000,25,598,3328000,931000,1500000,623000,Approved
2327,1,Not Graduate,No,165000,1284000,20,605,344000,372000,578000,288000,Rejected
2328,1,Graduate,No,1820000,4921000,10,630,2180000,4298000,4440000,2504000,Approved
2329,0,Not Graduate,No,782000,5000000,25,638,2186000,504000,425000,972000,Rejected
2330,3,Graduate,No,1341000,5000000,20,564,4632000,1725000,1680000,2676000,Rejected
2331,2,Graduate,No,389000,3010000,10,758,1246000,882000,1193000,283000,Approved
2332,1,Graduate,No,255000,992000,20,725,317000,65000,689000,436000,Approved
2333,1,Graduate,No,829000,2070000,25,624,1167000,617000,1234000,219000,Rejected
2334,1,Not Graduate,Yes,685000,3507000,15,705,1860000,1634000,590000,262000,Rejected
2335,4,Graduate,No,509000,1714000,15,669,1127000,617000,1696000,500000,Approved
2336,2,Graduate,No,740000,4823000,15,711,249000,1760000,1870000,1422000,Approved
2337,1,Graduate,No,4230000,5000000,15,536,3189000,4020000,11673000,6014000,Approved
2338,3,Graduate,No,1204000,5000000,10,638,691000,1588000,2370000,324000,Approved
2339,2,Graduate,No,1385000,4378000,20,645,1208000,1572000,2031000,2648000,Approved
2340,3,Graduate,Yes,1212000,5000000,25,703,1546000,1385000,1928000,1870000,Approved
2341,3,Graduate,Yes,1831000,5000000,20,597,6216000,4201000,405000,2722000,Approved
2342,0,Graduate,No,619000,4947000,10,438,1526000,1075000,2340000,697000,Rejected
2343,0,Graduate,No,184000,1176000,15,558,87000,435000,281000,150000,Rejected
2344,0,Graduate,No,619000,3431000,5,645,1389000,510000,1228000,164000,Rejected
2345,3,Graduate,No,1186000,5000000,15,655,2013000,2947000,1771000,1493000,Approved
2346,4,Not Graduate,Yes,373000,2065000,20,793,1012000,660000,554000,112000,Approved
2347,1,Not Graduate,No,624000,3317000,15,700,1952000,205000,1731000,749000,Approved
2348,3,Graduate,No,446000,1527000,20,657,227000,460000,1211000,492000,Approved
2349,3,Graduate,No,1858000,5000000,15,647,6384000,1155000,6057000,2254000,Approved
2350,5,Graduate,Yes,1139000,4838000,20,744,553000,670000,433000,1893000,Approved
2351,2,Graduate,No,1069000,2414000,25,600,2826000,2484000,3751000,911000,Approved
2352,0,Graduate,No,1049000,5000000,20,638,3346000,2517000,4019000,946000,Approved
2353,3,Not Graduate,No,683000,1579000,25,557,1848000,24000,2703000,114000,Rejected
2354,3,Not Graduate,No,796000,4803000,20,771,623000,275000,479000,486000,Approved
2355,3,Graduate,Yes,324000,953000,20,683,313000,225000,647000,67000,Rejected
2356,4,Not Graduate,Yes,169000,777000,15,590,73000,358000,636000,55000,Approved
2357,1,Not Graduate,No,772000,5000000,15,640,555000,1179000,2362000,681000,Rejected
2358,3,Graduate,No,864000,2217000,25,693,428000,1221000,289000,729000,Approved
2359,1,Not Graduate,Yes,1536000,5000000,5,629,724000,2297000,5367000,2880000,Rejected
2360,2,Not Graduate,No,1944000,5000000,25,605,4080000,4620000,6552000,550000,Approved
2361,1,Not Graduate,No,1942000,5000000,15,594,1059000,1339000,6103000,662000,Approved
2362,0,Not Graduate,Yes,366000,1111000,20,679,608000,113000,624000,554000,Approved
2363,0,Graduate,No,557000,3787000,15,620,1432000,846000,1429000,52000,Rejected
2364,3,Graduate,No,957000,4499000,25,611,333000,2318000,2768000,1263000,Rejected
2365,4,Not Graduate,No,3629000,5000000,5,536,8508000,6442000,5977000,5472000,Approved
2366,1,Graduate,No,1832000,5000000,15,657,4989000,4086000,5785000,2339000,Approved
2367,2,Graduate,No,1449000,5000000,25,635,2923000,3246000,1689000,886000,Rejected
2368,0,Graduate,No,544000,2785000,15,623,991000,298000,444000,137000,Approved
2369,2,Graduate,No,394000,1040000,15,667,1040000,675000,1359000,784000,Approved
2370,1,Graduate,No,1169000,5000000,25,714,2332000,2520000,1664000,2017000,Approved
2371,2,Not Graduate,No,342000,2022000,20,710,660000,87000,110000,504000,Approved
2372,4,Graduate,No,600000,2993000,10,697,1719000,977000,2009000,249000,Approved
2373,2,Graduate,No,650000,1947000,20,630,1937000,442000,2091000,579000,Rejected
2374,3,Graduate,No,1971000,5000000,10,602,2915000,4049000,6365000,2827000,Approved
2375,3,Graduate,No,556000,2590000,10,561,906000,310000,795000,138000,Rejected
2376,0,Not Graduate,Yes,143000,860000,20,600,409000,133000,351000,274000,Rejected
2377,1,Not Graduate,No,972000,5000000,10,652,1986000,1644000,150000,1859000,Approved
2378,0,Not Graduate,No,444000,2354000,15,583,1109000,617000,48000,152000,Rejected
2379,2,Graduate,No,720000,4362000,15,658,389000,216000,800000,313000,Rejected
2380,4,Not Graduate,No,662000,1631000,25,568,401000,373000,1422000,503000,Rejected
2381,2,Graduate,No,586000,4528000,20,509,1173000,1298000,1431000,544000,Rejected
2382,2,Graduate,Yes,1170000,4553000,10,720,3418000,2892000,726000,1064000,Approved
2383,1,Graduate,No,258000,1064000,25,610,339000,448000,899000,359000,Rejected
2384,1,Graduate,Yes,500000,1669000,20,579,1687000,12000,1921000,483000,Rejected
2385,4,Graduate,No,1092000,2739000,15,557,2984000,2029000,617000,447000,Approved
2386,1,Graduate,No,470000,3168000,25,686,1317000,755000,1557000,263000,Rejected
2387,3,Graduate,No,246000,847000,15,767,730000,253000,614000,210000,Approved
2388,0,Not Graduate,No,1081000,3996000,15,616,1205000,616000,2226000,1149000,Approved
2389,0,Graduate,No,1453000,4491000,15,632,1972000,602000,2917000,2688000,Approved
2390,1,Graduate,No,680000,5000000,10,741,462000,142000,2057000,162000,Approved
2391,4,Not Graduate,No,196000,1310000,20,496,297000,313000,179000,317000,Rejected
2392,1,Graduate,Yes,1108000,5000000,20,817,459000,934000,2742000,727000,Approved
2393,3,Graduate,No,238000,1707000,25,858,644000,308000,266000,349000,Approved
2394,0,Graduate,No,856000,5000000,15,420,2455000,1124000,370000,474000,Rejected
2395,2,Graduate,No,393000,1916000,10,642,387000,597000,887000,315000,Rejected
2396,2,Graduate,No,329000,995000,15,589,614000,489000,378000,301000,Approved
2397,2,Not Graduate,No,525000,2080000,10,627,1286000,681000,1573000,795000,Rejected
2398,1,Graduate,No,621000,2332000,25,614,1662000,241000,1637000,232000,Rejected
2399,0,Graduate,No,461000,2906000,20,719,1568000,31000,449000,335000,Approved
2400,4,Graduate,No,1026000,2210000,20,640,967000,1478000,3550000,1109000,Rejected
2401,2,Graduate,No,524000,1495000,20,573,571000,554000,762000,698000,Rejected
2402,1,Graduate,No,1324000,5000000,15,635,4015000,1357000,3794000,263000,Approved
2403,2,Not Graduate,No,840000,2302000,10,694,513000,903000,960000,197000,Rejected
2404,0,Graduate,No,445000,1019000,15,549,1253000,126000,386000,646000,Rejected
2405,2,Graduate,Yes,399000,1059000,20,510,290000,179000,1379000,305000,Rejected
2406,2,Graduate,No,240000,1475000,15,819,429000,397000,884000,90000,Approved
2407,0,Graduate,No,846000,2399000,5,595,1857000,1087000,1246000,477000,Rejected
2408,2,Graduate,No,556000,1600000,20,638,1533000,847000,739000,676000,Approved
2409,2,Graduate,No,150000,507000,10,616,100000,49000,426000,286000,Rejected
2410,4,Graduate,No,494000,3214000,20,697,1451000,1005000,487000,730000,Approved
2411,3,Graduate,No,390000,1249000,5,801,1178000,363000,1353000,626000,Approved
2412,2,Graduate,No,1949000,4312000,20,699,5534000,2987000,260000,2410000,Approved
2413,3,Not Graduate,No,231000,1718000,15,521,762000,269000,151000,179000,Rejected
2414,1,Graduate,No,274000,1989000,25,532,847000,321000,156000,528000,Rejected
2415,3,Graduate,No,1440000,4477000,20,616,3971000,2803000,1929000,300000,Approved
2416,0,Graduate,No,1691000,5000000,5,627,3642000,466000,5881000,2751000,Approved
2417,0,Graduate,No,431000,1350000,20,504,1245000,81000,1119000,239000,Rejected
2418,2,Graduate,No,464000,2931000,20,720,1587000,117000,241000,573000,Rejected
2419,1,Graduate,No,1045000,3658000,20,558,2445000,2600000,426000,2054000,Rejected
2420,3,Not Graduate,No,154000,1169000,25,777,166000,357000,189000,261000,Rejected
2421,2,Graduate,Yes,209000,1456000,20,805,228000,366000,526000,357000,Approved
2422,0,Graduate,Yes,583000,3224000,10,629,1660000,652000,1408000,965000,Rejected
2423,1,Graduate,No,1917000,3937000,15,687,6645000,408000,1046000,1792000,Approved
2424,2,Not Graduate,No,527000,3848000,15,545,513000,1082000,1616000,430000,Approved
2425,3,Graduate,No,747000,4756000,20,703,2543000,354000,1917000,793000,Rejected
2426,3,Not Graduate,No,1463000,5000000,25,608,1695000,998000,5755000,887000,Rejected
2427,1,Graduate,No,2753000,5000000,20,558,4463000,5787000,6208000,2704000,Approved
2428,3,Graduate,No,481000,3007000,15,625,1542000,309000,662000,143000,Rejected
2429,1,Not Graduate,No,692000,4725000,25,610,2337000,1461000,391000,1239000,Rejected
2430,0,Graduate,Yes,2288000,5000000,20,622,4837000,4496000,8430000,3397000,Approved
2431,2,Graduate,No,260000,1426000,15,731,868000,544000,64000,44000,Approved
2432,1,Graduate,No,1365000,5000000,25,583,4089000,2301000,1993000,1825000,Approved
2433,0,Not Graduate,No,361000,1643000,15,797,1109000,318000,783000,552000,Approved
2434,1,Not Graduate,No,748000,4643000,20,537,2303000,1221000,1737000,1294000,Rejected
2435,3,Graduate,No,598000,4500000,15,787,919000,1240000,1418000,414000,Approved
2436,4,Not Graduate,No,376000,2105000,25,564,150000,704000,1089000,481000,Rejected
2437,5,Graduate,No,369000,1241000,15,650,305000,795000,222000,217000,Approved
2438,1,Graduate,Yes,838000,1764000,15,608,451000,2060000,2435000,1429000,Rejected
2439,2,Not Graduate,No,1337000,5000000,20,621,1438000,2307000,4772000,2349000,Rejected
2440,3,Graduate,No,643000,4622000,25,718,307000,1492000,141000,128000,Rejected
2441,1,Graduate,No,733000,1756000,10,777,869000,498000,176000,444000,Approved
2442,1,Not Graduate,No,1015000,4451000,10,751,2217000,2470000,4026000,254000,Rejected
2443,1,Graduate,Yes,372000,2842000,25,616,280000,847000,490000,308000,Rejected
2444,2,Not Graduate,No,1132000,5000000,20,666,1483000,117000,2122000,68000,Approved
2445,3,Graduate,Yes,1192000,3962000,15,584,1213000,1760000,1561000,1879000,Approved
2446,1,Graduate,No,3803000,5000000,15,566,2298000,4782000,8634000,3390000,Approved
2447,0,Not Graduate,Yes,548000,2438000,15,553,1350000,1117000,1575000,598000,Rejected
2448,3,Graduate,Yes,520000,1406000,20,613,1642000,164000,1593000,779000,Approved
2449,2,Graduate,No,1154000,5000000,20,671,2990000,1522000,1715000,1661000,Rejected
2450,1,Not Graduate,No,1192000,5000000,20,487,2967000,1494000,1331000,791000,Rejected
2451,1,Graduate,No,494000,2908000,5,646,1702000,488000,1103000,779000,Rejected
2452,5,Graduate,No,539000,3053000,20,779,1423000,1337000,862000,700000,Approved
2453,2,Graduate,No,995000,2090000,5,745,448000,1342000,2514000,473000,Approved
2454,2,Graduate,No,409000,1246000,25,600,408000,423000,1016000,44000,Rejected
2455,2,Graduate,No,536000,1604000,5,531,1254000,1148000,1923000,817000,Rejected
2456,5,Graduate,No,742000,1920000,10,689,1740000,258000,85000,277000,Approved
2457,1,Not Graduate,No,1337000,5000000,10,453,3963000,961000,665000,360000,Rejected
2458,1,Graduate,No,473000,1287000,10,744,382000,330000,1499000,411000,Approved
2459,1,Not Graduate,No,211000,1268000,15,632,726000,493000,501000,390000,Rejected
2460,3,Not Graduate,No,201000,617000,20,806,392000,442000,69000,292000,Approved
2461,0,Graduate,No,309000,837000,25,503,1003000,469000,1167000,496000,Rejected
2462,1,Not Graduate,Yes,298000,887000,20,728,594000,238000,786000,172000,Approved
2463,1,Graduate,No,633000,3197000,20,641,569000,741000,1263000,1062000,Rejected
2464,2,Graduate,No,323000,1897000,15,622,460000,461000,1014000,278000,Rejected
2465,3,Not Graduate,No,443000,3044000,20,534,446000,598000,1074000,868000,Rejected
2466,1,Not Graduate,No,423000,1172000,10,701,485000,271000,658000,491000,Approved
2467,1,Graduate,No,526000,2997000,15,707,1656000,172000,661000,648000,Approved
2468,3,Graduate,No,1654000,5000000,10,802,2494000,3753000,3090000,3034000,Approved
2469,0,Graduate,No,1076000,4169000,10,736,952000,1724000,2102000,2044000,Approved
2470,3,Not Graduate,No,707000,1752000,20,600,1037000,256000,2034000,60000,Rejected
2471,1,Graduate,Yes,519000,1524000,10,565,1181000,1284000,1009000,261000,Rejected
2472,4,Graduate,Yes,528000,1346000,10,534,498000,543000,91000,659000,Approved
2473,2,Graduate,No,866000,5000000,20,775,401000,1587000,2399000,49000,Approved
2474,3,Graduate,No,1023000,4358000,10,584,3162000,452000,380000,685000,Approved
2475,0,Graduate,No,388000,1994000,20,776,413000,905000,1319000,168000,Approved
2476,1,Graduate,No,717000,4741000,15,695,2363000,142000,2052000,768000,Rejected
2477,3,Graduate,Yes,187000,791000,25,678,84000,447000,455000,227000,Rejected
2478,2,Graduate,No,803000,4733000,20,624,1913000,1460000,1503000,336000,Rejected
2479,3,Graduate,No,1149000,2827000,5,706,2791000,653000,886000,1259000,Approved
2480,2,Graduate,No,583000,2848000,25,649,466000,264000,1548000,480000,Approved
2481,2,Graduate,No,2280000,5000000,15,619,5538000,4771000,1202000,4520000,Approved
2482,4,Not Graduate,Yes,395000,1378000,15,709,608000,39000,971000,70000,Approved
2483,2,Graduate,No,806000,3031000,20,638,1226000,230000,657000,1362000,Rejected
2484,4,Graduate,Yes,684000,4313000,20,582,2126000,1151000,1661000,1367000,Rejected
2485,1,Graduate,No,656000,3965000,15,701,2196000,127000,452000,726000,Approved
2486,1,Graduate,No,650000,4214000,15,645,549000,880000,305000,895000,Rejected
2487,3,Not Graduate,No,750000,1778000,10,692,1867000,1076000,1452000,225000,Approved
2488,0,Not Graduate,No,1215000,5000000,20,611,966000,54000,3485000,892000,Rejected
2489,0,Graduate,Yes,1714000,3988000,25,547,706000,1616000,1765000,692000,Rejected
2490,0,Graduate,No,699000,4861000,15,797,544000,50000,1427000,830000,Approved
2491,2,Graduate,No,1189000,5000000,25,781,2771000,2874000,3823000,2244000,Approved
2492,2,Graduate,No,444000,2464000,10,725,1165000,239000,996000,48000,Approved
2493,0,Graduate,No,1152000,5000000,20,617,2215000,1986000,2798000,1168000,Rejected
2494,0,Not Graduate,No,427000,2794000,25,624,1428000,719000,409000,624000,Rejected
2495,1,Graduate,No,1422000,5000000,20,767,3904000,2745000,833000,1265000,Approved
2496,1,Not Graduate,Yes,2945000,5000000,10,620,2407000,2469000,2006000,3242000,Approved
2497,0,Graduate,No,647000,4371000,15,596,625000,298000,2519000,604000,Rejected
2498,0,Graduate,No,168000,415000,10,809,371000,223000,74000,204000,Approved
2499,4,Graduate,No,490000,2452000,20,646,670000,851000,339000,90000,Rejected
2500,3,Graduate,No,1559000,5000000,25,800,472000,2944000,1407000,1740000,Approved
2501,1,Not Graduate,No,1003000,5000000,15,531,379000,123000,3183000,1051000,Rejected
2502,1,Graduate,No,823000,3933000,10,694,1322000,1549000,1360000,333000,Approved
2503,0,Graduate,Yes,1348000,4612000,15,826,2663000,379000,4293000,1473000,Approved
2504,1,Not Graduate,No,959000,4741000,20,653,2293000,1258000,1663000,914000,Rejected
2505,1,Graduate,No,1545000,5000000,20,628,4236000,2145000,4943000,1864000,Approved
2506,4,Graduate,No,1272000,5000000,10,551,4325000,404000,4569000,1462000,Rejected
2507,3,Graduate,No,1882000,5000000,20,742,5617000,4536000,3471000,1579000,Approved
2508,2,Graduate,No,884000,5000000,10,585,1272000,1410000,3489000,1391000,Approved
2509,0,Not Graduate,No,1261000,4339000,20,642,2536000,706000,4714000,942000,Rejected
2510,3,Graduate,No,573000,1834000,15,545,568000,73000,92000,559000,Rejected
2511,4,Not Graduate,No,473000,2292000,10,782,1608000,916000,1088000,417000,Approved
2512,0,Graduate,Yes,2123000,4889000,20,748,4274000,4465000,5653000,2118000,Approved
2513,4,Graduate,No,806000,2721000,20,647,886000,183000,2731000,1298000,Approved
2514,1,Graduate,No,1181000,4868000,15,552,3091000,760000,3220000,1693000,Rejected
2515,3,Not Graduate,No,759000,3739000,20,781,1413000,1219000,2113000,100000,Approved
2516,1,Graduate,No,478000,1729000,20,619,1668000,501000,588000,485000,Rejected
2517,2,Graduate,No,705000,3781000,15,556,380000,604000,2327000,207000,Rejected
2518,1,Graduate,No,1780000,5000000,25,500,2445000,1889000,617000,2621000,Rejected
2519,2,Not Graduate,Yes,1004000,5000000,25,595,3327000,1268000,2674000,1982000,Rejected
2520,2,Graduate,No,230000,856000,10,526,408000,106000,204000,289000,Approved
2521,2,Graduate,No,609000,1444000,25,597,790000,591000,1879000,482000,Rejected
2522,3,Graduate,No,2230000,5000000,20,713,4985000,389000,7096000,426000,Approved
2523,0,Not Graduate,No,609000,3269000,10,618,1478000,9000,476000,425000,Rejected
2524,3,Graduate,No,217000,1324000,20,680,130000,529000,693000,233000,Approved
2525,0,Graduate,Yes,2396000,5000000,5,589,2708000,328000,8065000,4235000,Approved
2526,3,Graduate,No,1091000,3397000,20,656,1406000,119000,335000,1146000,Rejected
2527,0,Graduate,Yes,669000,2619000,25,813,727000,1488000,1189000,1318000,Approved
2528,2,Graduate,No,550000,2155000,15,620,839000,1342000,468000,423000,Approved
2529,1,Graduate,No,1415000,5000000,20,683,1940000,2988000,839000,72000,Approved
2530,5,Graduate,No,492000,1586000,10,517,1299000,172000,1591000,628000,Rejected
2531,2,Not Graduate,No,1477000,3508000,20,779,3274000,2361000,1836000,705000,Approved
2532,0,Graduate,No,996000,4102000,20,609,1667000,1735000,2601000,523000,Approved
2533,3,Graduate,No,821000,2304000,10,739,772000,1584000,94000,69000,Approved
2534,1,Graduate,No,769000,2122000,20,640,1266000,217000,315000,835000,Approved
2535,1,Graduate,Yes,625000,2778000,15,702,548000,611000,1550000,333000,Approved
2536,1,Graduate,No,1381000,5000000,20,707,4622000,953000,2132000,2747000,Approved
2537,3,Not Graduate,Yes,399000,1018000,20,612,342000,653000,1409000,670000,Approved
2538,4,Graduate,Yes,244000,1373000,20,743,744000,210000,103000,355000,Approved
2539,4,Graduate,No,1044000,5000000,15,585,2370000,1328000,2644000,773000,Rejected
2540,0,Graduate,No,1055000,2598000,20,716,3054000,1652000,2998000,200000,Approved
2541,0,Not Graduate,No,956000,5000000,20,617,3005000,2069000,2374000,1295000,Rejected
2542,3,Graduate,No,912000,3382000,20,680,2620000,2100000,2512000,85000,Approved
2543,1,Graduate,No,568000,4412000,20,611,1242000,985000,609000,518000,Rejected
2544,2,Graduate,Yes,1168000,5000000,25,654,1348000,457000,3611000,179000,Rejected
2545,5,Not Graduate,No,680000,3131000,15,559,1640000,1511000,1539000,776000,Rejected
2546,1,Not Graduate,No,510000,1719000,5,671,161000,261000,1618000,582000,Approved
2547,1,Graduate,No,572000,4009000,25,654,863000,76000,329000,620000,Rejected
2548,4,Not Graduate,No,2603000,5000000,5,604,7927000,2846000,1550000,3757000,Approved
2549,3,Not Graduate,No,227000,677000,25,645,490000,389000,373000,112000,Rejected
2550,4,Graduate,No,969000,5000000,20,661,1099000,362000,1570000,506000,Rejected
2551,2,Graduate,No,235000,1160000,25,598,741000,176000,141000,202000,Approved
2552,1,Graduate,No,652000,4629000,20,639,227000,130000,272000,926000,Approved
2553,3,Graduate,No,528000,3366000,20,565,1650000,816000,219000,147000,Rejected
2554,3,Not Graduate,No,181000,1313000,20,849,494000,320000,55000,322000,Approved
2555,4,Graduate,No,901000,5000000,20,740,692000,1171000,207000,488000,Approved
2556,2,Graduate,No,547000,3202000,15,673,274000,608000,1778000,164000,Approved
2557,2,Graduate,No,179000,895000,5,750,599000,379000,671000,218000,Rejected
2558,1,Graduate,No,1208000,5000000,15,482,622000,1266000,2126000,710000,Rejected
2559,1,Graduate,No,1779000,5000000,25,433,6077000,1965000,1474000,1507000,Rejected
2560,5,Graduate,No,1844000,5000000,15,616,3035000,2661000,2546000,312000,Rejected
2561,5,Graduate,No,884000,5000000,20,533,1265000,1556000,2910000,846000,Rejected
2562,2,Not Graduate,No,721000,3941000,20,630,1716000,1401000,2685000,463000,Rejected
2563,5,Graduate,No,1660000,5000000,15,667,3133000,169000,1711000,633000,Rejected
2564,1,Graduate,No,2089000,5000000,25,728,3234000,4445000,458000,1678000,Rejected
2565,4,Not Graduate,No,1462000,3019000,5,553,3434000,1650000,1906000,2268000,Rejected
2566,2,Graduate,No,380000,1279000,20,684,540000,861000,609000,585000,Rejected
2567,3,Graduate,Yes,798000,3529000,15,651,327000,1070000,89000,601000,Approved
2568,3,Graduate,No,931000,5000000,5,680,2736000,1108000,2567000,1815000,Rejected
2569,2,Not Graduate,No,216000,1159000,10,606,421000,106000,126000,64000,Rejected
2570,4,Graduate,Yes,950000,2902000,20,768,2373000,1115000,398000,1631000,Approved
2571,1,Graduate,No,3067000,5000000,10,641,6565000,3780000,8908000,6008000,Approved
2572,4,Graduate,No,1061000,3537000,20,801,2404000,2373000,3296000,1238000,Approved
2573,1,Not Graduate,No,1824000,5000000,20,583,1825000,4045000,1492000,305000,Approved
2574,1,Not Graduate,No,788000,1642000,10,713,2593000,958000,2441000,1455000,Approved
2575,3,Graduate,No,667000,4105000,15,645,1156000,1447000,841000,602000,Rejected
2576,3,Graduate,No,897000,3127000,10,622,2910000,1916000,1168000,346000,Approved
2577,4,Graduate,Yes,412000,1693000,20,704,1187000,977000,238000,737000,Approved
2578,1,Graduate,No,374000,1500000,20,625,974000,338000,368000,330000,Rejected
2579,0,Graduate,No,1594000,5000000,5,424,2825000,846000,400000,1632000,Rejected
2580,2,Not Graduate,No,1708000,5000000,20,390,636000,4031000,4647000,1987000,Rejected
2581,4,Graduate,No,368000,1066000,15,758,482000,538000,1259000,669000,Approved
2582,5,Not Graduate,No,1313000,5000000,20,755,3187000,1532000,379000,1355000,Rejected
2583,4,Graduate,No,662000,4073000,5,810,899000,681000,726000,1180000,Approved
2584,2,Not Graduate,No,873000,1978000,5,649,539000,185000,1266000,333000,Approved
2585,4,Graduate,No,944000,5000000,15,540,1847000,482000,1540000,1182000,Rejected
2586,1,Graduate,No,1336000,5000000,20,614,1061000,974000,4428000,1436000,Approved
2587,4,Not Graduate,No,739000,4172000,20,651,946000,1019000,197000,505000,Rejected
2588,2,Graduate,No,1751000,5000000,15,564,3338000,2262000,4369000,813000,Rejected
2589,1,Not Graduate,No,856000,3833000,10,790,575000,1162000,1863000,160000,Approved
2590,2,Not Graduate,No,1050000,4715000,20,840,693000,201000,3539000,588000,Approved
2591,3,Not Graduate,No,407000,1073000,5,691,396000,10000,526000,560000,Approved
2592,1,Not Graduate,No,2848000,5000000,20,649,6248000,3298000,1416000,1687000,Approved
2593,0,Graduate,Yes,950000,3294000,15,540,3122000,460000,579000,1396000,Rejected
2594,3,Graduate,No,1113000,5000000,10,781,1185000,2481000,2848000,1955000,Approved
2595,5,Graduate,No,246000,1241000,20,656,640000,265000,548000,345000,Rejected
2596,2,Graduate,Yes,410000,1355000,10,625,371000,361000,988000,664000,Rejected
2597,0,Graduate,No,1565000,5000000,20,691,3652000,2128000,993000,1828000,Approved
2598,3,Graduate,Yes,843000,2603000,10,600,624000,1325000,224000,1598000,Approved
2599,0,Graduate,No,202000,799000,15,662,607000,41000,466000,311000,Approved
2600,1,Graduate,No,1375000,4365000,20,527,3680000,2548000,572000,934000,Rejected
2601,0,Graduate,No,492000,3041000,5,742,1219000,169000,1833000,719000,Approved
2602,2,Not Graduate,No,1752000,5000000,20,641,608000,1694000,5664000,2383000,Approved
2603,1,Not Graduate,Yes,661000,4241000,20,748,1967000,590000,530000,1002000,Rejected
2604,0,Graduate,No,800000,1875000,25,633,626000,1138000,1945000,538000,Rejected
2605,1,Graduate,No,1506000,5000000,10,638,3023000,2596000,926000,1572000,Approved
2606,3,Not Graduate,Yes,391000,3050000,10,547,1089000,783000,1467000,691000,Rejected
2607,1,Graduate,No,367000,852000,15,715,852000,484000,880000,717000,Approved
2608,0,Graduate,No,616000,2778000,25,576,1799000,239000,825000,463000,Approved
2609,2,Not Graduate,No,1198000,2686000,15,609,3077000,2084000,3299000,1197000,Approved
2610,3,Graduate,No,295000,850000,15,650,802000,353000,32000,205000,Approved
2611,3,Graduate,No,237000,1132000,20,660,298000,349000,290000,344000,Approved
2612,2,Graduate,No,1196000,3522000,5,505,1810000,1327000,1212000,150000,Rejected
2613,3,Graduate,No,473000,2418000,20,630,901000,492000,686000,903000,Rejected
2614,3,Graduate,No,542000,4085000,15,718,1179000,950000,235000,608000,Rejected
2615,3,Graduate,Yes,209000,669000,20,618,525000,274000,810000,121000,Rejected
2616,2,Not Graduate,No,450000,1189000,20,631,935000,976000,866000,55000,Approved
2617,0,Not Graduate,No,697000,4845000,15,664,1794000,1295000,2398000,797000,Rejected
2618,1,Graduate,Yes,1282000,5000000,20,639,1003000,1527000,426000,1529000,Approved
2619,1,Graduate,No,424000,3093000,20,562,663000,227000,1439000,596000,Rejected
2620,1,Graduate,No,2056000,5000000,10,647,6626000,90000,5442000,2209000,Approved
2621,5,Graduate,No,449000,2589000,25,734,446000,231000,1233000,474000,Approved
2622,1,Graduate,No,449000,3385000,20,561,341000,316000,1457000,289000,Rejected
2623,2,Graduate,No,1901000,5000000,25,618,5101000,561000,4090000,814000,Approved
2624,5,Graduate,No,803000,5000000,20,533,741000,1343000,2066000,433000,Rejected
2625,2,Graduate,Yes,489000,2831000,15,730,863000,399000,1765000,382000,Rejected
2626,1,Graduate,No,633000,4354000,15,642,1632000,48000,372000,986000,Approved
2627,5,Graduate,Yes,1687000,5000000,15,578,3124000,1843000,535000,473000,Approved
2628,1,Not Graduate,No,1815000,5000000,5,658,5780000,3559000,7137000,2369000,Approved
2629,0,Graduate,No,412000,1142000,15,548,1281000,350000,1458000,51000,Rejected
2630,2,Not Graduate,No,681000,5000000,15,562,1300000,1536000,1433000,91000,Rejected
2631,1,Graduate,No,742000,1763000,5,526,2504000,1582000,2334000,433000,Rejected
2632,3,Graduate,No,369000,883000,20,559,455000,820000,1306000,275000,Rejected
2633,1,Not Graduate,Yes,675000,4988000,10,765,708000,1127000,1296000,284000,Approved
2634,3,Graduate,No,702000,2671000,20,588,1716000,1416000,338000,1248000,Rejected
2635,0,Graduate,Yes,1469000,5000000,20,690,3133000,1429000,2901000,946000,Approved
2636,4,Not Graduate,No,1534000,5000000,20,579,1693000,2658000,2256000,1478000,Rejected
2637,0,Graduate,No,565000,3329000,10,715,841000,316000,107000,1124000,Approved
2638,4,Not Graduate,No,609000,1921000,20,563,637000,312000,2339000,332000,Rejected
2639,0,Graduate,No,1078000,5000000,20,653,1141000,2543000,3117000,1355000,Approved
2640,4,Not Graduate,No,479000,2491000,25,654,707000,657000,1516000,721000,Rejected
2641,3,Graduate,No,1026000,4106000,15,848,3342000,184000,2490000,594000,Approved
2642,2,Graduate,Yes,661000,2320000,5,704,1964000,326000,760000,107000,Approved
2643,0,Not Graduate,Yes,373000,1060000,20,600,724000,430000,888000,594000,Rejected
2644,2,Graduate,No,376000,2345000,10,708,688000,795000,1035000,231000,Approved
2645,2,Graduate,No,1793000,5000000,20,832,719000,4016000,4356000,1213000,Approved
2646,2,Not Graduate,No,632000,2372000,20,511,1125000,179000,377000,543000,Rejected
2647,2,Not Graduate,No,2033000,5000000,20,578,4668000,315000,6654000,256000,Approved
2648,5,Graduate,No,501000,2368000,25,630,1399000,152000,631000,857000,Approved
2649,5,Graduate,No,846000,5000000,20,615,1218000,1420000,1394000,1467000,Rejected
2650,2,Not Graduate,Yes,3315000,5000000,25,622,10747000,4416000,7451000,5798000,Approved
2651,0,Graduate,No,352000,2544000,20,539,1052000,649000,1377000,143000,Rejected
2652,0,Graduate,No,204000,1240000,10,769,115000,303000,269000,399000,Approved
2653,3,Graduate,No,1615000,5000000,20,529,5151000,387000,425000,2164000,Rejected
2654,5,Graduate,Yes,409000,2576000,20,633,414000,263000,1592000,493000,Rejected
2655,2,Not Graduate,No,691000,1998000,25,739,2249000,573000,2649000,1008000,Approved
2656,0,Graduate,No,478000,3761000,15,647,1108000,846000,417000,729000,Rejected
2657,1,Not Graduate,No,833000,5000000,15,567,1348000,1243000,2777000,718000,Rejected
2658,1,Graduate,Yes,377000,2049000,20,535,640000,892000,1390000,448000,Rejected
2659,5,Graduate,No,623000,1864000,5,630,1309000,227000,94000,742000,Approved
2660,3,Graduate,No,938000,2848000,20,586,2814000,2201000,2855000,61000,Approved
2661,0,Not Graduate,No,363000,2064000,20,667,1081000,200000,291000,25000,Rejected
2662,1,Graduate,No,444000,1997000,10,531,723000,381000,1477000,430000,Rejected
2663,0,Graduate,No,559000,3385000,10,719,1686000,48000,102000,637000,Approved
2664,3,Graduate,Yes,277000,1173000,20,660,501000,205000,774000,396000,Rejected
2665,3,Graduate,No,532000,2701000,5,666,870000,266000,1748000,807000,Approved
2666,0,Graduate,No,756000,2365000,20,772,815000,411000,181000,901000,Approved
2667,1,Graduate,No,540000,1583000,20,613,1593000,772000,1648000,326000,Rejected
2668,4,Graduate,No,587000,1440000,20,588,1341000,1146000,331000,738000,Approved
2669,3,Graduate,No,691000,4780000,15,603,1161000,1287000,282000,385000,Rejected
2670,2,Graduate,No,457000,2437000,5,634,1106000,947000,1687000,751000,Approved
2671,2,Graduate,No,1097000,5000000,20,642,3352000,2006000,4059000,960000,Rejected
2672,5,Not Graduate,No,1780000,5000000,10,579,1661000,4345000,5323000,3195000,Rejected
2673,3,Not Graduate,Yes,518000,3425000,15,478,806000,24000,1850000,155000,Rejected
2674,5,Graduate,No,960000,4852000,25,602,1456000,2371000,159000,1369000,Rejected
2675,0,Graduate,Yes,599000,4129000,15,681,325000,614000,1255000,531000,Approved
2676,1,Graduate,No,888000,5000000,15,662,1216000,1061000,3107000,265000,Approved
2677,0,Graduate,No,1937000,5000000,25,752,5303000,2796000,6938000,2208000,Approved
2678,4,Graduate,No,974000,2565000,10,816,1082000,21000,1492000,451000,Approved
2679,3,Graduate,Yes,221000,1305000,10,715,640000,100000,302000,137000,Rejected
2680,0,Graduate,No,940000,2559000,15,768,3155000,1048000,2660000,883000,Approved
2681,5,Graduate,Yes,1560000,3843000,20,715,1586000,3001000,522000,1186000,Approved
2682,5,Graduate,No,606000,3731000,25,795,976000,1318000,1905000,490000,Approved
2683,1,Graduate,No,1337000,5000000,20,807,963000,494000,1436000,1102000,Approved
2684,3,Graduate,No,447000,1320000,25,731,1124000,294000,954000,37000,Approved
2685,3,Graduate,Yes,267000,653000,5,710,492000,405000,227000,205000,Approved
2686,0,Graduate,No,767000,5000000,20,633,1675000,692000,2273000,627000,Rejected
2687,3,Not Graduate,No,223000,623000,10,646,623000,166000,854000,269000,Approved
2688,1,Graduate,No,599000,1324000,25,621,1667000,574000,1323000,592000,Approved
2689,4,Graduate,No,1616000,5000000,25,703,3153000,2834000,6153000,625000,Approved
2690,3,Not Graduate,Yes,202000,1431000,15,589,631000,100000,337000,242000,Rejected
2691,4,Graduate,No,305000,1551000,20,634,1001000,47000,371000,36000,Approved
2692,3,Graduate,Yes,358000,1876000,20,450,830000,3000,1207000,251000,Rejected
2693,0,Graduate,No,672000,2702000,10,796,284000,885000,167000,846000,Approved
2694,1,Graduate,No,552000,1894000,20,631,1536000,345000,661000,699000,Approved
2695,3,Graduate,No,1738000,5000000,25,689,5482000,2440000,4854000,698000,Approved
2696,1,Graduate,No,1302000,5000000,15,774,2710000,2868000,1089000,926000,Approved
2697,3,Not Graduate,No,966000,3794000,5,676,2455000,709000,3451000,910000,Rejected
2698,1,Graduate,No,769000,2801000,25,773,1107000,353000,1523000,655000,Approved
2699,0,Graduate,No,904000,3261000,15,544,1724000,4000,957000,1253000,Approved
2700,2,Graduate,No,400000,921000,15,854,1142000,981000,619000,597000,Approved
2701,3,Not Graduate,No,1222000,4505000,20,742,3792000,1579000,1474000,158000,Approved
2702,2,Graduate,No,340000,732000,20,668,227000,682000,963000,511000,Approved
2703,3,Graduate,Yes,1205000,5000000,15,771,428000,2585000,637000,2125000,Rejected
2704,2,Graduate,No,1513000,5000000,10,551,2263000,3764000,5189000,2772000,Rejected
2705,3,Graduate,No,803000,4931000,20,625,1245000,1726000,546000,128000,Rejected
2706,3,Graduate,No,624000,3282000,15,773,1731000,459000,750000,1107000,Approved
2707,2,Not Graduate,Yes,908000,5000000,20,491,297000,1281000,2310000,335000,Rejected
2708,2,Graduate,No,120000,931000,25,698,329000,289000,178000,85000,Rejected
2709,2,Graduate,No,852000,3582000,5,695,1718000,1349000,1780000,677000,Rejected
2710,0,Not Graduate,No,650000,1645000,25,817,1646000,1250000,1508000,411000,Approved
2711,3,Not Graduate,No,677000,4399000,20,515,1306000,1535000,752000,423000,Rejected
2712,1,Graduate,No,1108000,2358000,25,787,3136000,1700000,2421000,421000,Approved
2713,4,Graduate,No,667000,2226000,10,602,1133000,1155000,2510000,890000,Approved
2714,3,Not Graduate,No,334000,775000,15,612,470000,491000,37000,395000,Rejected
2715,2,Graduate,No,639000,4722000,20,546,1493000,541000,1550000,796000,Rejected
2716,4,Graduate,No,731000,1485000,25,558,1259000,455000,986000,780000,Approved
2717,3,Graduate,No,754000,3737000,25,684,958000,1194000,2610000,362000,Approved
2718,0,Graduate,No,778000,3535000,15,555,2508000,1908000,371000,928000,Approved
2719,3,Graduate,No,1376000,5000000,20,713,3598000,3152000,463000,1823000,Approved
2720,5,Not Graduate,No,346000,1294000,10,594,322000,182000,581000,52000,Approved
2721,0,Graduate,Yes,785000,5000000,20,547,2095000,1654000,2141000,1551000,Rejected
2722,1,Graduate,Yes,1619000,5000000,20,605,1793000,85000,203000,1911000,Approved
2723,2,Graduate,No,227000,1043000,20,679,381000,335000,741000,294000,Approved
2724,2,Graduate,No,787000,3265000,15,626,784000,1830000,1112000,914000,Rejected
2725,2,Graduate,No,478000,3296000,25,653,317000,1146000,1763000,668000,Approved
2726,2,Not Graduate,No,550000,3598000,10,709,867000,829000,1998000,732000,Approved
2727,3,Graduate,No,389000,1709000,20,742,808000,613000,1198000,626000,Approved
2728,0,Not Graduate,No,627000,2538000,20,624,794000,611000,1865000,229000,Rejected
2729,2,Graduate,No,2317000,5000000,20,561,1251000,4192000,5661000,856000,Approved
2730,4,Graduate,No,308000,767000,20,656,338000,189000,985000,147000,Approved
2731,1,Graduate,Yes,327000,760000,20,690,355000,28000,260000,631000,Approved
2732,2,Not Graduate,Yes,300000,644000,5,526,657000,626000,986000,224000,Approved
2733,0,Graduate,No,2151000,5000000,10,574,2587000,325000,4957000,1434000,Rejected
2734,1,Graduate,No,518000,3700000,20,589,1040000,861000,1632000,258000,Rejected
2735,2,Graduate,No,688000,4671000,20,632,1242000,752000,1394000,680000,Rejected
2736,1,Graduate,No,539000,3813000,20,585,621000,58000,1380000,978000,Rejected
2737,3,Graduate,No,379000,2177000,15,710,1013000,151000,543000,517000,Rejected
2738,2,Not Graduate,No,601000,3452000,5,514,1464000,151000,1055000,250000,Rejected
2739,4,Graduate,No,3460000,5000000,20,516,8570000,1855000,5268000,5823000,Approved
2740,4,Graduate,No,1730000,5000000,20,622,2919000,2748000,5170000,3276000,Approved
2741,1,Graduate,No,402000,1479000,20,635,528000,573000,355000,579000,Rejected
2742,0,Graduate,No,1066000,5000000,15,526,2335000,1154000,3975000,1287000,Rejected
2743,4,Graduate,No,408000,3153000,15,598,1375000,860000,1360000,555000,Rejected
2744,1,Graduate,Yes,221000,1596000,15,616,373000,416000,765000,328000,Rejected
2745,1,Graduate,No,1358000,4616000,5,617,3298000,2318000,4976000,2344000,Approved
2746,0,Graduate,No,1488000,5000000,20,663,2553000,2228000,2679000,1986000,Approved
2747,3,Not Graduate,No,1382000,3627000,15,594,4539000,2405000,4945000,1501000,Rejected
2748,1,Graduate,No,516000,1115000,15,776,592000,292000,945000,209000,Approved
2749,0,Not Graduate,Yes,628000,1362000,25,691,1110000,408000,312000,490000,Approved
2750,2,Graduate,No,1140000,3444000,15,581,2143000,850000,334000,245000,Rejected
2751,3,Graduate,No,903000,5000000,20,658,2376000,1673000,314000,1328000,Rejected
2752,1,Graduate,Yes,542000,2265000,15,661,1414000,586000,452000,1076000,Approved
2753,3,Graduate,No,244000,511000,15,753,651000,585000,367000,58000,Approved
2754,2,Graduate,No,754000,5000000,5,599,1995000,76000,2955000,685000,Rejected
2755,2,Graduate,No,1412000,5000000,25,715,2546000,1353000,1469000,1998000,Approved
2756,1,Graduate,No,321000,1401000,15,654,256000,124000,1175000,35000,Approved
2757,0,Not Graduate,No,1060000,5000000,20,777,3271000,2163000,3456000,962000,Approved
2758,1,Not Graduate,No,868000,4444000,25,760,1163000,1041000,3002000,1389000,Approved
2759,4,Graduate,No,1140000,5000000,5,667,744000,1767000,3603000,709000,Approved
2760,0,Not Graduate,No,1234000,5000000,20,628,879000,1845000,4807000,1649000,Rejected
2761,5,Not Graduate,No,446000,3262000,10,693,840000,88000,253000,551000,Rejected
2762,0,Graduate,No,245000,934000,15,635,407000,480000,482000,347000,Approved
2763,1,Graduate,No,495000,2436000,20,793,1200000,1017000,711000,257000,Approved
2764,2,Graduate,No,1248000,2523000,5,657,2818000,1895000,1508000,472000,Approved
2765,3,Not Graduate,No,492000,3522000,25,616,317000,346000,907000,41000,Rejected
2766,0,Not Graduate,No,446000,1711000,20,611,557000,807000,881000,440000,Rejected
2767,0,Graduate,No,214000,776000,15,547,678000,375000,844000,89000,Rejected
2768,2,Graduate,No,2187000,5000000,5,697,6022000,4989000,2476000,2887000,Approved
2769,1,Graduate,No,1197000,5000000,20,580,3694000,351000,4376000,1342000,Approved
2770,3,Graduate,No,1155000,3163000,20,743,428000,2627000,868000,1935000,Approved
2771,3,Graduate,No,1313000,4718000,10,540,4226000,2912000,3537000,2119000,Rejected
2772,0,Graduate,No,1018000,4194000,20,661,3110000,757000,1314000,768000,Rejected
2773,4,Graduate,No,597000,4726000,5,748,1043000,1069000,2296000,375000,Approved
2774,0,Graduate,No,629000,2883000,25,467,1544000,415000,1620000,132000,Rejected
2775,4,Graduate,No,530000,1792000,15,822,620000,312000,186000,808000,Approved
2776,5,Graduate,No,3880000,5000000,15,614,9341000,6223000,14363000,3948000,Approved
2777,3,Not Graduate,No,1005000,4451000,20,662,2870000,126000,1252000,709000,Rejected
2778,5,Graduate,No,518000,1207000,20,699,957000,125000,1925000,737000,Approved
2779,3,Graduate,No,947000,5000000,25,712,370000,1563000,145000,554000,Approved
2780,0,Graduate,No,363000,760000,25,673,593000,864000,346000,357000,Approved
2781,0,Not Graduate,Yes,1861000,5000000,10,735,4876000,158000,2207000,1675000,Approved
2782,0,Not Graduate,No,455000,3072000,15,694,1161000,26000,1266000,263000,Rejected
2783,2,Graduate,No,970000,2381000,20,800,1800000,181000,3116000,1544000,Approved
2784,2,Graduate,Yes,1400000,5000000,5,694,4836000,6000,3580000,2001000,Approved
2785,2,Not Graduate,No,899000,5000000,20,817,606000,2086000,307000,956000,Approved
2786,3,Graduate,No,744000,4177000,5,727,600000,882000,1333000,1040000,Approved
2787,2,Graduate,No,705000,3854000,25,497,794000,1220000,1429000,158000,Rejected
2788,0,Not Graduate,No,675000,1551000,20,872,1938000,703000,1012000,600000,Approved
2789,1,Graduate,No,481000,1134000,20,601,1318000,1199000,835000,587000,Rejected
2790,5,Not Graduate,No,523000,3328000,15,777,1450000,628000,1037000,428000,Approved
2791,1,Graduate,Yes,1831000,4822000,25,652,5703000,4299000,4139000,2641000,Approved
2792,1,Not Graduate,No,652000,2250000,20,740,1120000,1059000,1670000,697000,Approved
2793,0,Not Graduate,No,420000,2097000,20,591,554000,995000,386000,335000,Rejected
2794,5,Graduate,No,500000,1492000,20,703,1111000,619000,1808000,430000,Approved
2795,1,Graduate,No,1431000,5000000,5,628,2306000,3144000,4763000,2070000,Approved
2796,3,Graduate,No,1086000,5000000,5,784,2146000,907000,3440000,194000,Approved
2797,0,Not Graduate,No,1008000,5000000,10,687,755000,1666000,3269000,1698000,Rejected
2798,0,Graduate,Yes,592000,1360000,20,730,929000,913000,1272000,96000,Approved
2799,3,Graduate,No,1016000,4640000,20,466,1841000,1237000,3878000,314000,Approved
2800,2,Not Graduate,Yes,461000,3265000,15,643,267000,578000,704000,751000,Approved
2801,3,Graduate,No,591000,2470000,25,685,2058000,251000,1027000,461000,Approved
2802,1,Graduate,No,1315000,5000000,10,669,554000,2979000,4318000,1244000,Approved
2803,5,Graduate,No,1236000,5000000,20,732,4008000,1404000,4313000,960000,Rejected
2804,2,Not Graduate,Yes,370000,1511000,15,619,206000,140000,685000,86000,Approved
2805,5,Graduate,No,401000,1467000,15,654,1223000,706000,1366000,496000,Rejected
2806,0,Not Graduate,No,751000,4443000,5,750,1543000,1365000,1930000,1047000,Approved
2807,2,Graduate,No,2150000,5000000,20,456,1996000,243000,3469000,904000,Approved
2808,1,Not Graduate,No,202000,1446000,20,700,210000,168000,734000,306000,Rejected
2809,3,Graduate,No,839000,4580000,15,622,1196000,1225000,1730000,205000,Rejected
2810,3,Graduate,No,286000,763000,20,572,812000,587000,976000,446000,Approved
2811,2,Not Graduate,No,463000,2880000,20,679,357000,360000,1513000,656000,Rejected
2812,0,Not Graduate,No,552000,2532000,15,754,593000,414000,263000,1009000,Approved
2813,0,Graduate,No,533000,1719000,20,738,1341000,981000,1864000,872000,Approved
2814,0,Graduate,No,495000,3844000,15,639,1121000,271000,363000,840000,Rejected
2815,4,Graduate,No,703000,4441000,25,724,1158000,1575000,2302000,1348000,Approved
2816,1,Graduate,No,494000,2746000,20,724,244000,976000,1505000,838000,Rejected
2817,0,Graduate,No,271000,1922000,10,643,566000,605000,806000,434000,Approved
2818,1,Not Graduate,No,1162000,5000000,20,591,1201000,1028000,4289000,503000,Rejected
2819,0,Graduate,Yes,1142000,5000000,15,596,2579000,473000,2789000,1739000,Rejected
2820,5,Graduate,Yes,1211000,3799000,25,721,1427000,1771000,1720000,1555000,Approved
2821,1,Graduate,No,257000,751000,20,646,883000,122000,620000,495000,Rejected
2822,4,Graduate,No,850000,3903000,5,561,1861000,565000,2393000,1236000,Rejected
2823,3,Graduate,No,1086000,5000000,20,507,2311000,1088000,1653000,604000,Rejected
2824,2,Not Graduate,No,358000,2291000,10,721,1066000,414000,391000,132000,Approved
2825,2,Graduate,Yes,704000,3275000,25,604,2449000,567000,1415000,421000,Approved
2826,3,Graduate,No,649000,3608000,25,678,1813000,462000,2339000,640000,Approved
2827,3,Not Graduate,No,2318000,5000000,20,755,5101000,1430000,5931000,3065000,Approved
2828,0,Graduate,No,2445000,5000000,20,539,7490000,4218000,8800000,1148000,Rejected
2829,4,Graduate,No,237000,933000,20,646,209000,181000,463000,119000,Approved
2830,1,Graduate,No,3541000,5000000,15,635,9722000,6147000,13432000,2261000,Approved
2831,1,Graduate,No,386000,2639000,10,682,956000,717000,1230000,627000,Rejected
2832,2,Graduate,No,1324000,3188000,25,755,2784000,2364000,1963000,1010000,Approved
2833,3,Graduate,Yes,1315000,5000000,15,537,4042000,3006000,2430000,267000,Rejected
2834,1,Graduate,Yes,366000,1213000,15,698,941000,873000,1461000,407000,Approved
2835,1,Graduate,No,965000,5000000,10,738,2503000,354000,3686000,59000,Rejected
2836,0,Graduate,Yes,653000,3482000,25,634,2097000,523000,1110000,891000,Rejected
2837,2,Graduate,No,1004000,4989000,25,638,2548000,1977000,3364000,1699000,Approved
2838,0,Graduate,No,813000,5000000,15,686,908000,1589000,2966000,304000,Rejected
2839,4,Graduate,No,1523000,5000000,15,679,1352000,270000,1648000,2584000,Approved
2840,1,Graduate,No,735000,3158000,20,699,1428000,1768000,1557000,1010000,Approved
2841,5,Graduate,No,628000,4518000,15,698,660000,1344000,1917000,152000,Rejected
2842,3,Graduate,No,1427000,5000000,25,567,3623000,3208000,570000,706000,Rejected
2843,3,Not Graduate,No,1021000,5000000,25,734,3060000,522000,3310000,504000,Approved
2844,4,Graduate,Yes,1126000,3719000,20,749,1389000,1410000,1039000,508000,Approved
2845,1,Graduate,No,454000,1215000,10,666,1463000,500000,893000,319000,Approved
2846,2,Graduate,No,355000,1156000,20,523,955000,320000,555000,646000,Rejected
2847,0,Graduate,No,484000,2196000,25,640,1676000,275000,1446000,236000,Rejected
2848,0,Not Graduate,No,468000,1601000,15,667,438000,163000,472000,869000,Approved
2849,1,Not Graduate,No,1167000,5000000,25,553,2074000,2540000,2239000,1309000,Rejected
2850,3,Not Graduate,No,1320000,5000000,15,619,3101000,1750000,1499000,1397000,Rejected
2851,3,Graduate,Yes,633000,2849000,25,530,1735000,951000,199000,863000,Rejected
2852,1,Graduate,No,1774000,5000000,20,702,5709000,1160000,6013000,2876000,Approved
2853,3,Graduate,No,1704000,5000000,10,664,5371000,3983000,1662000,3267000,Approved
2854,1,Graduate,No,820000,3982000,15,510,866000,1920000,825000,45000,Rejected
2855,0,Graduate,No,410000,2576000,5,680,677000,688000,116000,339000,Approved
2856,0,Graduate,No,1949000,4943000,15,645,5065000,1562000,4016000,778000,Approved
2857,2,Graduate,No,673000,4774000,25,694,487000,392000,773000,233000,Rejected
2858,2,Not Graduate,Yes,760000,2102000,10,617,2561000,1131000,1752000,256000,Rejected
2859,1,Not Graduate,No,561000,2005000,25,582,1509000,1168000,1639000,805000,Approved
2860,0,Graduate,No,393000,3129000,10,584,1160000,950000,110000,59000,Rejected
2861,2,Graduate,No,269000,845000,20,604,862000,46000,237000,452000,Approved
2862,3,Not Graduate,No,1056000,2753000,25,652,918000,882000,1715000,1602000,Approved
2863,0,Graduate,Yes,421000,2455000,20,663,695000,412000,1487000,357000,Rejected
2864,3,Not Graduate,No,5000000,5000000,25,634,11927000,4613000,2640000,4398000,Approved
2865,2,Graduate,No,346000,883000,25,614,1014000,578000,1038000,475000,Approved
2866,2,Not Graduate,Yes,309000,625000,20,620,822000,423000,1180000,22000,Rejected
2867,0,Graduate,No,975000,2413000,20,863,672000,2173000,393000,785000,Approved
2868,4,Graduate,No,1892000,5000000,5,584,4477000,1053000,2646000,759000,Approved
2869,2,Not Graduate,Yes,730000,2471000,15,603,906000,729000,2264000,294000,Rejected
2870,1,Not Graduate,No,1015000,5000000,15,900,1625000,1373000,3803000,1141000,Approved
2871,4,Not Graduate,No,211000,1508000,20,686,735000,431000,224000,112000,Rejected
2872,4,Graduate,No,451000,1294000,20,533,362000,928000,1174000,353000,Approved
2873,3,Graduate,Yes,348000,1400000,20,722,221000,748000,1028000,504000,Approved
2874,3,Graduate,Yes,204000,587000,25,573,328000,265000,342000,257000,Rejected
2875,0,Graduate,No,755000,2809000,10,727,2314000,456000,2047000,524000,Approved
2876,3,Graduate,No,163000,560000,25,632,134000,296000,365000,24000,Approved
2877,1,Graduate,No,296000,1989000,10,613,165000,706000,1111000,30000,Rejected
2878,4,Not Graduate,No,494000,2012000,15,787,810000,352000,1087000,494000,Approved
2879,1,Not Graduate,Yes,408000,2029000,20,698,948000,202000,863000,356000,Approved
2880,0,Graduate,Yes,906000,5000000,15,733,720000,51000,2455000,1452000,Approved
2881,2,Graduate,No,854000,5000000,20,687,2455000,1423000,593000,179000,Approved
2882,3,Graduate,No,1251000,4763000,20,612,3762000,1705000,2716000,2136000,Approved
2883,2,Graduate,No,1142000,3718000,20,702,2252000,385000,340000,530000,Approved
2884,3,Graduate,No,1469000,5000000,10,753,584000,733000,3739000,1078000,Approved
2885,0,Not Graduate,No,699000,2741000,10,661,1364000,1157000,1527000,1207000,Approved
2886,0,Graduate,No,853000,5000000,5,803,841000,930000,2878000,1436000,Approved
2887,2,Graduate,No,976000,5000000,20,722,1686000,569000,3134000,1029000,Approved
2888,1,Graduate,No,768000,3905000,10,668,2098000,1163000,1372000,161000,Approved
2889,3,Graduate,No,541000,1824000,15,671,257000,71000,1445000,650000,Rejected
2890,5,Graduate,No,564000,1607000,20,662,169000,23000,724000,866000,Approved
2891,3,Graduate,No,411000,2023000,25,544,299000,268000,663000,231000,Rejected
2892,2,Graduate,Yes,921000,4665000,20,642,410000,667000,372000,375000,Rejected
2893,2,Graduate,No,659000,4376000,5,669,747000,172000,325000,672000,Rejected
2894,4,Graduate,No,455000,2848000,20,615,725000,131000,1498000,688000,Rejected
2895,3,Graduate,No,455000,3400000,10,679,1272000,191000,1770000,471000,Rejected
2896,3,Not Graduate,No,319000,2496000,15,652,127000,578000,641000,165000,Approved
2897,1,Not Graduate,No,1323000,5000000,15,716,1883000,2666000,793000,2308000,Approved
2898,3,Not Graduate,No,737000,1812000,25,706,2413000,335000,328000,1290000,Approved
2899,0,Not Graduate,No,400000,1772000,20,664,858000,657000,111000,533000,Approved
2900,3,Not Graduate,No,1184000,5000000,15,534,3488000,692000,4176000,231000,Rejected
2901,4,Not Graduate,No,486000,2693000,20,802,898000,1069000,887000,244000,Approved
2902,4,Graduate,Yes,281000,868000,25,638,172000,189000,993000,353000,Rejected
2903,0,Graduate,No,1360000,5000000,5,643,1222000,441000,2060000,2140000,Approved
2904,3,Not Graduate,No,494000,2024000,20,621,1347000,542000,1182000,482000,Approved
2905,0,Not Graduate,Yes,537000,2166000,10,608,1646000,207000,1465000,345000,Approved
2906,2,Not Graduate,No,719000,5000000,10,781,1291000,357000,212000,1276000,Approved
2907,3,Graduate,Yes,1471000,5000000,25,768,2759000,1247000,4057000,1167000,Approved
2908,2,Not Graduate,No,709000,3662000,5,688,1234000,1171000,2282000,1302000,Approved
2909,1,Graduate,No,321000,1726000,20,641,115000,94000,60000,349000,Rejected
2910,3,Graduate,No,997000,5000000,10,703,604000,708000,328000,1244000,Approved
2911,3,Graduate,Yes,511000,1675000,20,656,1775000,1097000,1092000,150000,Rejected
2912,2,Graduate,No,2388000,5000000,20,634,1037000,1634000,9285000,1365000,Approved
2913,2,Graduate,Yes,699000,2801000,25,679,990000,294000,2723000,1363000,Approved
2914,3,Graduate,No,164000,973000,20,613,412000,219000,86000,238000,Rejected
2915,2,Graduate,No,883000,2538000,20,671,1465000,74000,2709000,866000,Approved
2916,0,Graduate,No,2478000,5000000,15,667,8536000,4980000,7915000,2643000,Approved
2917,2,Not Graduate,No,1950000,5000000,10,701,789000,1085000,6864000,431000,Approved
2918,3,Graduate,No,2301000,5000000,20,597,7130000,764000,621000,3630000,Approved
2919,1,Graduate,No,361000,1375000,20,710,264000,729000,1405000,68000,Approved
2920,0,Graduate,Yes,1266000,5000000,5,573,1210000,2667000,4184000,1019000,Rejected
2921,4,Not Graduate,No,438000,2771000,25,601,872000,805000,1082000,373000,Rejected
2922,4,Graduate,Yes,810000,4805000,15,605,2502000,475000,292000,993000,Rejected
2923,2,Graduate,Yes,306000,1901000,5,559,497000,403000,317000,263000,Rejected
2924,3,Graduate,No,460000,3374000,25,736,570000,1114000,668000,885000,Rejected
2925,5,Graduate,No,451000,2137000,20,568,715000,539000,1553000,724000,Rejected
2926,2,Graduate,Yes,1255000,5000000,20,591,755000,2979000,3851000,2410000,Rejected
2927,1,Not Graduate,No,1178000,5000000,10,757,3513000,1992000,4440000,1250000,Approved
2928,2,Not Graduate,No,838000,4884000,15,602,2706000,1770000,1465000,536000,Rejected
2929,4,Graduate,No,291000,1411000,20,634,717000,140000,1070000,571000,Rejected
2930,3,Not Graduate,No,572000,3810000,15,564,986000,1325000,2055000,119000,Rejected
2931,0,Graduate,No,431000,876000,20,721,976000,919000,74000,801000,Approved
2932,4,Graduate,No,1232000,4059000,10,722,2545000,2418000,1273000,292000,Approved
2933,3,Graduate,No,1506000,5000000,10,713,700000,3544000,4849000,2445000,Approved
2934,2,Graduate,No,1391000,5000000,5,696,2173000,2743000,3747000,2185000,Approved
2935,5,Graduate,No,428000,2158000,15,656,1028000,617000,415000,572000,Rejected
2936,3,Not Graduate,No,120000,502000,15,605,362000,195000,378000,189000,Rejected
2937,3,Graduate,No,222000,983000,20,581,322000,456000,296000,49000,Rejected
2938,4,Not Graduate,Yes,1764000,5000000,20,760,5154000,3304000,4319000,1373000,Approved
2939,0,Graduate,No,539000,3885000,10,715,1467000,797000,2019000,381000,Rejected
2940,3,Graduate,No,430000,3343000,20,591,1408000,643000,445000,845000,Rejected
2941,1,Graduate,No,2036000,5000000,10,653,7057000,4481000,643000,1978000,Approved
2942,4,Graduate,No,1593000,5000000,15,624,691000,39000,4261000,234000,Rejected
2943,4,Graduate,No,711000,2271000,25,554,1209000,1276000,2091000,395000,Approved
2944,3,Graduate,No,578000,2088000,20,665,1604000,817000,762000,980000,Rejected
2945,3,Not Graduate,No,642000,3580000,20,615,1884000,1345000,1237000,1148000,Rejected
2946,3,Graduate,Yes,811000,4815000,15,569,458000,417000,1666000,1507000,Rejected
2947,1,Graduate,Yes,1981000,5000000,10,524,4440000,2602000,6502000,656000,Approved
2948,2,Graduate,Yes,921000,5000000,20,517,2924000,294000,2582000,1282000,Rejected
2949,0,Graduate,No,1122000,3590000,20,618,1152000,1850000,1307000,936000,Rejected
2950,3,Graduate,No,1497000,5000000,20,643,2113000,2858000,1744000,2222000,Approved
2951,3,Graduate,No,327000,1256000,25,576,511000,510000,447000,542000,Rejected
2952,2,Not Graduate,No,1143000,5000000,15,705,1786000,1585000,765000,639000,Approved
2953,1,Not Graduate,No,578000,3695000,20,644,1212000,496000,360000,593000,Rejected
2954,2,Graduate,No,136000,705000,20,699,67000,218000,447000,94000,Rejected
2955,2,Not Graduate,No,176000,1218000,10,634,492000,396000,588000,165000,Rejected
2956,5,Not Graduate,No,361000,2483000,5,583,250000,651000,402000,223000,Rejected
2957,4,Graduate,No,989000,4291000,20,660,2871000,57000,3379000,704000,Approved
2958,2,Not Graduate,No,754000,5000000,15,543,267000,959000,1754000,438000,Rejected
2959,3,Graduate,Yes,789000,2554000,20,696,2224000,1453000,2270000,499000,Rejected
2960,0,Graduate,No,2488000,5000000,20,570,3575000,3136000,8792000,2928000,Approved
2961,0,Graduate,No,307000,832000,15,728,736000,454000,400000,375000,Approved
2962,2,Not Graduate,No,688000,3138000,20,621,601000,1568000,1846000,1270000,Rejected
2963,3,Not Graduate,No,853000,4369000,20,740,1722000,1864000,1112000,692000,Rejected
2964,0,Not Graduate,No,434000,1076000,15,555,546000,88000,1572000,578000,Rejected
2965,1,Graduate,No,713000,3405000,25,592,223000,910000,904000,1378000,Rejected
2966,2,Not Graduate,No,247000,1460000,5,682,647000,384000,627000,237000,Approved
2967,0,Graduate,Yes,1750000,5000000,25,749,1260000,3728000,1479000,2746000,Approved
2968,2,Not Graduate,No,449000,1044000,5,792,1485000,298000,692000,872000,Approved
2969,2,Not Graduate,No,2621000,5000000,10,654,5347000,916000,3854000,4168000,Approved
2970,4,Graduate,Yes,685000,2814000,20,806,209000,1023000,2073000,142000,Approved
2971,1,Graduate,No,1366000,5000000,10,625,4540000,1597000,1663000,583000,Approved
2972,0,Not Graduate,No,676000,4880000,15,743,490000,436000,931000,423000,Rejected
2973,0,Not Graduate,No,686000,2646000,10,570,2036000,1617000,94000,952000,Rejected
2974,0,Not Graduate,No,479000,3024000,20,686,648000,380000,638000,651000,Rejected
2975,3,Graduate,No,756000,4131000,20,451,1601000,104000,878000,240000,Rejected
2976,2,Graduate,Yes,861000,5000000,5,555,2561000,127000,1915000,797000,Rejected
2977,1,Graduate,No,420000,1079000,15,690,193000,211000,700000,366000,Approved
2978,4,Graduate,No,645000,3410000,10,538,1597000,188000,2531000,900000,Rejected
2979,3,Not Graduate,No,471000,2617000,25,686,365000,465000,1050000,263000,Rejected
2980,0,Graduate,No,3121000,5000000,10,727,8091000,628000,1198000,1603000,Approved
2981,1,Graduate,No,660000,1506000,20,607,537000,926000,2150000,801000,Rejected
2982,4,Graduate,No,1911000,4419000,15,568,707000,1951000,588000,404000,Rejected
2983,3,Not Graduate,Yes,616000,2909000,20,610,491000,921000,2073000,834000,Rejected
2984,4,Graduate,No,829000,5000000,25,568,1909000,2050000,1394000,752000,Rejected
2985,0,Graduate,Yes,297000,1842000,15,641,1026000,736000,101000,325000,Rejected
2986,3,Graduate,No,523000,1614000,20,659,1780000,545000,2046000,844000,Approved
2987,0,Graduate,Yes,803000,5000000,15,624,2157000,737000,1632000,324000,Rejected
2988,1,Graduate,No,1963000,5000000,20,792,5769000,3345000,6740000,902000,Approved
2989,3,Not Graduate,No,809000,5000000,15,589,2505000,744000,1408000,1462000,Rejected
2990,3,Graduate,No,1721000,4662000,10,768,3426000,3349000,3270000,2573000,Approved
2991,0,Graduate,Yes,1062000,5000000,10,561,1095000,1597000,1607000,597000,Rejected
2992,1,Graduate,Yes,2016000,5000000,10,656,4870000,1005000,3102000,2934000,Approved
2993,3,Graduate,Yes,674000,4675000,25,751,508000,699000,2153000,635000,Rejected
2994,0,Graduate,Yes,3310000,5000000,20,746,9809000,7147000,728000,4150000,Approved
2995,1,Graduate,No,511000,2130000,15,614,827000,707000,1027000,809000,Approved
2996,1,Graduate,No,425000,2669000,20,697,490000,754000,483000,58000,Approved
2997,0,Graduate,No,319000,1747000,20,686,957000,566000,725000,396000,Rejected
2998,3,Not Graduate,No,3185000,5000000,15,604,2089000,3839000,2992000,2261000,Approved
2999,0,Not Graduate,No,1192000,5000000,15,702,4076000,881000,1740000,1259000,Approved
3000,2,Graduate,No,563000,2107000,20,808,1881000,839000,1227000,427000,Approved
3001,3,Graduate,No,1576000,5000000,10,690,3543000,445000,4717000,2971000,Approved
3002,0,Not Graduate,No,1095000,5000000,20,698,2824000,1635000,4149000,1330000,Approved
3003,2,Graduate,No,2513000,5000000,10,707,1053000,645000,2634000,4274000,Approved
3004,1,Not Graduate,No,256000,747000,5,526,435000,577000,508000,141000,Rejected
3005,3,Not Graduate,No,589000,2274000,20,689,1844000,1095000,860000,448000,Approved
3006,3,Graduate,No,518000,3396000,20,564,174000,235000,1276000,821000,Rejected
3007,3,Graduate,No,194000,1389000,25,600,239000,381000,297000,98000,Rejected
3008,1,Not Graduate,No,1395000,3748000,10,834,1998000,2531000,667000,2790000,Approved
3009,3,Graduate,No,587000,3364000,20,628,1444000,1069000,1465000,785000,Rejected
3010,2,Graduate,No,1132000,5000000,25,587,2893000,949000,270000,2036000,Approved
3011,1,Graduate,No,3245000,5000000,20,748,1650000,4241000,869000,824000,Approved
3012,0,Graduate,No,556000,3351000,25,569,554000,814000,1973000,476000,Rejected
3013,0,Not Graduate,Yes,532000,4127000,25,612,1565000,501000,1859000,375000,Rejected
3014,1,Graduate,Yes,756000,3084000,20,756,691000,1059000,1735000,1469000,Rejected
3015,1,Graduate,No,1330000,5000000,25,654,1618000,811000,226000,442000,Approved
3016,4,Graduate,No,484000,2656000,20,517,396000,1059000,696000,730000,Rejected
3017,5,Graduate,No,464000,2124000,20,696,1259000,1114000,673000,594000,Approved
3018,0,Graduate,Yes,1392000,5000000,25,616,538000,1137000,4053000,2381000,Approved
3019,4,Not Graduate,Yes,895000,2162000,20,781,1133000,766000,2923000,1750000,Approved
3020,3,Graduate,No,185000,535000,10,598,371000,100000,274000,300000,Approved
3021,2,Graduate,No,316000,2405000,15,739,101000,683000,551000,171000,Approved
3022,5,Not Graduate,No,1857000,4475000,15,801,6226000,758000,1813000,3114000,Approved
3023,3,Graduate,Yes,909000,5000000,25,578,2801000,1815000,2671000,979000,Rejected
3024,2,Graduate,No,427000,2787000,10,634,1013000,889000,624000,565000,Rejected
3025,1,Graduate,No,627000,1299000,15,683,1069000,496000,1788000,374000,Approved
3026,1,Graduate,No,706000,2356000,20,577,563000,1371000,2017000,1159000,Rejected
3027,4,Graduate,No,1129000,4812000,5,673,2339000,1279000,801000,1035000,Approved
3028,1,Graduate,No,290000,1462000,25,631,309000,253000,1030000,472000,Approved
3029,0,Not Graduate,No,405000,1640000,20,629,948000,905000,1343000,358000,Rejected
3030,1,Graduate,No,836000,4927000,10,654,640000,948000,1984000,1047000,Approved
3031,2,Graduate,Yes,656000,2203000,15,656,1702000,91000,286000,165000,Approved
3032,1,Graduate,No,1015000,2185000,20,664,1353000,1610000,764000,234000,Approved
3033,4,Not Graduate,Yes,315000,633000,20,599,600000,518000,145000,601000,Approved
3034,2,Graduate,No,883000,3597000,15,603,722000,1401000,1685000,1294000,Rejected
3035,4,Not Graduate,No,1423000,5000000,15,640,1594000,1282000,1616000,550000,Rejected
3036,2,Graduate,No,961000,5000000,25,646,1673000,1630000,3210000,1168000,Rejected
3037,2,Graduate,No,766000,1738000,20,613,1353000,557000,1379000,1205000,Rejected
3038,0,Graduate,No,658000,3409000,20,678,2303000,764000,1226000,801000,Approved
3039,1,Graduate,No,407000,2225000,15,496,559000,220000,1504000,376000,Rejected
3040,4,Graduate,No,668000,4139000,25,588,381000,1024000,1572000,1121000,Rejected
3041,3,Graduate,No,1587000,5000000,20,626,3138000,3216000,2556000,236000,Approved
3042,2,Graduate,No,648000,1328000,15,577,862000,158000,2550000,833000,Rejected
3043,4,Not Graduate,No,393000,2276000,25,788,1222000,27000,748000,382000,Approved
3044,3,Not Graduate,No,508000,1999000,25,652,494000,967000,1199000,667000,Approved
3045,0,Graduate,No,798000,5000000,20,665,2424000,644000,1269000,492000,Rejected
3046,2,Graduate,No,549000,1718000,20,609,1330000,444000,1488000,201000,Approved
3047,3,Not Graduate,No,960000,5000000,15,649,866000,1355000,3001000,1872000,Rejected
3048,3,Graduate,No,983000,5000000,20,547,1570000,1196000,2508000,1706000,Approved
3049,0,Graduate,Yes,1248000,5000000,10,636,2341000,379000,1334000,2274000,Rejected
3050,1,Graduate,Yes,1766000,5000000,20,570,3479000,3357000,6667000,2736000,Rejected
3051,2,Graduate,No,1337000,5000000,15,626,2100000,589000,2802000,236000,Approved
3052,1,Graduate,No,381000,2447000,15,432,827000,787000,1265000,486000,Rejected
3053,0,Graduate,No,389000,1920000,25,554,1009000,743000,52000,309000,Rejected
3054,2,Graduate,No,666000,2692000,10,774,1279000,278000,1411000,467000,Approved
3055,2,Graduate,Yes,522000,1566000,20,721,1163000,989000,1957000,280000,Approved
3056,0,Not Graduate,No,334000,1249000,15,762,1019000,552000,930000,134000,Approved
3057,2,Graduate,No,525000,3456000,5,768,994000,1289000,286000,169000,Approved
3058,0,Graduate,No,514000,2291000,5,707,839000,915000,1475000,147000,Approved
3059,1,Graduate,No,452000,2810000,15,612,494000,441000,72000,650000,Rejected
3060,3,Graduate,No,570000,3671000,15,562,411000,884000,877000,1063000,Rejected
3061,4,Not Graduate,No,1506000,5000000,15,747,1860000,2492000,1541000,1192000,Approved
3062,1,Graduate,No,797000,4815000,20,655,1275000,1486000,863000,205000,Approved
3063,4,Graduate,No,3490000,5000000,15,862,9582000,4089000,914000,1680000,Approved
3064,4,Not Graduate,No,782000,3996000,5,619,779000,1618000,1960000,1178000,Rejected
3065,2,Graduate,No,580000,1848000,15,818,1477000,416000,1736000,423000,Approved
3066,5,Graduate,No,702000,4954000,10,637,388000,1691000,869000,942000,Rejected
3067,1,Graduate,No,827000,5000000,5,764,667000,642000,1975000,373000,Approved
3068,0,Graduate,Yes,929000,4458000,10,794,1249000,87000,1895000,1417000,Approved
3069,4,Graduate,No,2700000,5000000,20,563,4869000,1351000,10728000,3584000,Rejected
3070,2,Graduate,No,404000,3227000,20,609,355000,937000,1320000,195000,Rejected
3071,1,Graduate,No,1223000,5000000,25,562,805000,2416000,4635000,2284000,Rejected
3072,0,Graduate,No,801000,5000000,20,545,1691000,880000,2655000,856000,Rejected
3073,0,Graduate,Yes,252000,1477000,20,707,408000,570000,672000,121000,Rejected
3074,0,Graduate,No,1155000,3954000,15,633,1884000,712000,436000,1334000,Approved
3075,1,Graduate,No,1596000,3643000,5,654,2052000,932000,5499000,1372000,Approved
3076,5,Graduate,No,401000,1893000,20,697,597000,129000,1230000,737000,Approved
3077,1,Graduate,No,696000,4679000,15,492,619000,770000,835000,455000,Rejected
3078,3,Graduate,Yes,228000,901000,15,759,266000,293000,262000,405000,Approved
3079,0,Graduate,No,309000,2072000,25,620,629000,112000,663000,463000,Rejected
3080,1,Graduate,No,1383000,5000000,10,695,2726000,396000,1665000,1903000,Approved
3081,4,Not Graduate,No,517000,3192000,5,703,1654000,505000,2009000,211000,Rejected
3082,1,Graduate,No,340000,1263000,25,767,1008000,198000,291000,74000,Approved
3083,1,Not Graduate,No,813000,3919000,15,641,262000,1167000,568000,1411000,Rejected
3084,3,Graduate,No,498000,1539000,15,469,516000,653000,134000,579000,Rejected
3085,0,Graduate,No,515000,1792000,10,655,1617000,209000,1161000,995000,Approved
3086,0,Graduate,No,1132000,2874000,15,667,1480000,38000,3382000,1196000,Rejected
3087,5,Graduate,No,329000,908000,25,562,602000,530000,785000,396000,Rejected
3088,2,Not Graduate,No,389000,1269000,20,663,957000,752000,355000,776000,Approved
3089,3,Graduate,No,774000,4243000,15,619,1578000,945000,2865000,1119000,Rejected
3090,0,Graduate,Yes,1314000,5000000,15,536,415000,1891000,2075000,988000,Rejected
3091,1,Not Graduate,Yes,1565000,5000000,15,707,1504000,3763000,1016000,2604000,Approved
3092,2,Graduate,Yes,454000,3254000,20,602,282000,871000,384000,284000,Rejected
3093,3,Graduate,No,1287000,5000000,15,615,1077000,1074000,2328000,1382000,Rejected
3094,1,Graduate,Yes,420000,3166000,10,611,324000,893000,934000,216000,Rejected
3095,4,Not Graduate,Yes,2294000,5000000,20,755,5260000,3146000,5610000,4564000,Approved
3096,3,Graduate,Yes,335000,702000,25,647,536000,437000,129000,627000,Approved
3097,2,Not Graduate,Yes,1660000,5000000,25,657,852000,2871000,5782000,2912000,Rejected
3098,2,Graduate,No,457000,3265000,20,613,257000,491000,645000,380000,Approved
3099,2,Not Graduate,No,2591000,5000000,20,689,8657000,5705000,2880000,3810000,Approved
3100,3,Not Graduate,No,1028000,5000000,20,765,818000,430000,2859000,574000,Approved
3101,0,Not Graduate,Yes,362000,1708000,25,705,403000,382000,902000,293000,Rejected
3102,4,Graduate,No,499000,2442000,5,708,1067000,81000,1982000,808000,Rejected
3103,2,Graduate,No,1163000,5000000,15,702,1045000,2051000,1978000,186000,Rejected
3104,4,Not Graduate,Yes,1388000,5000000,10,533,1294000,938000,1131000,203000,Rejected
3105,5,Graduate,No,669000,2045000,25,576,356000,712000,2605000,896000,Rejected
3106,0,Not Graduate,No,721000,1694000,25,633,2479000,1598000,1427000,1125000,Approved
3107,1,Not Graduate,No,1146000,3160000,20,588,2566000,534000,3071000,914000,Approved
3108,2,Graduate,No,763000,2677000,15,560,1522000,4000,202000,1042000,Rejected
3109,2,Graduate,No,302000,1270000,25,491,949000,436000,426000,547000,Rejected
3110,3,Graduate,Yes,413000,3037000,5,536,909000,452000,1631000,101000,Rejected
3111,0,Graduate,Yes,816000,2803000,10,628,932000,112000,3151000,1362000,Approved
3112,2,Graduate,No,1542000,5000000,20,644,2793000,1142000,6073000,1826000,Approved
3113,4,Graduate,No,2001000,5000000,20,583,3658000,1196000,6630000,1748000,Approved
3114,5,Not Graduate,No,1162000,5000000,25,657,1829000,757000,2384000,175000,Approved
3115,0,Graduate,No,844000,4813000,15,613,2289000,1666000,1967000,674000,Rejected
3116,5,Graduate,No,1139000,5000000,15,743,741000,868000,446000,1820000,Approved
3117,0,Graduate,Yes,454000,3501000,15,636,368000,556000,1450000,503000,Approved
3118,2,Graduate,No,634000,5000000,5,709,945000,421000,1916000,250000,Rejected
3119,1,Graduate,Yes,410000,2880000,25,667,216000,974000,1174000,206000,Rejected
3120,2,Not Graduate,No,311000,2125000,15,531,1076000,602000,495000,530000,Rejected
3121,0,Not Graduate,No,869000,3647000,10,642,1639000,920000,988000,777000,Rejected
3122,1,Graduate,Yes,790000,4328000,15,545,364000,1436000,2574000,187000,Rejected
3123,1,Not Graduate,Yes,1095000,4499000,20,641,2459000,862000,4271000,2133000,Approved
3124,4,Graduate,No,998000,5000000,25,587,2794000,205000,1748000,543000,Rejected
3125,2,Graduate,No,820000,2485000,10,682,1316000,883000,260000,1315000,Approved
3126,3,Graduate,Yes,1005000,3317000,10,536,1847000,1419000,3631000,75000,Approved
3127,3,Not Graduate,Yes,681000,1520000,25,651,1731000,595000,1899000,375000,Approved
3128,1,Graduate,No,915000,5000000,20,699,959000,919000,2487000,647000,Rejected
3129,0,Not Graduate,No,437000,2679000,15,727,967000,781000,1653000,754000,Approved
3130,0,Graduate,No,890000,1798000,10,585,2064000,1992000,2416000,1343000,Approved
3131,2,Not Graduate,No,1081000,5000000,25,652,3108000,2416000,2711000,703000,Rejected
3132,4,Graduate,No,453000,1930000,20,666,1428000,652000,1300000,718000,Approved
3133,1,Not Graduate,No,724000,4890000,10,782,2397000,1139000,1439000,1180000,Rejected
3134,3,Graduate,No,467000,1043000,10,524,329000,622000,569000,490000,Approved
3135,3,Graduate,Yes,497000,1139000,10,573,1447000,461000,538000,517000,Approved
3136,4,Not Graduate,Yes,337000,1928000,15,888,829000,622000,988000,352000,Approved
3137,1,Graduate,No,1594000,5000000,10,627,2369000,443000,1668000,600000,Approved
3138,4,Not Graduate,No,1399000,5000000,10,489,4551000,3127000,5220000,2287000,Rejected
3139,2,Graduate,Yes,993000,5000000,10,600,3031000,704000,1660000,1433000,Rejected
3140,2,Not Graduate,No,2523000,5000000,15,415,7009000,1380000,6486000,4305000,Rejected
3141,3,Graduate,No,619000,2406000,15,670,300000,424000,165000,1016000,Approved
3142,1,Graduate,No,5000000,5000000,15,719,4332000,10146000,9254000,7908000,Approved
3143,3,Graduate,No,604000,4751000,20,573,1956000,406000,1002000,949000,Rejected
3144,3,Graduate,No,826000,2185000,15,610,2844000,1259000,2514000,1563000,Approved
3145,3,Graduate,No,541000,3666000,25,729,642000,464000,171000,666000,Rejected
3146,4,Not Graduate,No,892000,1846000,25,501,1059000,1464000,1489000,1485000,Rejected
3147,2,Not Graduate,No,1205000,5000000,25,538,2715000,1782000,4153000,1943000,Approved
3148,0,Graduate,No,650000,1898000,10,631,353000,1621000,1760000,375000,Approved
3149,1,Not Graduate,No,2222000,5000000,15,586,4900000,1727000,6959000,2562000,Approved
3150,4,Graduate,No,818000,5000000,20,625,2781000,715000,2517000,1205000,Rejected
3151,2,Graduate,No,835000,1836000,10,543,1044000,415000,2239000,210000,Approved
3152,4,Graduate,No,388000,1157000,10,668,1039000,450000,631000,421000,Rejected
3153,1,Not Graduate,No,919000,3727000,5,637,1819000,1924000,1523000,51000,Rejected
3154,2,Not Graduate,Yes,642000,2269000,20,697,783000,339000,192000,333000,Approved
3155,4,Graduate,No,471000,2025000,20,667,763000,1132000,405000,470000,Approved
3156,3,Graduate,No,423000,3262000,15,668,873000,14000,963000,274000,Rejected
3157,1,Graduate,No,3975000,5000000,25,527,10880000,8001000,14273000,6176000,Approved
3158,0,Graduate,Yes,590000,2678000,20,692,1198000,1020000,1468000,763000,Rejected
3159,4,Graduate,No,272000,1290000,5,622,887000,616000,438000,156000,Approved
3160,3,Not Graduate,No,445000,1639000,15,636,300000,581000,1488000,37000,Approved
3161,2,Not Graduate,No,677000,2485000,5,739,2278000,1153000,1253000,370000,Approved
3162,2,Graduate,No,999000,5000000,25,589,2060000,123000,1112000,1061000,Rejected
3163,1,Not Graduate,No,1004000,5000000,20,765,1560000,990000,414000,1542000,Approved
3164,2,Graduate,No,1087000,5000000,20,773,591000,2094000,3621000,1333000,Approved
3165,0,Graduate,No,460000,2038000,20,714,574000,125000,1151000,73000,Approved
3166,1,Not Graduate,No,873000,4924000,15,567,1485000,1708000,2065000,838000,Approved
3167,4,Graduate,No,396000,2915000,25,464,1306000,305000,1153000,761000,Rejected
3168,1,Graduate,Yes,468000,3327000,25,742,1273000,413000,1151000,848000,Approved
3169,3,Graduate,Yes,386000,2903000,20,659,189000,625000,566000,578000,Approved
3170,2,Graduate,No,323000,1167000,15,587,436000,63000,810000,195000,Approved
3171,0,Graduate,No,1398000,5000000,5,750,2618000,2183000,903000,130000,Approved
3172,1,Graduate,No,1095000,5000000,5,577,3307000,2501000,1374000,1029000,Rejected
3173,0,Graduate,No,1321000,5000000,10,614,3678000,310000,2900000,1031000,Rejected
3174,3,Graduate,No,718000,4312000,20,695,712000,454000,265000,982000,Rejected
3175,4,Graduate,Yes,1160000,5000000,20,555,535000,40000,3834000,218000,Approved
3176,3,Graduate,No,223000,1037000,25,641,161000,289000,61000,413000,Rejected
3177,3,Not Graduate,Yes,1227000,5000000,10,743,2344000,2242000,1905000,1822000,Approved
3178,4,Graduate,No,785000,4861000,15,668,461000,1818000,1470000,1526000,Rejected
3179,3,Graduate,No,1052000,5000000,5,756,1156000,968000,2898000,1828000,Approved
3180,2,Not Graduate,No,896000,5000000,25,746,2624000,333000,631000,796000,Approved
3181,3,Not Graduate,No,369000,1160000,20,651,585000,27000,1219000,495000,Rejected
3182,2,Graduate,No,264000,1081000,15,451,921000,215000,465000,449000,Rejected
3183,0,Graduate,No,441000,1920000,20,556,1199000,565000,476000,197000,Rejected
3184,3,Graduate,Yes,1011000,5000000,20,715,1160000,2277000,489000,70000,Approved
3185,3,Graduate,No,1096000,5000000,15,518,355000,593000,4065000,712000,Rejected
3186,1,Graduate,No,288000,2016000,10,622,572000,563000,482000,260000,Rejected
3187,5,Graduate,No,370000,2491000,15,679,947000,445000,587000,469000,Rejected
3188,0,Graduate,No,437000,2437000,15,775,788000,948000,351000,246000,Approved
3189,3,Graduate,No,555000,1576000,20,601,1776000,1198000,1151000,506000,Approved
3190,5,Graduate,No,289000,1680000,15,595,797000,620000,389000,380000,Rejected
3191,1,Graduate,No,278000,2036000,20,646,546000,279000,208000,461000,Rejected
3192,4,Not Graduate,Yes,410000,2402000,20,680,148000,355000,1245000,202000,Rejected
3193,3,Graduate,No,740000,5000000,20,637,1023000,383000,2666000,1191000,Approved
3194,3,Graduate,No,325000,2598000,25,739,612000,186000,479000,611000,Rejected
3195,5,Not Graduate,No,649000,2697000,15,582,714000,1000000,790000,551000,Rejected
3196,3,Graduate,No,1393000,5000000,20,660,4152000,3350000,2168000,1569000,Approved
3197,2,Graduate,No,300000,1572000,5,688,497000,454000,1112000,21000,Approved
3198,3,Graduate,No,612000,2895000,20,616,583000,631000,1454000,878000,Approved
3199,2,Graduate,Yes,1363000,4688000,20,721,3807000,826000,1018000,2386000,Approved
3200,1,Graduate,No,533000,1852000,10,663,1197000,869000,1368000,47000,Approved
3201,0,Graduate,No,482000,1499000,5,717,449000,254000,802000,817000,Approved
3202,1,Not Graduate,No,1491000,5000000,20,666,2989000,348000,250000,508000,Approved
3203,3,Graduate,No,574000,1637000,20,682,1448000,134000,2229000,971000,Approved
3204,4,Graduate,No,1435000,5000000,20,596,2490000,3051000,787000,1588000,Rejected
3205,5,Graduate,Yes,925000,4754000,15,596,1173000,884000,1584000,714000,Rejected
3206,1,Not Graduate,No,560000,2592000,20,754,1404000,1316000,1492000,1056000,Approved
3207,2,Graduate,No,956000,5000000,20,704,2389000,1187000,2281000,1189000,Approved
3208,2,Graduate,No,862000,4016000,10,563,305000,1490000,100000,108000,Rejected
3209,0,Graduate,No,1359000,3393000,20,665,1426000,2810000,3358000,2098000,Rejected
3210,2,Graduate,No,490000,3897000,20,448,1160000,1071000,1439000,199000,Rejected
3211,1,Not Graduate,No,719000,5000000,20,601,731000,292000,2453000,1330000,Rejected
3212,4,Graduate,No,673000,4011000,15,732,2275000,365000,550000,252000,Approved
3213,1,Not Graduate,No,1106000,5000000,15,639,908000,415000,269000,1107000,Rejected
3214,3,Graduate,No,359000,994000,25,660,967000,400000,1358000,384000,Rejected
3215,4,Graduate,No,1356000,5000000,25,394,4739000,526000,3734000,1559000,Rejected
3216,3,Graduate,No,948000,3078000,15,617,1336000,1543000,1777000,1033000,Approved
3217,1,Not Graduate,No,297000,1465000,25,679,662000,269000,870000,269000,Approved
3218,1,Graduate,Yes,1535000,4709000,10,690,980000,3700000,1094000,2210000,Approved
3219,5,Graduate,Yes,2991000,5000000,25,732,6849000,6106000,11479000,1057000,Approved
3220,0,Not Graduate,No,1342000,4664000,10,632,4643000,2430000,3558000,2127000,Rejected
3221,0,Graduate,No,1770000,5000000,15,636,6041000,3048000,6231000,218000,Rejected
3222,5,Graduate,No,740000,1965000,25,537,1197000,73000,1681000,1252000,Rejected
3223,3,Graduate,No,238000,1505000,10,633,696000,50000,767000,360000,Approved
3224,3,Not Graduate,No,211000,797000,20,543,621000,228000,291000,338000,Rejected
3225,0,Graduate,No,826000,4221000,20,493,1113000,1889000,511000,520000,Rejected
3226,2,Graduate,No,476000,1901000,10,558,1396000,112000,704000,812000,Rejected
3227,4,Not Graduate,No,386000,2566000,25,778,316000,405000,1389000,540000,Approved
3228,1,Graduate,No,672000,2257000,20,627,2307000,1334000,1897000,1303000,Rejected
3229,1,Graduate,No,1044000,5000000,25,669,3200000,835000,1962000,93000,Approved
3230,0,Graduate,No,272000,1068000,25,606,526000,632000,277000,433000,Approved
3231,2,Graduate,No,523000,1372000,5,498,802000,1222000,1272000,662000,Rejected
3232,1,Graduate,No,1868000,5000000,15,730,6215000,266000,4506000,3696000,Approved
3233,4,Graduate,Yes,348000,850000,15,465,184000,536000,755000,318000,Rejected
3234,1,Graduate,No,1232000,5000000,20,603,2334000,448000,3668000,733000,Rejected
3235,0,Not Graduate,No,511000,1789000,5,645,950000,563000,535000,902000,Approved
3236,5,Graduate,No,998000,5000000,15,670,1517000,2240000,2089000,684000,Rejected
3237,5,Graduate,No,1428000,5000000,20,588,943000,262000,1860000,2028000,Rejected
3238,3,Graduate,Yes,1133000,3852000,10,494,1251000,2655000,1022000,790000,Rejected
3239,4,Not Graduate,Yes,1264000,5000000,20,582,4356000,3142000,1767000,2394000,Rejected
3240,0,Not Graduate,Yes,331000,1051000,15,586,955000,555000,1070000,356000,Rejected
3241,2,Not Graduate,No,1444000,4437000,5,584,4307000,1286000,786000,973000,Approved
3242,1,Not Graduate,Yes,402000,1529000,10,732,776000,252000,472000,665000,Approved
3243,2,Not Graduate,Yes,829000,2197000,10,547,2004000,897000,1806000,142000,Rejected
3244,3,Not Graduate,No,828000,2593000,20,676,1586000,372000,1378000,193000,Rejected
3245,4,Graduate,No,959000,5000000,10,663,2366000,48000,3191000,1613000,Rejected
3246,0,Graduate,No,871000,5000000,20,732,2668000,137000,2734000,593000,Rejected
3247,1,Graduate,No,404000,3041000,20,639,435000,670000,1109000,159000,Approved
3248,5,Graduate,No,291000,1030000,10,717,973000,15000,350000,348000,Approved
3249,2,Graduate,No,1234000,5000000,25,635,3978000,930000,226000,674000,Approved
3250,1,Graduate,No,790000,3297000,25,687,1297000,1336000,1046000,1560000,Approved
3251,1,Graduate,No,1478000,4235000,5,522,5063000,646000,3612000,2439000,Rejected
3252,1,Graduate,No,680000,4643000,25,426,2124000,565000,337000,1213000,Rejected
3253,2,Graduate,No,281000,663000,15,682,120000,22000,931000,471000,Approved
3254,2,Graduate,Yes,1312000,5000000,20,687,570000,369000,5179000,2332000,Approved
3255,2,Not Graduate,No,550000,3804000,10,690,1410000,311000,1637000,390000,Approved
3256,2,Graduate,No,874000,4985000,20,605,2454000,276000,1501000,1191000,Approved
3257,2,Graduate,Yes,460000,2350000,20,777,504000,543000,1476000,837000,Approved
3258,0,Graduate,No,2038000,5000000,25,611,3864000,647000,2370000,2828000,Rejected
3259,0,Graduate,No,396000,970000,25,686,802000,302000,1513000,790000,Approved
3260,1,Not Graduate,No,562000,4466000,5,701,970000,1017000,860000,977000,Rejected
3261,4,Graduate,No,751000,2290000,20,796,391000,1228000,2096000,141000,Approved
3262,3,Not Graduate,No,344000,1215000,15,623,344000,329000,60000,354000,Approved
3263,0,Graduate,Yes,868000,2965000,10,594,2523000,2020000,2222000,510000,Rejected
3264,2,Not Graduate,No,1996000,5000000,10,523,1066000,3928000,2504000,3506000,Approved
3265,2,Graduate,Yes,509000,3350000,25,782,1166000,773000,254000,956000,Rejected
3266,2,Graduate,No,905000,4293000,20,686,2108000,988000,1621000,1045000,Rejected
3267,3,Graduate,No,120000,928000,5,689,403000,18000,62000,20000,Rejected
3268,5,Graduate,Yes,683000,1582000,25,900,2363000,705000,561000,496000,Approved
3269,0,Not Graduate,No,571000,4204000,20,678,1898000,778000,2050000,239000,Approved
3270,2,Not Graduate,No,411000,971000,15,539,835000,1018000,143000,445000,Rejected
3271,2,Graduate,No,1414000,5000000,15,633,613000,3364000,3588000,2786000,Rejected
3272,2,Not Graduate,Yes,566000,1315000,20,567,672000,159000,190000,407000,Rejected
3273,0,Graduate,Yes,624000,4988000,20,616,1137000,1528000,1810000,924000,Rejected
3274,2,Not Graduate,Yes,548000,4103000,15,616,233000,1034000,2145000,915000,Rejected
3275,0,Graduate,No,201000,1107000,20,600,84000,343000,357000,335000,Rejected
3276,3,Graduate,Yes,335000,1108000,5,532,448000,757000,1298000,114000,Rejected
3277,3,Graduate,Yes,1307000,4784000,20,785,2012000,1062000,3401000,671000,Approved
3278,1,Graduate,No,178000,836000,15,675,384000,178000,431000,86000,Approved
3279,5,Not Graduate,No,425000,1673000,15,631,1396000,925000,326000,268000,Approved
3280,3,Graduate,No,540000,1149000,15,714,838000,140000,2060000,76000,Approved
3281,2,Graduate,No,2174000,5000000,20,690,987000,3854000,7522000,2395000,Approved
3282,5,Not Graduate,Yes,1154000,5000000,15,673,2340000,2336000,708000,1725000,Approved
3283,3,Graduate,No,487000,3616000,15,708,704000,1078000,103000,272000,Approved
3284,0,Graduate,No,1634000,5000000,10,661,5202000,895000,2451000,2120000,Approved
3285,2,Graduate,No,433000,1762000,25,707,728000,735000,313000,482000,Approved
3286,2,Graduate,No,1349000,5000000,10,714,1794000,289000,1903000,328000,Approved
3287,3,Not Graduate,Yes,289000,916000,15,664,756000,622000,1109000,150000,Approved
3288,4,Graduate,No,1406000,5000000,10,631,2641000,1694000,4867000,732000,Rejected
3289,2,Graduate,Yes,538000,3562000,20,780,1117000,840000,977000,540000,Approved
3290,0,Graduate,No,359000,1049000,15,609,282000,764000,422000,457000,Approved
3291,2,Graduate,No,608000,2377000,15,683,912000,769000,1431000,388000,Approved
3292,3,Graduate,No,838000,5000000,25,685,376000,1066000,3148000,250000,Approved
3293,1,Graduate,No,507000,2552000,20,598,1377000,589000,1614000,292000,Rejected
3294,0,Not Graduate,Yes,1003000,5000000,20,581,1089000,1506000,3495000,129000,Rejected
3295,1,Graduate,No,479000,3034000,15,620,328000,859000,1470000,723000,Rejected
3296,3,Not Graduate,No,1048000,5000000,25,608,2291000,2110000,2163000,1482000,Rejected
3297,0,Graduate,No,933000,2256000,25,526,2010000,70000,608000,1267000,Approved
3298,1,Not Graduate,Yes,673000,4592000,20,595,882000,586000,2216000,844000,Rejected
3299,0,Graduate,No,525000,3957000,20,673,1774000,568000,1385000,331000,Rejected
3300,2,Not Graduate,No,772000,1791000,25,758,1802000,190000,2404000,212000,Approved
3301,0,Graduate,No,1001000,2730000,25,697,3268000,1881000,2966000,1219000,Approved
3302,0,Graduate,No,2674000,5000000,10,429,3374000,3495000,2834000,3954000,Rejected
3303,3,Graduate,No,1289000,5000000,25,705,2663000,6000,1565000,2103000,Approved
3304,0,Not Graduate,No,1320000,5000000,20,603,2143000,2084000,4541000,1936000,Rejected
3305,0,Not Graduate,No,5000000,5000000,20,689,8113000,4238000,8442000,6672000,Approved
3306,2,Not Graduate,No,979000,5000000,15,649,443000,1779000,776000,1623000,Rejected
3307,0,Graduate,No,959000,4821000,15,634,962000,431000,2500000,1473000,Rejected
3308,0,Graduate,No,1106000,3142000,20,641,3409000,3000,1397000,2093000,Approved
3309,2,Graduate,No,363000,921000,20,648,1096000,79000,946000,22000,Rejected
3310,1,Graduate,Yes,525000,2432000,10,764,334000,578000,1261000,176000,Approved
3311,2,Graduate,No,504000,3799000,20,648,180000,942000,1354000,595000,Rejected
3312,5,Not Graduate,No,1066000,5000000,10,742,668000,1609000,4237000,887000,Approved
3313,2,Graduate,No,625000,2593000,20,730,1465000,23000,738000,446000,Approved
3314,2,Graduate,No,766000,5000000,20,707,818000,1133000,2991000,1152000,Rejected
3315,4,Graduate,No,1419000,5000000,20,498,3889000,1711000,4367000,1553000,Rejected
3316,2,Graduate,No,1227000,5000000,10,745,391000,2443000,4216000,1321000,Approved
3317,3,Graduate,No,630000,1700000,10,611,1632000,404000,2035000,93000,Approved
3318,2,Graduate,No,453000,2910000,15,711,1421000,814000,86000,430000,Rejected
3319,2,Graduate,No,1464000,5000000,20,567,649000,2312000,3022000,1809000,Approved
3320,4,Graduate,No,1158000,5000000,25,549,3562000,1804000,593000,690000,Rejected
3321,0,Graduate,No,246000,972000,20,818,796000,249000,671000,127000,Approved
3322,4,Not Graduate,No,571000,2636000,20,569,1150000,18000,190000,642000,Rejected
3323,2,Graduate,No,780000,2348000,15,747,944000,366000,179000,1426000,Approved
3324,2,Not Graduate,No,1161000,5000000,10,660,2439000,2450000,4222000,322000,Approved
3325,2,Not Graduate,No,1265000,3183000,25,614,1637000,1951000,4651000,826000,Rejected
3326,1,Graduate,No,842000,4963000,20,646,2767000,1217000,2133000,138000,Rejected
3327,0,Graduate,No,1024000,5000000,10,539,2089000,1346000,1939000,701000,Rejected
3328,4,Not Graduate,Yes,730000,2151000,20,649,2085000,140000,2432000,1026000,Rejected
3329,2,Graduate,No,452000,1895000,20,558,1018000,393000,1745000,303000,Approved
3330,4,Graduate,No,591000,1335000,15,616,723000,915000,184000,489000,Approved
3331,1,Not Graduate,No,709000,3786000,5,729,1347000,223000,357000,1329000,Approved
3332,1,Not Graduate,No,684000,5000000,20,672,2131000,1575000,2483000,497000,Rejected
3333,1,Not Graduate,Yes,206000,943000,5,524,314000,37000,100000,227000,Rejected
3334,1,Not Graduate,No,541000,4296000,15,722,753000,919000,1561000,1012000,Rejected
3335,2,Graduate,No,726000,2002000,20,649,2440000,547000,1640000,756000,Approved
3336,4,Graduate,No,583000,2539000,25,604,798000,1259000,1244000,223000,Approved
3337,4,Not Graduate,Yes,596000,4417000,15,713,1818000,1232000,287000,196000,Rejected
3338,2,Graduate,No,961000,5000000,5,636,837000,801000,2827000,1733000,Rejected
3339,1,Graduate,No,347000,1368000,20,551,983000,401000,849000,617000,Rejected
3340,2,Graduate,No,243000,1475000,15,807,551000,583000,905000,131000,Approved
3341,2,Not Graduate,No,558000,4083000,25,649,382000,848000,1103000,706000,Approved
3342,3,Graduate,No,1150000,5000000,20,643,580000,17000,4207000,431000,Rejected
3343,2,Not Graduate,No,2096000,5000000,15,616,2630000,4073000,1713000,1051000,Approved
3344,0,Graduate,No,1164000,3394000,20,750,2798000,1051000,1042000,2148000,Approved
3345,0,Graduate,Yes,270000,658000,15,605,392000,186000,1026000,225000,Rejected
3346,5,Graduate,Yes,602000,3424000,20,519,703000,1252000,294000,275000,Rejected
3347,3,Not Graduate,No,827000,4136000,25,592,1788000,2000000,846000,887000,Rejected
3348,4,Graduate,No,786000,2695000,10,763,2632000,122000,512000,1344000,Approved
3349,1,Not Graduate,No,994000,3734000,15,721,686000,970000,2851000,1664000,Approved
3350,2,Graduate,No,386000,1680000,25,628,912000,270000,1213000,518000,Rejected
3351,1,Graduate,No,730000,3630000,15,767,2350000,1638000,2640000,1194000,Approved
3352,4,Graduate,Yes,920000,3994000,15,714,1869000,1996000,619000,1445000,Approved
3353,1,Not Graduate,No,1197000,5000000,5,627,4052000,2697000,1622000,2309000,Approved
3354,3,Graduate,Yes,415000,1118000,15,636,919000,44000,555000,551000,Approved
3355,0,Not Graduate,No,559000,4021000,20,678,1371000,70000,2178000,680000,Approved
3356,0,Graduate,No,121000,684000,15,579,343000,167000,287000,220000,Rejected
3357,0,Graduate,No,467000,1343000,15,650,439000,195000,661000,353000,Approved
3358,2,Graduate,No,498000,2263000,15,676,1042000,140000,630000,504000,Approved
3359,4,Graduate,No,361000,1625000,20,507,818000,235000,485000,623000,Rejected
3360,5,Graduate,No,780000,4371000,25,634,534000,1383000,2244000,1528000,Rejected
3361,2,Graduate,Yes,675000,3816000,20,624,1186000,1133000,1513000,588000,Approved
3362,2,Graduate,No,161000,945000,20,737,445000,316000,408000,193000,Rejected
3363,3,Graduate,Yes,805000,4981000,20,493,346000,126000,1558000,1355000,Rejected
3364,0,Graduate,No,383000,1004000,10,618,622000,734000,78000,407000,Rejected
3365,3,Graduate,No,960000,3676000,15,609,736000,1177000,2669000,805000,Approved
3366,3,Graduate,No,304000,640000,5,732,262000,238000,889000,54000,Approved
3367,2,Graduate,No,714000,3376000,15,646,1385000,1089000,573000,331000,Rejected
3368,0,Graduate,Yes,582000,2664000,25,803,230000,1163000,1532000,405000,Approved
3369,1,Graduate,No,852000,5000000,15,706,1414000,221000,3001000,710000,Approved
3370,1,Graduate,No,759000,2279000,25,615,290000,1532000,1860000,1187000,Approved
3371,4,Graduate,No,593000,3433000,10,670,1934000,844000,1605000,223000,Rejected
3372,2,Graduate,Yes,258000,991000,15,620,806000,400000,731000,49000,Approved
3373,2,Graduate,No,268000,1150000,15,723,262000,589000,366000,321000,Approved
3374,2,Not Graduate,No,479000,3025000,10,537,245000,850000,336000,32000,Rejected
3375,3,Not Graduate,No,696000,1691000,15,580,767000,1015000,1353000,1298000,Rejected
3376,1,Graduate,No,471000,1911000,20,689,184000,396000,473000,259000,Rejected
3377,0,Graduate,No,1051000,4570000,20,754,2787000,1341000,2921000,1761000,Approved
3378,3,Graduate,No,584000,3676000,20,463,1248000,1221000,1687000,461000,Rejected
3379,1,Graduate,No,374000,1195000,25,767,763000,931000,49000,747000,Approved
3380,1,Not Graduate,No,584000,4488000,15,638,1767000,1104000,2232000,600000,Rejected
3381,2,Graduate,No,811000,5000000,25,490,2344000,1602000,3007000,1563000,Rejected
3382,1,Graduate,No,865000,5000000,5,395,1391000,1512000,532000,834000,Rejected
3383,4,Not Graduate,No,2373000,5000000,15,520,5347000,4550000,4659000,3424000,Approved
3384,4,Not Graduate,No,453000,2710000,15,648,776000,275000,415000,79000,Rejected
3385,5,Graduate,No,667000,1667000,20,644,1532000,707000,2574000,612000,Approved
3386,5,Graduate,Yes,923000,5000000,20,704,724000,1283000,2130000,534000,Rejected
3387,1,Not Graduate,No,689000,3511000,20,603,868000,946000,1950000,1100000,Rejected
3388,1,Not Graduate,No,506000,1548000,25,556,560000,756000,1980000,551000,Rejected
3389,3,Graduate,No,256000,1015000,15,615,214000,623000,698000,332000,Approved
3390,0,Not Graduate,No,502000,3416000,20,653,815000,1073000,1755000,274000,Rejected
3391,5,Graduate,Yes,348000,2513000,20,670,913000,720000,361000,97000,Rejected
3392,0,Graduate,No,228000,1167000,20,583,357000,473000,227000,314000,Rejected
3393,2,Graduate,No,417000,2036000,15,727,1436000,827000,759000,380000,Approved
3394,3,Graduate,No,354000,2303000,15,597,448000,601000,1252000,306000,Rejected
3395,4,Graduate,Yes,1023000,5000000,15,576,3411000,656000,258000,1974000,Rejected
3396,3,Graduate,No,1035000,5000000,20,604,952000,2214000,1885000,290000,Rejected
3397,2,Graduate,No,389000,1675000,15,741,516000,272000,1290000,508000,Approved
3398,1,Not Graduate,Yes,591000,3458000,10,639,488000,1071000,468000,99000,Rejected
3399,2,Graduate,No,209000,1493000,20,591,222000,58000,523000,290000,Rejected
3400,3,Graduate,No,508000,1479000,20,729,408000,695000,189000,580000,Approved
3401,2,Not Graduate,Yes,907000,3926000,25,832,2086000,723000,127000,1331000,Approved
3402,3,Graduate,No,1197000,2801000,20,668,1128000,2108000,1608000,1812000,Approved
3403,0,Not Graduate,Yes,440000,1959000,20,755,252000,941000,1426000,135000,Approved
3404,1,Graduate,No,1387000,5000000,15,738,1599000,54000,362000,812000,Approved
3405,5,Graduate,No,261000,831000,20,599,645000,75000,397000,142000,Approved
3406,1,Graduate,No,311000,1633000,15,652,520000,720000,915000,384000,Approved
3407,2,Graduate,No,1110000,2464000,10,541,888000,664000,1709000,615000,Approved
3408,2,Graduate,No,2074000,5000000,25,633,1043000,3789000,4080000,2190000,Approved
3409,4,Graduate,No,965000,5000000,20,597,2542000,1960000,1980000,880000,Approved
3410,0,Graduate,No,682000,3510000,20,616,1741000,1263000,2483000,813000,Rejected
3411,1,Graduate,No,168000,1047000,15,586,299000,13000,591000,124000,Rejected
3412,4,Graduate,No,188000,493000,20,626,374000,346000,65000,348000,Approved
3413,3,Graduate,No,761000,5000000,10,695,814000,1829000,2131000,1470000,Rejected
3414,2,Graduate,Yes,555000,3492000,15,640,1028000,512000,1231000,407000,Rejected
3415,1,Not Graduate,Yes,341000,927000,10,492,897000,605000,506000,625000,Rejected
3416,2,Graduate,No,730000,5000000,10,587,2021000,505000,1475000,1165000,Rejected
3417,4,Not Graduate,Yes,754000,1610000,5,521,1048000,1880000,2663000,370000,Rejected
3418,3,Not Graduate,No,1293000,5000000,20,671,3197000,673000,4028000,1484000,Approved
3419,4,Graduate,No,765000,2318000,10,693,1420000,584000,1771000,602000,Rejected
3420,5,Graduate,No,1555000,5000000,20,672,4145000,653000,1220000,2506000,Approved
3421,2,Graduate,Yes,704000,1705000,25,583,1767000,1681000,1769000,1262000,Approved
3422,2,Not Graduate,No,649000,1614000,10,671,1753000,927000,1325000,820000,Approved
3423,3,Graduate,Yes,1398000,5000000,20,610,1157000,863000,2576000,1788000,Approved
3424,3,Graduate,Yes,371000,2955000,15,553,494000,125000,1403000,540000,Rejected
3425,3,Not Graduate,No,4361000,5000000,25,713,5006000,9538000,17319000,4428000,Approved
3426,0,Graduate,Yes,893000,5000000,15,720,1545000,140000,3403000,864000,Approved
3427,4,Graduate,No,897000,4585000,15,731,1604000,1443000,2675000,1030000,Approved
3428,3,Graduate,No,985000,5000000,15,598,2399000,1502000,2399000,1621000,Approved
3429,4,Not Graduate,No,2371000,5000000,25,750,5033000,4575000,3191000,3112000,Approved
3430,2,Graduate,Yes,1172000,5000000,10,608,2526000,1998000,4447000,388000,Rejected
3431,2,Graduate,No,247000,1903000,20,706,574000,517000,464000,80000,Rejected
3432,3,Graduate,No,1743000,5000000,10,607,2045000,166000,1545000,1501000,Approved
3433,3,Graduate,No,561000,2601000,20,631,574000,603000,298000,749000,Approved
3434,0,Not Graduate,No,750000,5000000,15,444,741000,152000,2520000,609000,Rejected
3435,2,Graduate,No,305000,1218000,10,624,852000,309000,421000,242000,Approved
3436,3,Graduate,No,985000,4220000,10,658,602000,1381000,3042000,1769000,Rejected
3437,5,Not Graduate,Yes,458000,1752000,15,615,601000,680000,1166000,798000,Approved
3438,0,Graduate,No,747000,5000000,20,799,894000,1727000,901000,730000,Approved
3439,1,Graduate,No,582000,4413000,20,551,1277000,1341000,1989000,844000,Rejected
3440,2,Not Graduate,Yes,2446000,5000000,10,602,7968000,1894000,8304000,2279000,Approved
3441,1,Not Graduate,Yes,2539000,5000000,15,573,7900000,4437000,1955000,3113000,Approved
3442,0,Graduate,No,721000,3129000,10,602,459000,1285000,414000,422000,Approved
3443,2,Graduate,No,730000,1515000,20,738,1481000,1747000,1783000,745000,Approved
3444,3,Graduate,No,549000,1671000,20,776,230000,115000,555000,715000,Approved
3445,2,Graduate,No,1437000,4145000,25,590,4075000,2217000,2005000,1310000,Rejected
3446,1,Graduate,No,565000,1523000,25,589,847000,575000,2121000,865000,Rejected
3447,5,Graduate,No,532000,3152000,15,552,525000,462000,417000,304000,Rejected
3448,2,Graduate,No,1322000,3726000,15,761,2445000,2041000,2558000,99000,Approved
3449,3,Graduate,No,493000,1239000,25,745,834000,345000,616000,904000,Approved
3450,1,Not Graduate,No,683000,2934000,10,641,2266000,61000,995000,515000,Approved
3451,3,Not Graduate,No,250000,874000,5,531,102000,486000,386000,135000,Rejected
3452,3,Not Graduate,No,1106000,3180000,15,539,3694000,240000,1232000,1082000,Rejected
3453,1,Graduate,Yes,2472000,5000000,20,665,2596000,2028000,7608000,1326000,Approved
3454,3,Graduate,No,1119000,3958000,20,697,855000,1664000,3655000,1656000,Approved
3455,3,Graduate,No,1810000,5000000,25,474,4840000,2822000,3989000,1173000,Rejected
3456,2,Graduate,No,404000,2646000,15,623,797000,673000,1457000,801000,Rejected
3457,3,Not Graduate,No,816000,5000000,15,788,2584000,2029000,516000,480000,Approved
3458,1,Graduate,No,379000,2467000,15,632,772000,380000,787000,286000,Rejected
3459,2,Graduate,No,604000,3485000,20,777,1158000,208000,2012000,664000,Approved
3460,5,Graduate,No,1156000,5000000,10,705,1109000,399000,2915000,65000,Rejected
3461,0,Graduate,Yes,748000,3829000,25,558,2498000,954000,2948000,43000,Rejected
3462,0,Not Graduate,No,279000,1618000,20,625,677000,268000,676000,141000,Rejected
3463,0,Graduate,No,298000,1332000,20,639,663000,680000,1146000,62000,Approved
3464,5,Graduate,No,285000,1130000,20,569,806000,364000,138000,437000,Rejected
3465,0,Graduate,No,963000,3843000,15,568,601000,1088000,256000,1685000,Approved
3466,1,Graduate,No,2677000,5000000,20,778,8225000,5771000,3990000,2291000,Approved
3467,3,Graduate,No,1697000,5000000,15,567,3227000,3377000,5738000,1794000,Rejected
3468,3,Graduate,No,204000,476000,20,742,585000,364000,61000,254000,Approved
3469,2,Not Graduate,No,1763000,5000000,20,613,4549000,2324000,1911000,414000,Rejected
3470,5,Not Graduate,No,1287000,5000000,20,648,2245000,755000,5073000,1243000,Approved
3471,0,Graduate,No,256000,1276000,10,698,707000,363000,666000,492000,Approved
3472,2,Not Graduate,Yes,575000,1392000,25,599,1499000,166000,939000,262000,Approved
3473,2,Graduate,No,1427000,5000000,25,698,445000,1915000,576000,305000,Approved
3474,1,Graduate,Yes,1001000,4063000,20,476,2572000,2131000,3048000,598000,Approved
3475,4,Graduate,No,299000,2366000,25,687,577000,385000,1109000,334000,Approved
3476,2,Not Graduate,Yes,1041000,5000000,20,440,3109000,178000,3115000,1815000,Rejected
3477,1,Not Graduate,No,174000,1101000,15,631,503000,14000,96000,129000,Rejected
3478,0,Graduate,No,606000,3088000,15,723,513000,1304000,1318000,438000,Rejected
3479,0,Graduate,No,1467000,5000000,5,703,542000,823000,2451000,1055000,Rejected
3480,4,Not Graduate,No,708000,4485000,20,540,657000,930000,2567000,1196000,Rejected
3481,1,Graduate,Yes,506000,1213000,20,551,1352000,983000,1555000,488000,Approved
3482,4,Graduate,Yes,1248000,4163000,10,591,3854000,790000,4028000,869000,Rejected
3483,0,Graduate,No,1319000,2741000,15,666,3353000,2432000,2260000,521000,Approved
3484,5,Graduate,Yes,1640000,5000000,20,477,4798000,309000,323000,484000,Rejected
3485,3,Graduate,Yes,1236000,5000000,20,649,2693000,2313000,3784000,2410000,Rejected
3486,0,Graduate,No,1414000,5000000,25,676,2716000,226000,3634000,1412000,Rejected
3487,0,Not Graduate,No,1127000,5000000,15,626,3838000,781000,735000,215000,Approved
3488,3,Graduate,Yes,832000,5000000,20,695,464000,534000,2539000,1512000,Rejected
3489,0,Graduate,No,742000,2251000,10,669,1223000,1654000,506000,1418000,Approved
3490,1,Graduate,Yes,600000,1469000,10,604,714000,802000,1791000,307000,Approved
3491,3,Graduate,No,318000,2386000,20,485,220000,670000,917000,212000,Rejected
3492,4,Graduate,Yes,376000,2789000,15,661,841000,547000,49000,723000,Rejected
3493,3,Graduate,No,583000,3555000,20,569,666000,1176000,1820000,47000,Approved
3494,4,Graduate,No,819000,2847000,15,601,1459000,1129000,1384000,559000,Rejected
3495,2,Not Graduate,No,1786000,5000000,10,691,1316000,2009000,3707000,1587000,Approved
3496,3,Graduate,Yes,681000,4489000,20,770,1054000,1120000,2630000,1057000,Approved
3497,1,Graduate,No,1344000,5000000,10,647,1264000,962000,4956000,1031000,Approved
3498,3,Not Graduate,No,1412000,4713000,15,697,4476000,3243000,2248000,1002000,Approved
3499,3,Graduate,No,602000,3057000,10,527,1187000,1367000,1726000,886000,Rejected
3500,2,Graduate,No,1030000,5000000,15,671,2944000,187000,2164000,1757000,Rejected
3501,5,Not Graduate,No,598000,4283000,20,645,1109000,1371000,1977000,139000,Rejected
3502,2,Graduate,No,1653000,5000000,10,754,720000,752000,2226000,542000,Rejected
3503,2,Graduate,No,1058000,5000000,20,604,2669000,1802000,2049000,1414000,Approved
3504,2,Graduate,No,323000,1998000,20,629,146000,665000,174000,214000,Rejected
3505,1,Not Graduate,No,777000,4017000,20,740,1215000,469000,2886000,1052000,Rejected
3506,1,Graduate,No,2043000,5000000,15,642,4189000,575000,7381000,795000,Rejected
3507,5,Not Graduate,No,622000,1563000,20,556,1739000,1176000,732000,1006000,Approved
3508,1,Graduate,No,936000,2580000,25,867,2972000,1035000,2222000,633000,Approved
3509,3,Graduate,No,998000,5000000,10,558,953000,1214000,1572000,702000,Rejected
3510,2,Not Graduate,Yes,357000,767000,20,645,865000,680000,253000,142000,Rejected
3511,4,Not Graduate,No,976000,2258000,5,679,1761000,619000,269000,451000,Approved
3512,3,Graduate,No,283000,2102000,15,673,780000,69000,936000,344000,Rejected
3513,0,Graduate,No,466000,2900000,20,634,1541000,1116000,572000,552000,Approved
3514,1,Not Graduate,No,1409000,2854000,10,634,2826000,2465000,2973000,2336000,Approved
3515,3,Graduate,No,883000,3419000,10,630,1075000,1440000,3197000,1129000,Rejected
3516,0,Graduate,No,574000,3777000,5,555,1639000,478000,102000,508000,Rejected
3517,2,Graduate,Yes,936000,4217000,5,833,1858000,2330000,2092000,1513000,Approved
3518,1,Not Graduate,No,673000,3239000,20,631,2102000,374000,2575000,55000,Rejected
3519,0,Graduate,Yes,706000,3355000,10,701,1491000,314000,2299000,1001000,Approved
3520,5,Graduate,Yes,1073000,3447000,20,622,3540000,854000,1025000,1190000,Approved
3521,4,Graduate,No,436000,2759000,25,620,155000,805000,385000,210000,Rejected
3522,3,Graduate,No,719000,1882000,15,611,1916000,426000,2210000,930000,Approved
3523,1,Graduate,No,571000,2880000,10,518,804000,446000,235000,1127000,Rejected
3524,5,Graduate,No,250000,755000,15,636,610000,331000,609000,181000,Rejected
3525,2,Graduate,No,385000,877000,25,615,1276000,626000,390000,499000,Rejected
3526,5,Graduate,No,1940000,5000000,15,750,4641000,724000,6544000,1759000,Approved
3527,0,Graduate,No,899000,5000000,10,548,2413000,1471000,1420000,733000,Rejected
3528,0,Not Graduate,No,296000,905000,25,601,239000,282000,509000,192000,Rejected
3529,3,Graduate,No,257000,943000,20,574,217000,222000,822000,128000,Approved
3530,4,Graduate,No,651000,1841000,15,773,1390000,129000,289000,332000,Approved
3531,0,Graduate,No,1931000,5000000,25,576,3240000,4702000,4719000,3012000,Rejected
3532,1,Graduate,Yes,620000,2897000,25,698,407000,1074000,2390000,422000,Rejected
3533,2,Not Graduate,No,1637000,5000000,20,732,4306000,409000,4316000,1772000,Approved
3534,5,Graduate,No,880000,5000000,15,638,2232000,806000,369000,410000,Approved
3535,3,Not Graduate,No,951000,4934000,15,533,564000,190000,3465000,442000,Rejected
3536,4,Graduate,No,294000,1746000,10,534,134000,398000,177000,351000,Rejected
3537,3,Not Graduate,No,1288000,2888000,15,723,1948000,2254000,1982000,1528000,Approved
3538,4,Graduate,No,563000,4337000,10,543,1309000,80000,455000,583000,Rejected
3539,2,Graduate,No,1227000,5000000,20,683,3877000,2829000,3577000,1720000,Approved
3540,0,Graduate,No,412000,1507000,20,660,696000,385000,467000,532000,Rejected
3541,3,Graduate,No,785000,4529000,25,682,447000,461000,878000,346000,Approved
3542,2,Graduate,No,880000,2826000,20,690,2631000,286000,1507000,139000,Approved
3543,2,Graduate,No,633000,3345000,10,571,443000,230000,770000,365000,Rejected
3544,1,Not Graduate,No,911000,5000000,10,567,2131000,1935000,2879000,812000,Rejected
3545,3,Not Graduate,No,589000,4499000,20,711,956000,707000,1269000,269000,Rejected
3546,3,Graduate,Yes,459000,1852000,15,597,1474000,916000,1041000,455000,Rejected
3547,1,Graduate,No,1988000,5000000,5,416,5081000,1129000,1452000,242000,Rejected
3548,4,Graduate,Yes,1384000,5000000,20,705,416000,1100000,5069000,1357000,Approved
3549,1,Not Graduate,No,427000,1421000,15,562,637000,440000,624000,314000,Rejected
3550,0,Graduate,Yes,1013000,5000000,5,690,888000,1151000,1592000,1945000,Rejected
3551,0,Graduate,No,432000,2563000,20,768,522000,105000,452000,760000,Approved
3552,2,Graduate,No,324000,2133000,25,651,511000,36000,1246000,617000,Rejected
3553,0,Graduate,No,1371000,5000000,20,735,2786000,3413000,3383000,1830000,Rejected
3554,3,Graduate,No,231000,518000,10,663,659000,385000,78000,449000,Approved
3555,3,Graduate,No,1279000,4110000,20,785,737000,175000,1089000,537000,Approved
3556,2,Not Graduate,No,594000,1705000,25,560,1017000,1147000,1172000,646000,Rejected
3557,4,Not Graduate,No,610000,1785000,5,649,1844000,551000,508000,915000,Approved
3558,5,Graduate,No,914000,4319000,20,707,1538000,1820000,2248000,905000,Rejected
3559,2,Graduate,No,1021000,5000000,20,634,2003000,2424000,1328000,477000,Rejected
3560,0,Not Graduate,No,409000,1919000,20,748,1142000,27000,599000,542000,Approved
3561,1,Graduate,No,1116000,5000000,10,613,2881000,2690000,3535000,2169000,Approved
3562,3,Graduate,No,754000,3211000,25,826,1457000,312000,1617000,807000,Approved
3563,2,Graduate,No,309000,1211000,15,830,1049000,230000,167000,165000,Approved
3564,3,Graduate,No,627000,4392000,5,674,261000,983000,972000,81000,Rejected
3565,3,Graduate,No,1718000,5000000,10,697,815000,3075000,6177000,435000,Approved
3566,2,Graduate,No,2082000,5000000,15,751,3472000,886000,7079000,3260000,Approved
3567,0,Graduate,No,1116000,5000000,5,549,899000,382000,3419000,1112000,Rejected
3568,1,Graduate,No,323000,1612000,20,538,321000,231000,1095000,148000,Rejected
3569,1,Graduate,No,963000,3014000,25,757,751000,784000,440000,1663000,Approved
3570,3,Graduate,No,1217000,5000000,5,673,3061000,968000,702000,1096000,Rejected
3571,3,Not Graduate,No,1122000,5000000,20,631,1849000,481000,194000,1797000,Rejected
3572,3,Not Graduate,No,1166000,4900000,25,651,3462000,2830000,685000,1903000,Rejected
3573,3,Not Graduate,No,886000,5000000,5,447,976000,1768000,2934000,1285000,Rejected
3574,2,Not Graduate,No,668000,3473000,20,634,1533000,1637000,166000,1300000,Rejected
3575,0,Graduate,No,471000,2264000,25,586,463000,122000,902000,847000,Rejected
3576,1,Graduate,No,204000,1459000,20,728,71000,39000,217000,60000,Rejected
3577,0,Graduate,No,873000,4171000,20,735,2186000,1170000,2922000,629000,Approved
3578,0,Graduate,No,790000,3544000,25,699,605000,1214000,2553000,1510000,Approved
3579,1,Not Graduate,No,1006000,2638000,20,684,2535000,1597000,3106000,1336000,Approved
3580,3,Graduate,No,293000,1223000,15,523,735000,68000,462000,268000,Rejected
3581,0,Not Graduate,Yes,1065000,4667000,10,700,2597000,2247000,3951000,1844000,Approved
3582,0,Graduate,Yes,2661000,5000000,20,703,5839000,3258000,9563000,3448000,Approved
3583,0,Graduate,No,737000,4073000,15,756,2308000,678000,1944000,569000,Rejected
3584,1,Not Graduate,No,672000,1924000,15,830,364000,847000,1673000,389000,Approved
3585,1,Graduate,No,856000,2861000,10,506,2809000,87000,1210000,1463000,Rejected
3586,0,Not Graduate,No,2623000,5000000,20,617,1341000,1410000,7790000,4462000,Approved
3587,1,Not Graduate,No,360000,1301000,20,587,679000,899000,1354000,663000,Approved
3588,5,Not Graduate,No,799000,4665000,15,665,2600000,1104000,1065000,1262000,Approved
3589,1,Not Graduate,No,416000,2556000,10,651,483000,82000,505000,171000,Rejected
3590,1,Graduate,No,491000,1870000,10,630,1464000,359000,554000,396000,Approved
3591,2,Graduate,Yes,678000,1711000,10,737,1490000,313000,2667000,468000,Approved
3592,1,Not Graduate,No,1680000,5000000,20,556,5134000,3884000,3708000,929000,Rejected
3593,2,Graduate,No,2257000,5000000,10,562,1028000,4549000,8743000,3611000,Approved
3594,2,Graduate,Yes,937000,4771000,25,563,1948000,1281000,2350000,275000,Rejected
3595,4,Graduate,No,548000,3484000,15,619,495000,1304000,682000,539000,Rejected
3596,4,Graduate,No,3538000,5000000,5,546,1266000,3298000,8445000,6149000,Rejected
3597,3,Graduate,No,530000,2485000,25,646,1327000,1146000,374000,842000,Approved
3598,1,Not Graduate,No,483000,3707000,15,636,1304000,565000,892000,276000,Rejected
3599,2,Graduate,No,221000,577000,15,583,587000,469000,404000,26000,Rejected
3600,1,Graduate,No,1735000,5000000,10,724,4557000,3907000,4075000,1487000,Approved
3601,3,Graduate,No,1313000,5000000,20,645,3755000,1520000,2114000,1585000,Approved
3602,0,Graduate,No,3370000,5000000,15,740,6075000,1500000,6319000,5785000,Approved
3603,3,Graduate,No,284000,828000,20,633,401000,137000,999000,307000,Rejected
3604,1,Graduate,No,1806000,5000000,20,648,4997000,1304000,1451000,1026000,Approved
3605,2,Graduate,No,733000,5000000,25,602,1783000,409000,2711000,1024000,Rejected
3606,1,Graduate,Yes,1182000,4021000,20,649,1111000,1147000,2601000,985000,Approved
3607,1,Graduate,No,240000,1739000,20,711,406000,304000,613000,398000,Rejected
3608,3,Graduate,No,1818000,5000000,20,615,1605000,396000,921000,175000,Approved
3609,2,Not Graduate,No,1167000,5000000,15,694,3259000,2654000,778000,1012000,Approved
3610,1,Not Graduate,No,683000,3905000,20,581,745000,4000,2020000,596000,Rejected
3611,0,Not Graduate,Yes,1065000,3504000,20,715,2442000,368000,3847000,1273000,Approved
3612,4,Not Graduate,No,426000,1947000,5,601,1130000,9000,905000,319000,Approved
3613,2,Graduate,No,480000,3663000,20,722,1667000,1184000,362000,400000,Rejected
3614,2,Not Graduate,No,518000,1777000,15,655,873000,532000,1662000,768000,Approved
3615,2,Graduate,No,210000,1581000,20,779,649000,103000,772000,81000,Approved
3616,2,Not Graduate,No,1226000,5000000,10,552,2974000,364000,3327000,631000,Rejected
3617,2,Graduate,No,1519000,3511000,5,525,497000,1407000,1235000,379000,Approved
3618,0,Graduate,No,444000,2304000,5,598,689000,1083000,759000,245000,Rejected
3619,2,Graduate,No,878000,2661000,10,532,1371000,1204000,3306000,909000,Rejected
3620,2,Graduate,No,589000,3375000,5,532,402000,522000,499000,247000,Rejected
3621,0,Graduate,No,866000,5000000,10,703,1471000,789000,663000,168000,Rejected
3622,3,Graduate,No,466000,3440000,20,650,313000,137000,1322000,929000,Approved
3623,1,Not Graduate,No,394000,2974000,15,609,1171000,509000,874000,369000,Rejected
3624,0,Graduate,Yes,1387000,4549000,25,617,2022000,1471000,1246000,2318000,Rejected
3625,3,Graduate,Yes,672000,3531000,20,599,595000,1224000,1683000,1002000,Rejected
3626,4,Graduate,No,2606000,5000000,10,790,5801000,1251000,9780000,971000,Approved
3627,1,Graduate,No,721000,5000000,15,587,2195000,248000,2477000,756000,Approved
3628,3,Graduate,No,383000,1205000,15,538,1261000,557000,48000,443000,Rejected
3629,0,Graduate,No,1554000,4544000,15,718,4913000,2883000,5469000,556000,Approved
3630,3,Graduate,No,1055000,2187000,20,632,3294000,1312000,2685000,283000,Approved
3631,2,Graduate,No,1123000,3472000,20,823,1588000,2218000,1282000,633000,Approved
3632,3,Graduate,No,1518000,4764000,20,605,2911000,3192000,705000,849000,Approved
3633,1,Graduate,No,458000,1129000,15,722,682000,1050000,1781000,271000,Approved
3634,1,Not Graduate,Yes,644000,4641000,20,742,2094000,609000,137000,349000,Approved
3635,4,Not Graduate,No,626000,4182000,15,606,374000,1415000,513000,699000,Rejected
3636,0,Graduate,No,303000,1069000,20,587,628000,537000,824000,189000,Rejected
3637,1,Graduate,No,590000,3953000,25,713,643000,922000,1803000,917000,Approved
3638,2,Not Graduate,No,1669000,5000000,15,699,5042000,2311000,1903000,254000,Approved
3639,2,Graduate,No,817000,5000000,20,530,1132000,40000,2430000,1031000,Rejected
3640,0,Graduate,Yes,292000,1150000,20,554,895000,409000,901000,454000,Rejected
3641,2,Graduate,No,255000,1374000,20,434,834000,497000,824000,230000,Approved
3642,1,Graduate,No,2066000,5000000,10,701,1757000,5105000,6281000,1390000,Approved
3643,2,Not Graduate,No,660000,2063000,20,628,1791000,715000,150000,423000,Rejected
3644,4,Not Graduate,Yes,460000,2536000,15,636,653000,1139000,1647000,317000,Approved
3645,2,Graduate,No,586000,3812000,10,506,932000,251000,1345000,163000,Rejected
3646,2,Graduate,No,268000,1747000,20,557,316000,642000,477000,317000,Rejected
3647,2,Not Graduate,No,1765000,5000000,15,609,4012000,2602000,345000,2234000,Approved
3648,0,Graduate,No,542000,2771000,10,593,758000,898000,1303000,439000,Approved
3649,3,Graduate,No,1703000,5000000,25,660,4547000,2442000,1251000,3259000,Rejected
3650,4,Graduate,No,724000,1685000,15,700,2021000,1779000,1619000,1323000,Approved
3651,3,Not Graduate,No,1773000,4311000,20,843,2774000,196000,1486000,1119000,Approved
3652,4,Graduate,No,827000,3521000,20,648,261000,849000,2301000,1222000,Approved
3653,2,Graduate,Yes,1219000,4072000,10,745,623000,2667000,544000,337000,Approved
3654,3,Not Graduate,No,1117000,4745000,20,579,1314000,467000,2727000,1706000,Rejected
3655,0,Graduate,No,1050000,2691000,20,508,3520000,1495000,2741000,1559000,Rejected
3656,5,Graduate,No,878000,4875000,20,620,1370000,1149000,1441000,654000,Rejected
3657,2,Not Graduate,No,602000,3630000,20,514,1614000,1215000,2213000,484000,Rejected
3658,1,Not Graduate,Yes,2431000,5000000,25,651,8011000,5581000,5235000,2900000,Rejected
3659,3,Graduate,No,388000,2290000,25,584,541000,251000,1174000,231000,Rejected
3660,2,Graduate,No,702000,3074000,10,484,1471000,1216000,1287000,819000,Rejected
3661,4,Not Graduate,No,707000,5000000,15,798,2140000,968000,2254000,1259000,Approved
3662,3,Graduate,No,909000,5000000,20,604,2061000,1506000,3272000,834000,Rejected
3663,4,Graduate,No,529000,2733000,25,511,349000,265000,905000,237000,Rejected
3664,2,Graduate,No,859000,2784000,20,726,2373000,586000,3327000,978000,Approved
3665,2,Graduate,No,627000,3695000,15,588,2002000,862000,437000,830000,Approved
3666,3,Graduate,No,250000,1388000,25,743,690000,2000,850000,269000,Approved
3667,0,Graduate,No,704000,4294000,15,588,1907000,1261000,1514000,68000,Rejected
3668,0,Graduate,No,342000,2287000,15,604,930000,138000,219000,463000,Rejected
3669,5,Graduate,No,227000,1700000,20,679,513000,529000,576000,28000,Approved
3670,4,Graduate,Yes,765000,5000000,15,700,836000,1646000,468000,661000,Rejected
3671,5,Graduate,No,961000,5000000,20,715,3089000,1498000,3422000,825000,Approved
3672,0,Graduate,Yes,986000,5000000,15,642,703000,2196000,3236000,1677000,Approved
3673,1,Graduate,No,1012000,5000000,20,695,2983000,2498000,2684000,1753000,Approved
3674,4,Not Graduate,No,199000,401000,25,713,289000,386000,201000,311000,Approved
3675,0,Not Graduate,No,289000,1684000,15,667,710000,453000,1114000,476000,Rejected
3676,2,Graduate,No,2525000,5000000,20,638,7263000,2836000,8654000,1204000,Approved
3677,1,Graduate,Yes,354000,1335000,20,527,1011000,720000,1023000,512000,Rejected
3678,4,Not Graduate,No,1041000,3940000,10,701,849000,1833000,1587000,1573000,Approved
3679,2,Graduate,Yes,448000,2195000,20,654,1010000,529000,891000,702000,Rejected
3680,1,Not Graduate,No,737000,1522000,20,615,727000,921000,1045000,1179000,Approved
3681,2,Graduate,No,464000,1584000,10,759,306000,266000,1583000,171000,Approved
3682,0,Graduate,No,1008000,2192000,25,529,1959000,1987000,1315000,555000,Approved
3683,3,Graduate,No,765000,4516000,15,790,2647000,1680000,788000,1207000,Approved
3684,2,Graduate,No,523000,3837000,10,648,1800000,22000,490000,176000,Rejected
3685,2,Not Graduate,Yes,354000,2827000,10,677,756000,99000,589000,103000,Approved
3686,2,Not Graduate,No,833000,3908000,20,616,2308000,2064000,2107000,1629000,Rejected
3687,1,Graduate,No,318000,1132000,25,508,349000,142000,1063000,616000,Rejected
3688,0,Graduate,No,924000,5000000,15,638,941000,1701000,3425000,653000,Approved
3689,4,Not Graduate,No,3860000,5000000,5,678,9885000,4640000,1592000,258000,Approved
3690,2,Not Graduate,No,1684000,5000000,10,707,4741000,2195000,478000,1392000,Approved
3691,2,Graduate,Yes,1117000,5000000,20,633,2987000,303000,1692000,112000,Rejected
3692,1,Graduate,No,662000,3326000,15,464,420000,228000,2158000,218000,Rejected
3693,5,Graduate,No,199000,513000,15,519,287000,288000,724000,97000,Rejected
3694,3,Graduate,No,296000,624000,15,824,131000,279000,224000,499000,Approved
3695,0,Not Graduate,Yes,1611000,5000000,15,557,4536000,3212000,1956000,1260000,Rejected
3696,2,Not Graduate,No,419000,1878000,20,771,544000,1018000,1516000,28000,Approved
3697,2,Not Graduate,No,444000,3133000,20,571,744000,902000,1041000,574000,Rejected
3698,3,Graduate,Yes,629000,3682000,10,634,1354000,638000,1063000,118000,Rejected
3699,5,Not Graduate,Yes,351000,1612000,20,703,106000,423000,368000,630000,Rejected
3700,3,Not Graduate,No,315000,1057000,15,580,451000,123000,170000,166000,Approved
3701,4,Graduate,No,677000,3305000,20,785,1779000,1177000,354000,348000,Approved
3702,2,Not Graduate,No,392000,1167000,10,656,476000,438000,1070000,323000,Approved
3703,1,Graduate,No,432000,2593000,10,689,918000,926000,1257000,112000,Approved
3704,3,Graduate,No,421000,2372000,20,627,1443000,686000,643000,40000,Rejected
3705,3,Graduate,No,983000,5000000,15,706,667000,419000,2422000,1802000,Rejected
3706,1,Graduate,No,602000,2828000,20,784,697000,619000,427000,1044000,Approved
3707,2,Graduate,No,623000,2288000,15,639,1550000,1054000,113000,1144000,Rejected
3708,0,Graduate,No,1032000,5000000,10,797,2286000,2213000,505000,1413000,Approved
3709,1,Graduate,No,638000,3921000,20,598,2188000,560000,327000,48000,Rejected
3710,4,Graduate,No,584000,3644000,15,715,240000,977000,2301000,1137000,Rejected
3711,0,Graduate,No,950000,4910000,10,692,2954000,412000,969000,1360000,Rejected
3712,3,Graduate,Yes,1081000,5000000,20,559,2014000,2445000,674000,929000,Rejected
3713,1,Not Graduate,No,636000,2141000,15,668,653000,915000,2036000,940000,Rejected
3714,3,Graduate,Yes,738000,3255000,25,651,1410000,1418000,1129000,853000,Approved
3715,4,Not Graduate,No,421000,2853000,10,577,682000,418000,381000,572000,Rejected
3716,3,Not Graduate,No,400000,1119000,25,680,350000,941000,384000,663000,Approved
3717,3,Graduate,No,1154000,5000000,20,662,1156000,2078000,741000,2164000,Rejected
3718,1,Not Graduate,Yes,935000,3848000,10,644,1143000,359000,385000,1499000,Rejected
3719,1,Graduate,No,941000,2591000,20,644,1945000,1294000,2590000,1691000,Approved
3720,3,Not Graduate,No,840000,2079000,20,642,475000,571000,1525000,972000,Approved
3721,3,Graduate,No,721000,5000000,20,619,421000,1502000,489000,512000,Rejected
3722,3,Not Graduate,No,1101000,5000000,15,662,1499000,2155000,3513000,1493000,Rejected
3723,3,Graduate,No,1285000,4791000,25,595,3294000,1589000,224000,1458000,Approved
3724,1,Graduate,No,1266000,3416000,20,876,4343000,956000,2253000,202000,Approved
3725,1,Not Graduate,No,656000,2285000,25,530,222000,1398000,391000,769000,Rejected
3726,4,Not Graduate,No,1724000,5000000,20,600,5881000,3666000,359000,1489000,Approved
3727,2,Not Graduate,No,812000,5000000,20,607,2026000,1026000,1825000,626000,Rejected
3728,3,Not Graduate,No,1056000,3478000,20,823,3361000,1894000,746000,1545000,Approved
3729,2,Not Graduate,Yes,841000,2772000,20,538,1696000,600000,309000,1494000,Rejected
3730,4,Graduate,No,822000,1803000,25,686,1464000,717000,1617000,357000,Rejected
3731,4,Not Graduate,No,434000,2422000,20,671,1221000,1024000,1471000,694000,Rejected
3732,1,Graduate,Yes,1104000,5000000,5,678,2278000,2032000,2201000,420000,Approved
3733,4,Graduate,Yes,4449000,5000000,20,755,14110000,802000,1827000,5223000,Approved
3734,1,Graduate,No,549000,2971000,10,753,1734000,628000,707000,935000,Approved
3735,2,Graduate,No,733000,5000000,25,612,1464000,725000,1349000,1331000,Rejected
3736,4,Graduate,No,524000,2534000,20,666,1119000,303000,627000,341000,Approved
3737,1,Not Graduate,No,510000,3652000,20,492,898000,1269000,722000,840000,Rejected
3738,1,Graduate,No,1910000,5000000,10,658,4787000,648000,3917000,3369000,Rejected
3739,3,Not Graduate,No,452000,1132000,20,583,1123000,355000,1707000,175000,Approved
3740,5,Graduate,No,514000,3526000,15,634,1224000,1091000,1665000,411000,Rejected
3741,0,Not Graduate,No,249000,1371000,20,507,124000,82000,223000,389000,Rejected
3742,3,Graduate,No,428000,2534000,20,684,1448000,402000,1354000,34000,Approved
3743,2,Graduate,No,231000,712000,20,506,317000,366000,379000,293000,Rejected
3744,2,Not Graduate,No,1055000,4879000,15,663,1148000,889000,3462000,906000,Rejected
3745,3,Graduate,Yes,4319000,5000000,20,546,4213000,4414000,10827000,4574000,Approved
3746,2,Graduate,No,552000,1818000,15,578,288000,759000,1517000,478000,Approved
3747,3,Graduate,No,237000,474000,25,748,418000,564000,358000,102000,Rejected
3748,3,Graduate,No,1256000,4453000,25,700,544000,2735000,3619000,916000,Approved
3749,5,Graduate,No,436000,2147000,20,748,355000,122000,1005000,754000,Approved
3750,3,Graduate,No,1629000,5000000,15,783,516000,2319000,4093000,2022000,Approved
3751,0,Graduate,No,583000,3416000,5,584,501000,952000,1302000,572000,Rejected
3752,3,Graduate,No,464000,3487000,25,777,1617000,378000,147000,662000,Approved
3753,3,Graduate,Yes,624000,2954000,25,525,1268000,412000,1217000,255000,Rejected
3754,0,Graduate,No,1146000,4979000,10,713,590000,1713000,344000,244000,Approved
3755,2,Not Graduate,No,604000,2047000,20,608,1272000,627000,457000,676000,Approved
3756,3,Not Graduate,No,507000,1677000,15,571,1127000,1147000,991000,37000,Rejected
3757,1,Graduate,No,615000,3946000,10,702,1262000,251000,1036000,208000,Approved
3758,2,Not Graduate,No,306000,760000,25,730,421000,31000,88000,443000,Approved
3759,2,Not Graduate,Yes,906000,3131000,25,728,2177000,2038000,575000,1638000,Approved
3760,2,Not Graduate,No,219000,1602000,25,668,166000,491000,419000,133000,Rejected
3761,4,Graduate,No,524000,2862000,10,661,525000,546000,2030000,417000,Approved
3762,0,Graduate,No,1147000,2615000,20,695,3995000,2162000,2290000,1581000,Approved
3763,3,Graduate,No,852000,5000000,25,676,1389000,1801000,2652000,1380000,Approved
3764,3,Graduate,No,1027000,5000000,20,696,794000,654000,1877000,572000,Approved
3765,2,Graduate,No,671000,4782000,15,667,667000,1098000,569000,1115000,Rejected
3766,2,Graduate,No,1497000,5000000,20,722,3918000,2759000,273000,2914000,Approved
3767,0,Graduate,No,1277000,2588000,5,512,858000,1141000,1998000,283000,Approved
3768,1,Not Graduate,No,935000,3024000,20,639,1340000,2211000,3446000,456000,Approved
3769,2,Graduate,No,1279000,4538000,25,532,1728000,3092000,1748000,1875000,Approved
3770,1,Not Graduate,No,1140000,5000000,5,674,1174000,1387000,1752000,139000,Rejected
3771,3,Not Graduate,No,526000,2659000,10,790,960000,100000,1474000,318000,Approved
3772,2,Graduate,No,292000,1894000,20,610,191000,671000,868000,495000,Rejected
3773,0,Graduate,No,920000,4671000,20,661,1620000,1203000,2275000,1269000,Rejected
3774,1,Not Graduate,No,998000,3956000,15,714,404000,346000,1416000,1297000,Approved
3775,4,Graduate,No,1422000,3728000,5,474,4842000,2603000,5384000,1768000,Rejected
3776,1,Graduate,No,381000,1225000,20,606,852000,655000,562000,392000,Rejected
3777,3,Graduate,No,388000,1709000,15,681,210000,136000,481000,600000,Approved
3778,0,Graduate,No,944000,5000000,20,404,859000,649000,3199000,1640000,Rejected
3779,4,Graduate,Yes,668000,5000000,20,567,1775000,1443000,2503000,1070000,Rejected
3780,2,Not Graduate,No,205000,705000,15,744,541000,497000,785000,203000,Approved
3781,2,Graduate,No,893000,5000000,20,735,1311000,905000,1946000,1400000,Rejected
3782,2,Not Graduate,No,210000,612000,20,682,163000,71000,733000,320000,Approved
3783,1,Graduate,Yes,379000,2381000,20,725,764000,334000,309000,356000,Approved
3784,3,Not Graduate,No,1685000,3485000,20,668,1996000,2138000,6011000,1182000,Approved
3785,0,Not Graduate,No,2292000,5000000,15,697,1398000,1721000,7007000,1948000,Approved
3786,0,Graduate,No,318000,947000,15,623,447000,486000,527000,322000,Approved
3787,1,Not Graduate,No,565000,1741000,20,660,1527000,11000,597000,190000,Approved
3788,2,Not Graduate,Yes,720000,3854000,15,596,1032000,1470000,2205000,343000,Approved
3789,4,Graduate,No,2228000,5000000,15,757,959000,4705000,3964000,554000,Approved
3790,0,Not Graduate,Yes,508000,2453000,10,779,348000,995000,1990000,97000,Approved
3791,4,Graduate,No,513000,1977000,20,767,1133000,389000,1761000,592000,Approved
3792,3,Graduate,No,1916000,5000000,10,615,3776000,3029000,6098000,2704000,Rejected
3793,0,Graduate,No,549000,2055000,25,569,1350000,501000,770000,684000,Rejected
3794,0,Graduate,No,1119000,5000000,20,759,2383000,1089000,3218000,1642000,Approved
3795,1,Graduate,No,268000,1910000,5,696,507000,475000,817000,226000,Rejected
3796,0,Graduate,No,626000,3747000,20,678,1140000,1320000,1062000,1007000,Rejected
3797,3,Not Graduate,Yes,238000,937000,15,596,804000,494000,112000,359000,Rejected
3798,2,Graduate,No,352000,1871000,25,686,1077000,203000,1045000,506000,Rejected
3799,2,Not Graduate,No,1208000,3018000,25,558,1842000,1987000,1508000,1865000,Rejected
3800,3,Graduate,No,678000,3576000,20,704,1621000,453000,419000,340000,Approved
3801,1,Graduate,No,569000,2611000,20,767,208000,894000,152000,660000,Approved
3802,4,Not Graduate,Yes,430000,2815000,25,789,158000,395000,592000,671000,Rejected
3803,3,Graduate,No,606000,4295000,20,710,800000,1197000,1266000,147000,Approved
3804,1,Graduate,No,851000,2721000,25,533,2311000,1994000,213000,453000,Approved
3805,2,Not Graduate,No,1326000,3301000,10,667,4325000,961000,3046000,1335000,Approved
3806,1,Graduate,Yes,127000,552000,25,832,316000,276000,456000,109000,Approved
3807,5,Graduate,No,408000,2124000,20,576,1045000,755000,992000,748000,Rejected
3808,2,Graduate,Yes,776000,3306000,15,645,313000,1098000,1665000,1175000,Approved
3809,4,Graduate,No,656000,3786000,25,770,2149000,861000,660000,85000,Approved
3810,5,Graduate,No,910000,4581000,20,702,526000,726000,1650000,871000,Approved
3811,2,Graduate,No,833000,5000000,25,861,2774000,423000,2034000,1280000,Approved
3812,3,Graduate,No,574000,2558000,5,588,432000,120000,1994000,778000,Rejected
3813,2,Graduate,No,497000,1240000,20,566,202000,885000,1759000,546000,Rejected
3814,0,Graduate,No,597000,2276000,20,754,1256000,332000,1112000,129000,Rejected
3815,5,Graduate,No,1477000,5000000,5,548,980000,1829000,1206000,2710000,Rejected
3816,2,Not Graduate,No,435000,1538000,20,633,171000,968000,1244000,374000,Approved
3817,4,Not Graduate,No,672000,2429000,20,644,1638000,1127000,2558000,224000,Approved
3818,3,Graduate,No,789000,3186000,15,738,2101000,334000,3026000,169000,Approved
3819,0,Not Graduate,No,1930000,5000000,20,702,2388000,3544000,7687000,3050000,Approved
3820,2,Not Graduate,No,576000,4401000,10,689,1156000,309000,624000,717000,Approved
3821,1,Graduate,No,1305000,5000000,20,616,2839000,2544000,4390000,706000,Rejected
3822,0,Graduate,No,1559000,4947000,25,753,1270000,303000,470000,1698000,Approved
3823,3,Graduate,No,672000,3040000,15,900,1148000,238000,107000,1274000,Approved
3824,0,Graduate,No,610000,2508000,20,709,1426000,1425000,1664000,617000,Rejected
3825,5,Graduate,No,565000,4486000,15,658,1771000,396000,321000,459000,Approved
3826,2,Graduate,No,593000,2836000,15,540,973000,223000,957000,386000,Approved
3827,2,Not Graduate,No,1220000,5000000,25,596,3096000,655000,181000,495000,Approved
3828,1,Graduate,No,813000,5000000,15,632,1549000,734000,356000,1484000,Approved
3829,0,Graduate,Yes,816000,4712000,15,605,2091000,1709000,746000,314000,Rejected
3830,2,Not Graduate,No,337000,1178000,15,649,952000,128000,762000,53000,Rejected
3831,1,Graduate,No,373000,2105000,20,801,745000,15000,520000,122000,Rejected
3832,2,Graduate,No,2820000,5000000,20,756,1397000,6098000,6483000,1145000,Approved
3833,2,Graduate,No,624000,2829000,10,636,1935000,467000,1642000,548000,Approved
3834,1,Graduate,No,423000,3332000,15,547,940000,81000,48000,771000,Rejected
3835,2,Graduate,No,1775000,5000000,10,764,3944000,123000,6046000,555000,Approved
3836,1,Graduate,No,841000,4048000,10,646,1623000,1891000,273000,282000,Rejected
3837,1,Not Graduate,No,1019000,3015000,15,503,873000,1333000,3572000,920000,Rejected
3838,3,Graduate,No,640000,1966000,20,711,1188000,977000,2500000,1160000,Approved
3839,0,Not Graduate,No,569000,3198000,20,737,1148000,876000,2062000,1057000,Rejected
3840,1,Not Graduate,No,627000,4079000,5,444,958000,819000,1388000,1194000,Approved
3841,2,Graduate,Yes,285000,1658000,20,580,221000,548000,884000,85000,Rejected
3842,2,Graduate,No,661000,2628000,20,641,1811000,1497000,511000,942000,Rejected
3843,4,Graduate,Yes,849000,2002000,15,712,1495000,1361000,3188000,1114000,Approved
3844,4,Graduate,No,2331000,5000000,15,606,5926000,4918000,445000,255000,Approved
3845,3,Graduate,No,740000,3719000,20,579,333000,18000,1666000,1007000,Approved
3846,2,Graduate,No,154000,1020000,5,712,295000,185000,292000,217000,Rejected
3847,2,Graduate,No,659000,3850000,20,610,353000,995000,2114000,877000,Rejected
3848,0,Graduate,No,4154000,5000000,20,696,10997000,2090000,12485000,1955000,Approved
3849,3,Graduate,No,1229000,5000000,25,556,2654000,493000,1705000,858000,Rejected
3850,2,Graduate,No,413000,1733000,10,535,720000,141000,305000,467000,Rejected
3851,1,Not Graduate,No,1028000,5000000,10,714,3509000,732000,3287000,329000,Approved
3852,2,Graduate,No,432000,2801000,25,671,580000,889000,1690000,155000,Rejected
3853,3,Not Graduate,No,290000,2245000,15,728,479000,20000,140000,410000,Approved
3854,2,Graduate,No,558000,2530000,15,605,1484000,840000,1651000,208000,Rejected
3855,0,Graduate,No,743000,4376000,20,582,1471000,127000,1569000,61000,Approved
3856,4,Not Graduate,No,207000,902000,5,766,498000,307000,273000,85000,Approved
3857,0,Not Graduate,No,332000,2134000,20,521,1137000,209000,52000,65000,Rejected
3858,5,Not Graduate,No,705000,5000000,25,756,1781000,277000,2061000,423000,Approved
3859,2,Not Graduate,No,537000,4036000,20,762,420000,625000,330000,823000,Rejected
3860,4,Graduate,No,905000,2663000,15,723,878000,523000,3093000,1433000,Approved
3861,4,Not Graduate,No,318000,1025000,25,592,981000,301000,360000,60000,Approved
3862,2,Not Graduate,No,1113000,5000000,20,581,505000,1761000,2682000,1293000,Approved
3863,3,Not Graduate,No,324000,1875000,5,632,625000,758000,392000,72000,Rejected
3864,0,Not Graduate,No,2036000,5000000,20,540,6513000,3145000,5780000,845000,Rejected
3865,0,Not Graduate,No,229000,889000,5,568,638000,290000,128000,362000,Approved
3866,1,Graduate,Yes,344000,2438000,15,705,231000,479000,495000,669000,Rejected
3867,2,Graduate,Yes,918000,5000000,20,705,2451000,1083000,1914000,532000,Rejected
3868,0,Graduate,No,2065000,5000000,10,561,3144000,2906000,4921000,3231000,Rejected
3869,2,Graduate,No,859000,2370000,5,707,2735000,1224000,2028000,616000,Rejected
3870,5,Graduate,No,1009000,5000000,20,689,2152000,1242000,413000,1594000,Rejected
3871,4,Not Graduate,Yes,708000,2089000,15,778,1456000,1395000,164000,823000,Approved
3872,1,Graduate,No,359000,2429000,20,698,118000,351000,368000,400000,Approved
3873,2,Graduate,Yes,509000,2719000,15,740,559000,138000,126000,828000,Approved
3874,0,Graduate,Yes,318000,1546000,20,691,515000,511000,305000,448000,Approved
3875,1,Graduate,Yes,305000,1114000,25,733,798000,607000,101000,593000,Approved
3876,4,Graduate,No,909000,5000000,10,541,1785000,1773000,1960000,688000,Rejected
3877,5,Graduate,Yes,337000,2134000,20,640,1020000,212000,171000,644000,Rejected
3878,1,Graduate,No,862000,5000000,10,647,353000,1394000,1482000,1434000,Rejected
3879,1,Graduate,No,300000,1984000,15,629,400000,749000,930000,304000,Rejected
3880,1,Graduate,No,849000,4673000,15,688,1878000,222000,2642000,872000,Rejected
3881,2,Graduate,No,510000,3895000,10,704,1228000,667000,1169000,922000,Rejected
3882,0,Graduate,No,1747000,5000000,5,683,3333000,1334000,384000,2089000,Approved
3883,0,Graduate,No,864000,4424000,20,635,1362000,1709000,1895000,612000,Rejected
3884,2,Not Graduate,No,1563000,5000000,20,587,827000,1269000,1696000,204000,Approved
3885,1,Not Graduate,No,428000,1579000,25,743,1082000,785000,992000,271000,Approved
3886,4,Graduate,No,726000,4662000,25,680,2317000,291000,2645000,344000,Rejected
3887,3,Graduate,No,370000,1483000,15,563,1069000,62000,901000,112000,Rejected
3888,2,Graduate,No,535000,3409000,10,634,1361000,139000,2016000,728000,Rejected
3889,2,Graduate,No,590000,4553000,5,502,1374000,384000,539000,485000,Rejected
3890,3,Graduate,No,437000,2026000,20,653,1211000,928000,501000,102000,Rejected
3891,0,Graduate,No,318000,822000,25,633,886000,120000,216000,219000,Approved
3892,4,Graduate,No,279000,1674000,15,601,90000,23000,113000,90000,Approved
3893,0,Graduate,No,153000,315000,10,785,221000,326000,22000,186000,Approved
3894,4,Graduate,No,352000,2366000,15,552,1083000,330000,1309000,311000,Rejected
3895,0,Graduate,No,1053000,5000000,25,710,3183000,1550000,1960000,1971000,Approved
3896,3,Not Graduate,No,248000,1225000,15,836,638000,52000,933000,307000,Approved
3897,0,Graduate,Yes,288000,1560000,20,742,371000,653000,999000,444000,Rejected
3898,3,Graduate,No,2242000,5000000,15,647,6397000,2827000,6729000,1577000,Approved
3899,2,Graduate,No,463000,1825000,15,554,482000,104000,1704000,704000,Rejected
3900,0,Graduate,No,862000,3180000,15,534,877000,1366000,974000,1278000,Rejected
3901,3,Graduate,No,1063000,4775000,20,615,2141000,971000,3657000,2107000,Approved
3902,0,Graduate,No,1077000,5000000,20,592,2292000,952000,2964000,1442000,Approved
3903,2,Graduate,Yes,260000,731000,15,589,370000,265000,634000,477000,Rejected
3904,1,Graduate,No,602000,2377000,15,622,1344000,765000,1513000,1048000,Rejected
3905,3,Graduate,No,245000,773000,10,641,629000,379000,890000,451000,Approved
3906,4,Not Graduate,No,3433000,5000000,5,691,3010000,1257000,12780000,4009000,Approved
3907,2,Graduate,Yes,248000,695000,10,545,303000,468000,196000,121000,Approved
3908,3,Graduate,No,354000,2324000,10,592,899000,24000,147000,422000,Rejected
3909,4,Not Graduate,No,356000,933000,20,636,1163000,622000,414000,658000,Approved
3910,3,Graduate,No,265000,1588000,20,633,830000,121000,864000,516000,Approved
3911,1,Not Graduate,No,1686000,5000000,20,806,1205000,1883000,807000,3195000,Approved
3912,2,Graduate,No,3380000,5000000,20,670,7176000,4745000,9061000,3076000,Approved
3913,1,Not Graduate,No,514000,1645000,25,513,1470000,832000,852000,832000,Rejected
3914,2,Graduate,No,297000,1895000,25,686,315000,587000,1086000,298000,Rejected
3915,1,Graduate,Yes,164000,1261000,15,696,387000,212000,541000,229000,Rejected
3916,3,Not Graduate,No,597000,1988000,10,639,996000,1314000,1242000,532000,Approved
3917,2,Graduate,No,570000,4400000,10,547,1380000,1361000,903000,365000,Rejected
3918,2,Graduate,Yes,458000,1810000,25,799,184000,1118000,1537000,418000,Approved
3919,0,Not Graduate,No,808000,4320000,10,559,1052000,646000,851000,524000,Approved
3920,0,Not Graduate,No,905000,5000000,15,706,1162000,73000,2008000,792000,Rejected
3921,3,Graduate,No,864000,2761000,20,667,1417000,1546000,3226000,1185000,Approved
3922,2,Graduate,No,570000,2661000,20,701,380000,359000,1399000,252000,Approved
3923,4,Graduate,No,342000,823000,20,795,580000,656000,1275000,468000,Approved
3924,2,Not Graduate,No,1079000,5000000,20,698,2193000,13000,1968000,209000,Approved
3925,1,Graduate,No,706000,3177000,20,603,272000,1372000,1803000,37000,Rejected
3926,3,Graduate,No,1247000,5000000,25,744,1575000,219000,4698000,629000,Approved
3927,3,Graduate,No,1170000,4263000,10,596,1015000,2572000,3481000,520000,Rejected
3928,0,Graduate,Yes,278000,2097000,25,664,948000,453000,1010000,466000,Rejected
3929,3,Graduate,No,276000,786000,20,540,198000,112000,923000,421000,Approved
3930,1,Graduate,No,428000,2415000,10,562,988000,543000,173000,578000,Rejected
3931,1,Graduate,No,352000,1354000,25,654,558000,445000,390000,502000,Approved
3932,0,Graduate,Yes,1144000,3536000,25,681,1395000,2514000,3423000,1536000,Rejected
3933,2,Graduate,No,880000,2256000,20,505,2669000,1171000,3143000,1462000,Approved
3934,3,Graduate,No,1430000,5000000,25,692,3468000,1968000,4617000,1560000,Approved
3935,1,Graduate,No,906000,3080000,15,580,2070000,723000,1197000,76000,Rejected
3936,3,Not Graduate,No,802000,4360000,10,759,481000,1461000,2023000,1390000,Approved
3937,3,Graduate,No,1527000,5000000,10,620,1724000,192000,4091000,1477000,Approved
3938,2,Graduate,Yes,950000,3701000,25,554,1126000,2299000,1715000,1767000,Approved
3939,0,Graduate,No,732000,1617000,20,656,1237000,1109000,1751000,1311000,Approved
3940,1,Not Graduate,No,1832000,5000000,25,572,5952000,3873000,7228000,1518000,Approved
3941,0,Graduate,Yes,754000,2048000,20,758,1200000,1472000,1677000,1410000,Approved
3942,5,Not Graduate,Yes,574000,2744000,20,650,775000,313000,492000,94000,Rejected
3943,3,Graduate,No,406000,2626000,10,637,214000,293000,839000,545000,Rejected
3944,0,Graduate,Yes,1105000,4175000,10,700,1693000,768000,868000,1524000,Approved
3945,2,Graduate,No,1564000,4497000,15,565,731000,882000,4354000,2640000,Approved
3946,1,Graduate,No,677000,3957000,20,540,994000,27000,2449000,656000,Rejected
3947,0,Not Graduate,No,1638000,5000000,10,685,5564000,3386000,4481000,850000,Approved
3948,1,Graduate,No,195000,1063000,25,557,405000,262000,687000,27000,Rejected
3949,0,Not Graduate,Yes,675000,5000000,20,556,654000,998000,1983000,649000,Rejected
3950,1,Not Graduate,No,682000,2556000,15,721,858000,838000,1232000,637000,Rejected
3951,1,Not Graduate,No,436000,2213000,25,695,928000,136000,959000,325000,Approved
3952,2,Graduate,Yes,3296000,5000000,20,543,1192000,3593000,7175000,4255000,Approved
3953,2,Not Graduate,No,671000,4127000,20,597,2133000,493000,1094000,729000,Rejected
3954,2,Graduate,No,537000,3495000,15,573,1155000,1198000,248000,148000,Rejected
3955,1,Graduate,No,712000,4724000,15,801,1335000,1248000,2020000,102000,Approved
3956,2,Graduate,No,190000,996000,5,727,492000,77000,54000,339000,Rejected
3957,2,Not Graduate,No,427000,2227000,20,614,402000,749000,383000,639000,Rejected
3958,5,Not Graduate,No,1326000,5000000,20,699,490000,1818000,2480000,1264000,Approved
3959,0,Graduate,No,465000,2876000,25,535,1055000,95000,1837000,473000,Rejected
3960,2,Not Graduate,Yes,408000,2456000,25,593,331000,71000,529000,111000,Rejected
3961,1,Graduate,No,1640000,5000000,10,659,556000,604000,5247000,925000,Approved
3962,1,Graduate,No,1673000,5000000,25,688,5475000,3390000,2904000,2774000,Approved
3963,2,Graduate,No,980000,3349000,10,642,2766000,2033000,945000,290000,Approved
3964,3,Graduate,Yes,521000,1529000,5,671,347000,792000,106000,132000,Rejected
3965,5,Graduate,No,599000,2439000,20,657,1898000,23000,267000,682000,Approved
3966,2,Not Graduate,No,415000,1462000,25,636,214000,329000,716000,701000,Rejected
3967,1,Not Graduate,No,367000,2194000,25,625,1053000,368000,609000,290000,Rejected
3968,3,Graduate,No,355000,1202000,20,614,577000,252000,903000,465000,Rejected
3969,1,Graduate,No,468000,2779000,10,670,916000,680000,160000,847000,Rejected
3970,2,Graduate,No,357000,1813000,10,685,871000,56000,431000,638000,Approved
3971,4,Not Graduate,No,253000,737000,5,667,156000,13000,48000,243000,Rejected
3972,2,Graduate,No,807000,2865000,20,550,2586000,1186000,2825000,505000,Rejected
3973,2,Graduate,No,815000,4181000,15,565,619000,539000,1345000,952000,Rejected
3974,0,Graduate,No,2115000,5000000,10,684,7007000,3630000,5031000,3917000,Approved
3975,0,Graduate,No,453000,1988000,15,775,269000,881000,1301000,624000,Approved
3976,5,Not Graduate,No,849000,2884000,20,663,722000,1297000,972000,1624000,Approved
3977,0,Graduate,No,858000,3235000,20,615,415000,2123000,537000,1012000,Rejected
3978,1,Graduate,No,594000,1527000,15,669,934000,955000,1404000,54000,Approved
3979,2,Graduate,No,1136000,2443000,15,553,2489000,2195000,4116000,1049000,Approved
3980,1,Graduate,No,1159000,5000000,20,761,2666000,1857000,4150000,2099000,Approved
3981,0,Graduate,No,866000,2233000,20,666,2556000,1744000,1128000,100000,Approved
3982,1,Graduate,No,593000,1630000,15,593,1181000,579000,675000,744000,Approved
3983,2,Graduate,No,555000,4010000,5,636,1072000,603000,821000,437000,Rejected
3984,2,Graduate,No,288000,1723000,25,605,387000,241000,304000,241000,Rejected
3985,3,Graduate,No,415000,1916000,20,761,989000,598000,1603000,480000,Approved
3986,1,Graduate,No,467000,2753000,10,633,1498000,437000,110000,398000,Approved
3987,4,Graduate,No,337000,2565000,20,663,484000,832000,285000,622000,Rejected
3988,1,Graduate,No,932000,2420000,20,699,1342000,1405000,196000,599000,Approved
3989,1,Not Graduate,No,1524000,5000000,10,587,2132000,1279000,5228000,2333000,Approved
3990,4,Graduate,No,388000,2779000,10,666,399000,493000,752000,89000,Rejected
3991,4,Not Graduate,No,842000,5000000,25,673,1780000,1643000,833000,589000,Rejected
3992,1,Graduate,No,357000,2844000,20,518,228000,719000,586000,128000,Rejected
3993,1,Graduate,No,574000,2229000,10,671,1706000,914000,295000,275000,Approved
3994,4,Graduate,No,447000,3428000,20,646,331000,3000,232000,514000,Approved
3995,0,Graduate,Yes,1035000,4204000,15,661,887000,2248000,3926000,742000,Rejected
3996,1,Graduate,No,450000,2831000,20,653,234000,1024000,1267000,65000,Rejected
3997,2,Not Graduate,No,1351000,5000000,15,672,2054000,2944000,3500000,2342000,Approved
3998,3,Graduate,No,597000,1806000,5,764,1627000,1002000,1160000,816000,Approved
3999,2,Graduate,No,459000,1484000,10,550,1474000,31000,923000,878000,Rejected
4000,2,Graduate,No,310000,1701000,25,621,524000,737000,964000,499000,Rejected
4001,5,Graduate,Yes,825000,5000000,20,707,868000,140000,251000,941000,Rejected
4002,0,Graduate,No,1253000,3100000,20,691,3285000,468000,3387000,1188000,Approved
4003,3,Graduate,No,836000,5000000,5,689,2092000,1312000,1878000,1585000,Rejected
4004,0,Graduate,No,3000000,5000000,20,884,7444000,3464000,3888000,2630000,Approved
4005,3,Graduate,No,1773000,5000000,15,702,3048000,3345000,1669000,1973000,Rejected
4006,2,Not Graduate,Yes,573000,2314000,20,746,1208000,907000,1983000,402000,Approved
4007,1,Graduate,No,569000,4250000,15,624,284000,6000,2124000,340000,Rejected
4008,2,Graduate,No,950000,2646000,20,566,1045000,1527000,450000,1614000,Approved
4009,4,Graduate,No,406000,2211000,5,623,1326000,871000,310000,216000,Approved
4010,2,Graduate,No,1494000,4316000,5,711,648000,3183000,4036000,494000,Approved
4011,0,Graduate,Yes,885000,5000000,20,685,1120000,348000,2760000,1301000,Approved
4012,0,Graduate,No,827000,5000000,10,684,848000,718000,1667000,1398000,Approved
4013,2,Graduate,No,1094000,3723000,5,632,784000,327000,4064000,2034000,Approved
4014,3,Graduate,No,2145000,5000000,25,618,6988000,4030000,7518000,2897000,Rejected
4015,2,Graduate,No,782000,3354000,15,635,550000,1227000,463000,570000,Rejected
4016,1,Graduate,No,650000,2881000,20,712,1213000,787000,426000,680000,Approved
4017,3,Graduate,No,1866000,5000000,20,721,5573000,1398000,812000,771000,Approved
4018,1,Graduate,No,1313000,5000000,20,564,410000,2584000,4614000,609000,Rejected
4019,0,Graduate,No,568000,2594000,5,715,368000,1124000,1292000,1021000,Rejected
4020,2,Not Graduate,Yes,702000,4434000,20,595,979000,862000,2648000,1197000,Rejected
4021,2,Graduate,Yes,795000,3774000,20,690,614000,247000,2340000,472000,Rejected
4022,5,Graduate,No,886000,2454000,15,634,784000,1031000,2618000,702000,Approved
4023,2,Not Graduate,No,290000,767000,20,783,636000,650000,171000,557000,Approved
4024,1,Graduate,No,257000,1017000,25,614,217000,375000,135000,209000,Rejected
4025,3,Graduate,No,393000,2208000,10,665,921000,741000,1466000,271000,Approved
4026,1,Not Graduate,No,374000,1051000,10,702,1208000,276000,741000,165000,Approved
4027,5,Graduate,No,461000,2444000,20,576,477000,395000,1833000,390000,Rejected
4028,1,Not Graduate,No,1057000,3824000,15,644,1035000,309000,1437000,802000,Rejected
4029,4,Not Graduate,Yes,627000,3870000,20,627,211000,537000,1582000,930000,Rejected
4030,4,Graduate,No,795000,1725000,10,606,276000,337000,1855000,578000,Approved
4031,4,Graduate,Yes,316000,1521000,5,613,496000,426000,115000,298000,Rejected
4032,0,Graduate,No,519000,1201000,20,745,968000,511000,1102000,351000,Approved
4033,4,Graduate,No,1025000,4083000,25,599,907000,2142000,3798000,690000,Rejected
4034,3,Graduate,No,1031000,2158000,10,698,1375000,986000,1928000,557000,Approved
4035,1,Not Graduate,No,437000,2104000,25,677,327000,232000,849000,446000,Approved
4036,2,Graduate,No,778000,5000000,15,531,1929000,164000,2204000,690000,Rejected
4037,2,Not Graduate,No,2923000,5000000,5,694,4552000,1846000,9192000,474000,Approved
4038,4,Graduate,No,692000,4437000,20,530,1834000,1206000,2304000,1290000,Rejected
4039,3,Graduate,No,446000,2455000,15,703,919000,698000,831000,326000,Approved
4040,2,Not Graduate,No,625000,3142000,20,607,942000,969000,1145000,955000,Approved
4041,3,Graduate,Yes,743000,4158000,15,651,1712000,1594000,1446000,1351000,Approved
4042,1,Graduate,No,634000,2546000,15,540,205000,401000,2459000,46000,Rejected
4043,2,Graduate,No,686000,4296000,10,660,1721000,807000,2555000,199000,Approved
4044,3,Graduate,No,274000,1830000,20,729,408000,115000,693000,116000,Rejected
4045,2,Graduate,No,374000,2494000,25,581,727000,205000,452000,665000,Rejected
4046,3,Graduate,No,635000,2297000,15,598,1254000,589000,2293000,707000,Approved
4047,2,Not Graduate,No,629000,3726000,15,689,1313000,1112000,482000,413000,Approved
4048,1,Graduate,Yes,484000,1398000,25,691,1233000,1009000,250000,66000,Rejected
4049,3,Not Graduate,No,624000,3103000,10,443,408000,479000,1071000,74000,Rejected
4050,0,Not Graduate,No,728000,1467000,20,821,1358000,724000,2019000,856000,Approved
4051,5,Graduate,No,1248000,3946000,20,695,706000,2770000,381000,1774000,Approved
4052,4,Not Graduate,No,656000,3799000,25,709,688000,1280000,866000,526000,Approved
4053,4,Not Graduate,No,907000,5000000,15,638,821000,1565000,2864000,554000,Rejected
4054,4,Graduate,No,492000,1129000,15,492,1090000,501000,1314000,798000,Rejected
4055,2,Graduate,No,1015000,5000000,15,707,2273000,865000,436000,1764000,Approved
4056,2,Not Graduate,No,894000,5000000,5,602,2645000,1617000,793000,713000,Approved
4057,3,Not Graduate,No,1229000,5000000,10,696,2421000,287000,3599000,1855000,Rejected
4058,1,Not Graduate,No,1113000,5000000,25,631,2986000,1512000,618000,1943000,Rejected
4059,4,Graduate,No,1026000,2686000,15,670,3227000,156000,141000,813000,Approved
4060,1,Not Graduate,Yes,657000,1892000,5,584,478000,1024000,2609000,239000,Approved
4061,4,Graduate,No,821000,4774000,15,723,2140000,1167000,2048000,631000,Approved
4062,2,Not Graduate,Yes,1397000,4601000,15,549,1885000,209000,2477000,239000,Rejected
4063,4,Graduate,No,458000,3467000,20,841,545000,481000,1112000,55000,Rejected
4064,2,Not Graduate,Yes,465000,3499000,5,840,1572000,224000,1262000,771000,Approved
4065,2,Not Graduate,No,788000,5000000,20,789,757000,1572000,1602000,1350000,Approved
4066,4,Graduate,No,917000,3446000,20,758,2959000,2094000,2445000,1203000,Approved
4067,2,Not Graduate,Yes,410000,2584000,10,643,1204000,323000,1174000,705000,Rejected
4068,1,Graduate,No,667000,3987000,20,749,2075000,49000,534000,1250000,Rejected
4069,0,Graduate,No,659000,1459000,15,642,1433000,1479000,1155000,915000,Approved
4070,2,Graduate,No,166000,597000,15,518,360000,350000,214000,303000,Rejected
4071,2,Graduate,No,607000,1967000,25,778,964000,1209000,1948000,1119000,Approved
4072,2,Graduate,No,632000,2670000,25,746,1000000,563000,1961000,370000,Approved
4073,0,Graduate,No,631000,4870000,15,647,1907000,126000,2058000,1200000,Rejected
4074,0,Graduate,No,1757000,5000000,15,546,2707000,4282000,3173000,3459000,Rejected
4075,4,Graduate,No,318000,1196000,15,600,591000,392000,745000,189000,Rejected
4076,3,Graduate,No,410000,2124000,20,495,1430000,366000,1169000,522000,Rejected
4077,0,Not Graduate,No,128000,404000,20,730,184000,249000,174000,61000,Approved
4078,0,Graduate,No,512000,1876000,10,514,1501000,858000,2003000,419000,Rejected
4079,0,Graduate,No,541000,1293000,25,674,642000,57000,853000,685000,Approved
4080,3,Graduate,No,502000,2940000,20,578,191000,1203000,1102000,62000,Approved
4081,3,Not Graduate,No,1438000,5000000,10,529,3162000,1999000,4781000,1885000,Rejected
4082,2,Graduate,No,1225000,5000000,25,670,2247000,576000,3692000,1222000,Rejected
4083,3,Not Graduate,Yes,736000,5000000,20,622,2074000,29000,1513000,214000,Rejected
4084,4,Not Graduate,No,550000,1628000,15,721,172000,759000,931000,762000,Approved
4085,1,Not Graduate,No,1364000,5000000,20,542,717000,2026000,3525000,2575000,Rejected
4086,1,Graduate,Yes,691000,1940000,25,586,2108000,172000,1243000,38000,Approved
4087,2,Graduate,No,411000,1744000,25,447,756000,560000,990000,371000,Rejected
4088,5,Graduate,No,229000,1166000,15,464,440000,247000,737000,68000,Rejected
4089,2,Graduate,Yes,525000,1206000,20,803,536000,574000,302000,238000,Approved
4090,2,Graduate,No,1143000,3361000,25,827,3730000,2787000,3223000,1153000,Approved
4091,3,Graduate,No,3074000,5000000,25,658,9917000,2274000,953000,1900000,Approved
4092,0,Graduate,No,729000,2016000,5,580,1424000,1611000,2160000,959000,Rejected
4093,2,Graduate,No,426000,3240000,20,625,425000,367000,390000,241000,Rejected
4094,3,Graduate,Yes,324000,1208000,25,724,1116000,145000,656000,507000,Rejected
4095,5,Graduate,No,1002000,5000000,5,606,3162000,381000,1144000,409000,Rejected
4096,0,Graduate,No,222000,1771000,15,670,437000,522000,301000,404000,Rejected
4097,2,Graduate,No,1001000,5000000,20,649,2307000,58000,2555000,831000,Approved
4098,4,Graduate,No,1191000,5000000,20,602,2033000,653000,2122000,188000,Rejected
4099,3,Graduate,No,930000,5000000,20,605,892000,792000,1861000,227000,Rejected
4100,2,Not Graduate,No,607000,2024000,5,675,1506000,997000,2425000,661000,Approved
4101,1,Not Graduate,Yes,1011000,3111000,20,567,2468000,950000,581000,1847000,Approved
4102,1,Graduate,No,782000,4076000,15,688,1604000,40000,1250000,825000,Rejected
4103,1,Graduate,No,422000,1926000,20,610,1226000,545000,915000,392000,Rejected
4104,1,Graduate,No,2331000,5000000,15,661,4070000,5154000,7630000,3629000,Rejected
4105,3,Not Graduate,No,557000,1254000,5,768,1702000,1235000,669000,274000,Approved
4106,3,Graduate,No,1159000,5000000,25,636,1153000,2873000,1896000,1587000,Approved
4107,3,Graduate,Yes,145000,908000,20,728,490000,124000,479000,69000,Approved
4108,0,Graduate,No,1605000,5000000,15,498,1535000,491000,3480000,2726000,Rejected
4109,1,Not Graduate,No,1819000,5000000,15,610,1478000,316000,6255000,3217000,Rejected
4110,3,Graduate,No,714000,2483000,20,652,1593000,1548000,251000,307000,Approved
4111,0,Not Graduate,No,1007000,5000000,25,813,602000,1884000,1228000,332000,Approved
4112,0,Graduate,Yes,1006000,5000000,15,483,842000,1578000,2289000,1469000,Rejected
4113,1,Not Graduate,No,461000,1027000,25,642,1214000,573000,265000,610000,Approved
4114,1,Not Graduate,No,999000,2462000,15,774,1285000,1142000,1977000,1261000,Approved
4115,0,Graduate,Yes,414000,2779000,20,583,1184000,511000,70000,432000,Rejected
4116,1,Graduate,No,471000,2546000,15,632,376000,428000,974000,142000,Rejected
4117,4,Graduate,No,1456000,5000000,10,678,2232000,1728000,5372000,2116000,Approved
4118,0,Not Graduate,No,1319000,5000000,25,666,2026000,694000,5010000,483000,Rejected
4119,2,Graduate,No,442000,1523000,10,783,812000,130000,594000,490000,Approved
4120,2,Graduate,No,435000,1289000,25,688,702000,230000,49000,316000,Approved
4121,2,Not Graduate,Yes,460000,2614000,10,763,707000,1117000,1682000,320000,Rejected
4122,2,Graduate,No,1127000,5000000,15,619,1523000,2791000,2606000,1885000,Approved
4123,0,Not Graduate,No,365000,1311000,25,587,127000,686000,863000,343000,Approved
4124,0,Graduate,No,883000,5000000,20,631,2007000,1848000,2895000,894000,Approved
4125,2,Graduate,No,1137000,3314000,10,551,2064000,294000,1858000,2044000,Rejected
4126,5,Not Graduate,No,661000,2004000,20,691,988000,203000,1149000,753000,Approved
4127,2,Graduate,No,1350000,5000000,10,617,1318000,313000,4618000,2177000,Approved
4128,2,Graduate,Yes,574000,1554000,25,593,1810000,91000,1158000,995000,Rejected
4129,5,Graduate,Yes,609000,1307000,5,692,646000,1138000,1809000,856000,Approved
4130,3,Graduate,No,371000,2467000,20,553,1205000,52000,1347000,123000,Rejected
4131,3,Graduate,No,1356000,5000000,5,715,1350000,3217000,2217000,383000,Approved
4132,2,Graduate,Yes,425000,1861000,20,609,1449000,695000,1516000,381000,Rejected
4133,4,Graduate,Yes,879000,5000000,25,749,1445000,376000,1210000,152000,Rejected
4134,2,Graduate,No,668000,2057000,20,617,1339000,1365000,2489000,425000,Approved
4135,3,Graduate,No,353000,2083000,15,704,443000,727000,456000,161000,Approved
4136,3,Not Graduate,No,471000,1828000,10,665,1557000,664000,477000,59000,Approved
4137,2,Not Graduate,No,1720000,4516000,10,713,2071000,391000,5007000,1425000,Approved
4138,5,Graduate,No,798000,4888000,25,659,2104000,800000,2949000,427000,Rejected
4139,5,Not Graduate,Yes,363000,1420000,10,509,133000,498000,1124000,90000,Rejected
4140,2,Graduate,No,854000,5000000,20,736,1783000,1588000,2550000,1259000,Approved
4141,1,Graduate,No,637000,4787000,15,643,1703000,475000,2481000,1165000,Rejected
4142,3,Graduate,No,5000000,5000000,25,717,9034000,10914000,11370000,6302000,Approved
4143,1,Not Graduate,No,843000,3316000,20,709,1988000,528000,3003000,1570000,Approved
4144,2,Graduate,Yes,547000,1870000,20,584,1509000,1365000,134000,205000,Rejected
4145,0,Graduate,No,1762000,5000000,25,572,3349000,507000,1084000,2727000,Approved
4146,3,Not Graduate,No,212000,1000000,25,706,212000,441000,246000,180000,Approved
4147,5,Not Graduate,No,744000,4647000,20,624,1168000,246000,2820000,747000,Rejected
4148,0,Not Graduate,No,2559000,5000000,20,730,6752000,4858000,2221000,3443000,Approved
4149,3,Not Graduate,No,649000,2379000,20,635,758000,1399000,1035000,1024000,Approved
4150,4,Graduate,No,227000,616000,15,737,527000,178000,54000,38000,Rejected
4151,0,Graduate,No,541000,3110000,5,686,419000,137000,219000,437000,Rejected
4152,1,Not Graduate,No,1802000,5000000,20,674,5905000,4505000,4275000,2778000,Rejected
4153,1,Graduate,No,894000,3237000,20,618,1993000,2170000,430000,977000,Approved
4154,3,Graduate,No,406000,2236000,10,670,730000,768000,1464000,291000,Approved
4155,2,Not Graduate,Yes,448000,3020000,10,751,1298000,433000,1592000,58000,Approved
4156,0,Graduate,Yes,487000,1997000,20,645,1388000,164000,1230000,31000,Rejected
4157,1,Graduate,No,885000,3057000,10,695,541000,925000,1456000,778000,Rejected
4158,2,Graduate,No,1671000,5000000,20,654,2143000,3009000,5953000,1659000,Approved
4159,0,Not Graduate,Yes,1387000,5000000,20,661,2451000,528000,2777000,689000,Approved
4160,2,Not Graduate,Yes,942000,5000000,15,796,1309000,40000,794000,1516000,Approved
4161,0,Graduate,No,295000,851000,15,752,388000,667000,427000,431000,Approved
4162,3,Graduate,No,295000,2164000,15,657,421000,516000,447000,123000,Rejected
4163,3,Not Graduate,Yes,990000,5000000,15,668,747000,1717000,2338000,412000,Rejected
4164,4,Graduate,No,292000,1814000,20,590,199000,691000,486000,507000,Rejected
4165,0,Graduate,No,605000,2346000,20,635,685000,788000,1991000,1115000,Approved
4166,2,Graduate,Yes,853000,1820000,25,676,447000,678000,2170000,1680000,Approved
4167,3,Graduate,No,334000,1685000,5,722,646000,759000,362000,464000,Approved
4168,2,Graduate,No,360000,1337000,20,714,284000,887000,601000,670000,Rejected
4169,0,Not Graduate,No,658000,2460000,15,556,340000,34000,1922000,223000,Rejected
4170,0,Graduate,No,971000,5000000,20,733,2892000,803000,1014000,343000,Approved
4171,2,Not Graduate,No,1396000,4073000,5,642,3043000,1265000,638000,183000,Approved
4172,2,Graduate,No,1039000,5000000,20,566,3299000,289000,2986000,1143000,Approved
4173,4,Graduate,No,734000,3687000,20,764,2530000,407000,1237000,353000,Approved
4174,3,Not Graduate,No,431000,3030000,15,774,948000,26000,252000,500000,Approved
4175,3,Graduate,No,349000,1292000,25,672,994000,608000,688000,23000,Rejected
4176,5,Graduate,No,502000,2913000,10,710,407000,134000,1147000,543000,Approved
4177,3,Graduate,No,914000,4880000,10,715,2317000,2028000,183000,1630000,Rejected
4178,0,Not Graduate,No,871000,5000000,20,769,1793000,1272000,2774000,1276000,Approved
4179,0,Not Graduate,No,179000,551000,20,712,441000,159000,361000,137000,Approved
4180,3,Graduate,Yes,420000,1356000,15,537,267000,849000,84000,77000,Rejected
4181,1,Not Graduate,No,1532000,5000000,15,821,5047000,2492000,5302000,809000,Approved
4182,4,Graduate,No,737000,1907000,10,741,1206000,1387000,1756000,760000,Approved
4183,0,Graduate,No,279000,1620000,25,607,776000,612000,1076000,154000,Rejected
4184,1,Graduate,Yes,3237000,5000000,20,562,11232000,6536000,3874000,5063000,Approved
4185,3,Not Graduate,Yes,687000,1691000,15,693,2126000,1338000,1174000,1287000,Rejected
4186,4,Graduate,No,899000,5000000,15,626,1166000,1640000,2414000,354000,Approved
4187,4,Graduate,Yes,908000,4820000,25,678,1440000,857000,3327000,55000,Approved
4188,0,Not Graduate,No,551000,2996000,25,713,1309000,898000,1755000,118000,Rejected
4189,1,Graduate,No,436000,2111000,5,602,881000,617000,1137000,704000,Rejected
4190,3,Graduate,No,2780000,5000000,20,555,4484000,6696000,8903000,430000,Rejected
4191,4,Graduate,No,1344000,5000000,10,683,3213000,1683000,632000,2023000,Approved
4192,1,Graduate,No,1194000,4364000,10,605,3833000,662000,3492000,1003000,Rejected
4193,2,Graduate,No,1018000,4012000,25,662,1314000,1165000,2399000,897000,Approved
4194,0,Graduate,Yes,365000,1437000,25,536,259000,378000,427000,538000,Rejected
4195,3,Not Graduate,No,1606000,5000000,10,629,3955000,1881000,1655000,1083000,Rejected
4196,0,Not Graduate,No,405000,1656000,25,711,886000,588000,496000,660000,Approved
4197,5,Not Graduate,No,842000,5000000,20,702,2693000,1996000,488000,197000,Rejected
4198,0,Graduate,Yes,241000,1127000,20,583,645000,169000,281000,350000,Rejected
4199,3,Graduate,No,186000,1050000,20,551,292000,451000,70000,337000,Rejected
4200,3,Graduate,No,861000,5000000,20,651,2003000,1678000,2345000,319000,Approved
4201,1,Graduate,No,414000,2105000,25,698,1267000,189000,869000,469000,Approved
4202,1,Graduate,No,192000,931000,10,684,271000,135000,115000,250000,Approved
4203,2,Graduate,Yes,995000,3584000,20,606,343000,2262000,2805000,307000,Approved
4204,2,Graduate,No,2777000,5000000,15,675,6399000,5563000,2206000,3081000,Approved
4205,3,Not Graduate,Yes,1727000,5000000,20,778,661000,619000,3506000,936000,Approved
4206,2,Graduate,No,592000,4180000,10,667,1954000,865000,2184000,900000,Approved
4207,0,Not Graduate,No,704000,3051000,15,511,590000,488000,2160000,815000,Rejected
4208,4,Graduate,No,1246000,3457000,20,667,1866000,1962000,2963000,1060000,Approved
4209,0,Not Graduate,No,1452000,4995000,15,824,4832000,630000,3457000,2175000,Approved
4210,2,Graduate,No,560000,2916000,15,541,311000,493000,196000,827000,Rejected
4211,4,Graduate,No,716000,5000000,15,653,225000,695000,1264000,330000,Rejected
4212,4,Graduate,No,851000,3237000,20,631,538000,1144000,1104000,85000,Approved
4213,0,Graduate,No,1003000,3597000,15,658,3466000,600000,1957000,536000,Rejected
4214,1,Not Graduate,No,642000,2850000,15,667,2189000,1168000,2446000,1137000,Approved
4215,2,Graduate,Yes,647000,5000000,20,747,990000,1309000,2049000,533000,Approved
4216,1,Not Graduate,No,1716000,5000000,25,657,4594000,2746000,4254000,760000,Approved
4217,3,Graduate,Yes,1537000,4454000,20,759,4081000,3470000,4378000,1182000,Approved
4218,2,Not Graduate,No,955000,5000000,10,640,592000,1887000,2817000,761000,Approved
4219,1,Graduate,No,2140000,5000000,25,620,2252000,235000,4023000,2002000,Approved
4220,2,Graduate,No,545000,3601000,20,593,1714000,115000,1896000,506000,Rejected
4221,3,Not Graduate,No,2010000,5000000,20,496,1669000,3316000,5040000,1269000,Rejected
4222,3,Graduate,No,996000,5000000,20,673,1959000,1797000,2966000,631000,Approved
4223,1,Graduate,Yes,5000000,5000000,5,825,5406000,12099000,715000,8048000,Approved
4224,0,Graduate,No,322000,1033000,20,689,671000,3000,708000,432000,Approved
4225,1,Graduate,Yes,447000,1044000,20,708,415000,265000,680000,615000,Approved
4226,2,Not Graduate,No,919000,3875000,15,615,910000,1911000,290000,387000,Approved
4227,3,Graduate,Yes,906000,2149000,5,629,407000,2019000,2374000,1798000,Rejected
4228,4,Not Graduate,No,2487000,5000000,10,734,8626000,2888000,9257000,546000,Approved
4229,5,Not Graduate,Yes,453000,3159000,20,821,300000,548000,1340000,626000,Approved
4230,2,Not Graduate,No,1261000,5000000,10,776,2055000,2691000,519000,1891000,Approved
4231,4,Graduate,No,1490000,3285000,20,718,2438000,1713000,478000,851000,Approved
4232,1,Graduate,No,1107000,2676000,20,653,1408000,2179000,1600000,222000,Approved
4233,2,Not Graduate,No,375000,2257000,15,668,1065000,889000,386000,558000,Rejected
4234,2,Not Graduate,No,1748000,5000000,10,586,2413000,1144000,363000,2015000,Approved
4235,3,Graduate,No,1556000,4506000,10,527,3581000,1067000,399000,3008000,Approved
4236,3,Not Graduate,No,1034000,5000000,15,554,2107000,2426000,1495000,1519000,Rejected
4237,1,Graduate,No,799000,2636000,20,654,2449000,848000,496000,1488000,Approved
4238,4,Not Graduate,No,811000,2002000,20,625,2370000,32000,697000,1044000,Rejected
4239,4,Graduate,No,665000,4321000,25,525,663000,835000,2322000,679000,Rejected
4240,4,Not Graduate,No,1062000,5000000,25,647,2868000,1637000,4222000,2010000,Rejected
4241,2,Not Graduate,No,714000,3118000,10,623,2025000,437000,2312000,1176000,Rejected
4242,5,Graduate,No,403000,2481000,20,550,1306000,733000,406000,48000,Rejected
4243,3,Graduate,No,354000,2644000,15,619,1197000,206000,278000,420000,Rejected
4244,3,Not Graduate,No,429000,946000,20,623,1140000,128000,1011000,146000,Approved
4245,2,Not Graduate,No,809000,4665000,15,598,1407000,504000,2554000,1536000,Rejected
4246,4,Graduate,Yes,688000,2277000,15,729,851000,918000,1833000,941000,Approved
4247,3,Not Graduate,No,805000,3900000,20,488,2469000,1722000,2604000,749000,Rejected
4248,2,Graduate,No,969000,4403000,20,481,3130000,1282000,1937000,1862000,Rejected
4249,5,Graduate,Yes,466000,2022000,15,650,285000,989000,1842000,329000,Rejected
4250,1,Not Graduate,No,1815000,5000000,10,658,3764000,291000,5751000,1663000,Approved
4251,3,Graduate,Yes,588000,4008000,20,684,419000,548000,176000,487000,Rejected
4252,1,Not Graduate,Yes,528000,2258000,20,604,583000,574000,802000,162000,Approved
4253,2,Not Graduate,Yes,958000,5000000,20,572,1462000,1920000,2187000,328000,Approved
4254,1,Graduate,Yes,212000,875000,5,649,275000,324000,207000,255000,Approved
4255,1,Graduate,No,419000,2949000,15,612,1086000,822000,701000,78000,Approved
4256,1,Not Graduate,No,1324000,5000000,20,782,732000,1121000,3383000,2470000,Approved
4257,0,Graduate,Yes,226000,975000,20,622,512000,528000,509000,156000,Rejected
4258,0,Graduate,No,1447000,5000000,5,645,3126000,2943000,5006000,978000,Rejected
4259,3,Graduate,No,1869000,5000000,15,860,5269000,4278000,2100000,603000,Approved
4260,1,Graduate,Yes,551000,2698000,15,633,336000,362000,2035000,405000,Rejected
4261,0,Graduate,No,846000,3851000,20,697,1154000,14000,1147000,1182000,Approved
4262,0,Graduate,No,1449000,5000000,10,705,3667000,2230000,5346000,2777000,Approved
4263,1,Not Graduate,No,517000,2849000,20,712,1333000,637000,552000,220000,Rejected
4264,0,Graduate,No,1230000,5000000,25,675,2139000,2395000,2558000,487000,Approved
4265,4,Graduate,No,453000,2965000,15,666,805000,110000,1692000,145000,Rejected
4266,2,Graduate,Yes,513000,2256000,15,659,1738000,764000,606000,600000,Approved
4267,1,Not Graduate,Yes,416000,1963000,5,601,559000,207000,1419000,116000,Rejected
4268,2,Graduate,No,875000,4928000,5,678,683000,1126000,1798000,194000,Approved
4269,0,Graduate,Yes,1486000,5000000,25,822,4977000,588000,2581000,2230000,Approved
